epoch,train_loss,val_loss,val_macro_f1,val_macro_precision,val_macro_recall
1,0.8966221020335243,0.7657801926136016,0.6167154441507144,0.6445467573012483,0.6403925512736562
2,0.6700198123852412,0.7513150850931803,0.6675316977363969,0.6660665743650312,0.6723334159572776
3,0.5276156171446755,0.7855311781167984,0.6568303187930755,0.6577683982032451,0.6571483232319281
4,0.3963140389748982,0.8774973114331563,0.6547436601561217,0.6527851102537755,0.6589682015901204
