epoch,train_loss,val_loss,val_macro_f1,val_macro_precision,val_macro_recall
1,0.9550001045068105,0.8561973094940185,0.6429410482776126,0.6478610963649702,0.6546299467781604
2,0.7806868998777299,0.847217305501302,0.6607519443900832,0.6588256560187874,0.6664558721114282
3,0.675067983354841,0.8722737729549408,0.6578363466544919,0.6584191710027963,0.6573411256029482
4,0.5804930210113526,0.9052928845087688,0.6625083032341096,0.6617142844176648,0.6657554212634236
