epoch,train_loss,val_loss,val_macro_f1,val_macro_precision,val_macro_recall,train_attention_loss,train_target_loss
1,0.9549573605968839,0.8603859861691793,0.6376886466356592,0.6439717972438311,0.6509506148936931,0.0,0.0
2,0.7803674101829529,0.8506334722042084,0.661144678264491,0.6592372414017978,0.6664138859590579,0.0,0.0
3,0.675759391273771,0.8800337294737498,0.659720122241867,0.661269238800596,0.6584488010460875,0.0,0.0
4,0.5797493523075468,0.9082848846912384,0.6584088099395421,0.6566682984009005,0.6625505055121684,0.0,0.0
