epoch,epoch_seconds,train_loss,train_loss_std,train_cls_loss,train_attention_loss,train_target_loss,train_accuracy,train_grad_norm_mean,train_grad_norm_max,val_loss,val_macro_f1,val_macro_precision,val_macro_recall,val_accuracy,val_f1_hatespeech,val_f1_offensive,val_f1_normal,val_precision_hatespeech,val_precision_offensive,val_precision_normal,val_recall_hatespeech,val_recall_offensive,val_recall_normal,learning_rate,amp_scale,early_stop_counter,val_cm_0_0,val_cm_0_1,val_cm_0_2,val_cm_1_0,val_cm_1_1,val_cm_1_2,val_cm_2_0,val_cm_2_1,val_cm_2_2
1,10.583,2.139452386470068,0.2696297858556912,0.9719448254221962,1.167507560196377,0.0,0.5433633588922802,inf,inf,0.859037454922994,0.6410041187546477,0.6570970009665847,0.6403256099196389,0.6375,0.7335701598579041,0.5199386503067485,0.6695035460992907,0.774859287054409,0.44841269841269843,0.7480190174326465,0.6964586846543002,0.6186131386861314,0.6059050064184852,1.7777777777777777e-05,32768.0,0,413,143,37,87,339,122,33,274,472
2,10.656,1.9256782191140311,0.22785784253772834,0.8060324030263083,1.119645818358376,0.0,0.6968659271942231,3.4554932333174206,6.149420738220215,0.8408987780412038,0.648155116109462,0.6526933157513285,0.6504940250331642,0.6505208333333333,0.736318407960199,0.5190713101160862,0.6890756302521008,0.7243066884176182,0.4756838905775076,0.7580893682588598,0.7487352445193929,0.5711678832116789,0.631578947368421,1.3333333333333333e-05,32768.0,0,444,115,34,112,313,123,57,230,492
3,10.474,1.8477888595490228,0.23640151916032215,0.7372881855283465,1.1105006762913294,0.0,0.7427231444949006,4.03793013322921,7.338917255401611,0.8427535633246104,0.6612966086654883,0.6615478025524119,0.6632260696299531,0.6682291666666667,0.7487684729064039,0.5153374233128835,0.7197839297771775,0.7296,0.4957841483979764,0.7592592592592593,0.7689713322091062,0.5364963503649635,0.6842105263157895,8.888888888888888e-06,32768.0,0,456,103,34,119,294,135,50,196,533
4,10.486,1.7870187725339617,0.22441327362903074,0.6770533377215976,1.1099654376506805,0.0,0.7873148217077347,inf,inf,0.8835271795590719,0.6540679617935811,0.6688306744920597,0.6622264578998137,0.6546875,0.7509881422924901,0.5354581673306773,0.6757575757575758,0.7068452380952381,0.4752475247524752,0.8243992606284658,0.8010118043844857,0.6131386861313869,0.5725288831835686,4.444444444444444e-06,16384.0,1,475,103,15,132,336,80,65,268,446
