epoch,train_loss,val_loss,val_macro_f1,val_macro_precision,val_macro_recall,train_attention_loss,train_target_loss
1,0.9684030904656364,0.8544918537139893,0.6289827480276065,0.6300172574178999,0.6383919913037918,0.0,0.0
2,0.7973482478232611,0.8466750979423523,0.6562621625712515,0.654456067411416,0.6597821030089732,0.0,0.0
3,0.7208921767416454,0.8432942271232605,0.6643855024435251,0.6633082497212932,0.6662171899340029,0.0,0.0
4,0.658305447442191,0.8769156197706859,0.6613558698712981,0.6621159621159621,0.6689094179745934,0.0,0.0
5,0.6107605586449305,0.8989057044188181,0.6555058066790914,0.6581641451803137,0.6615640389792664,0.0,0.0
