epoch,epoch_seconds,train_loss,train_loss_std,train_cls_loss,train_attention_loss,train_target_loss,train_accuracy,train_grad_norm_mean,train_grad_norm_max,val_loss,val_macro_f1,val_macro_precision,val_macro_recall,val_accuracy,val_f1_hatespeech,val_f1_offensive,val_f1_normal,val_precision_hatespeech,val_precision_offensive,val_precision_normal,val_recall_hatespeech,val_recall_offensive,val_recall_normal,learning_rate,amp_scale,early_stop_counter,val_cm_0_0,val_cm_0_1,val_cm_0_2,val_cm_1_0,val_cm_1_1,val_cm_1_2,val_cm_2_0,val_cm_2_1,val_cm_2_2
1,10.371,0.9779517849286398,0.10206699932078964,0.9779517849286398,0.0,0.0,0.5127670661803022,inf,inf,0.8619365453720093,0.6358439074888024,0.6538037732003413,0.6407356036572949,0.6322916666666667,0.7593671940049959,0.5076219512195121,0.640542577241899,0.75,0.43586387434554974,0.7755474452554745,0.7689713322091062,0.6076642335766423,0.5455712451861361,1.7777777777777777e-05,16384.0,0,456,120,17,109,333,106,43,311,425
2,10.46,0.817461698679697,0.06934270483512037,0.817461698679697,0.0,0.0,0.689123799598005,3.5877715916860673,7.507160186767578,0.8403803924719493,0.6476158874384425,0.6472190887937129,0.6531323752779657,0.6572916666666667,0.7511737089201878,0.48692515779981965,0.70474879559532,0.7007299270072993,0.48128342245989303,0.7596439169139466,0.8094435075885329,0.4927007299270073,0.6572528883183568,1.3333333333333333e-05,16384.0,0,480,84,29,145,270,133,60,207,512
3,9.64,0.7382617615518116,0.06986451353116752,0.7382617615518116,0.0,0.0,0.7489019578649594,4.1653152829124815,10.40412425994873,0.8476555844148,0.6631256035327964,0.668887092654806,0.6649247496119738,0.6645833333333333,0.757753562447611,0.5299425758818704,0.7016806722689075,0.7533333333333333,0.481371087928465,0.7719568567026194,0.7622259696458684,0.5894160583941606,0.6431322207958922,8.888888888888888e-06,16384.0,0,452,110,31,108,323,117,40,238,501
4,10.274,0.6731879347846621,0.06878956596670492,0.6731879347846621,0.0,0.0,0.7960991587880593,5.0169278337841945,10.39856243133545,0.8659097790718079,0.6707952005490875,0.6722286624918379,0.6722159426900897,0.6760416666666667,0.7564422277639236,0.531384350816853,0.7245590230664858,0.7459016393442623,0.5024390243902439,0.7683453237410072,0.7672849915682968,0.5638686131386861,0.6854942233632862,4.444444444444444e-06,16384.0,1,455,101,37,115,309,124,40,205,534
