epoch,train_loss,val_loss,val_macro_f1,val_macro_precision,val_macro_recall,train_attention_loss,train_target_loss
1,0.9765074829260508,0.8617320120334625,0.624835486785523,0.6374792605487919,0.6365301662959756,0.0,0.0
2,0.8031170944372813,0.8474005023638408,0.6593238941269223,0.6580147297580567,0.6621353039957812,0.0,0.0
3,0.7278139500390916,0.8470661520957947,0.6625568035214213,0.661047879628334,0.6647910222814082,0.0,0.0
4,0.6636303473086584,0.8735979855060577,0.6692938664807286,0.6692322948966959,0.6743506776883121,0.0,0.0
5,0.615120440579596,0.9013163288434346,0.6580730118646239,0.6609033447055993,0.6639090734316394,0.0,0.0
