epoch,train_loss,val_loss,val_macro_f1,val_macro_precision,val_macro_recall,train_attention_loss,train_target_loss
1,1.012961081379936,0.8812417586644491,0.6431233799108055,0.6423984517539747,0.6445836860072692,0.0,0.0
2,0.8359934037639981,0.836749396721522,0.6606656996418843,0.670000789299527,0.6583646996990423,0.0,0.0
3,0.7733775689488366,0.8413167953491211,0.6654195051600883,0.6678774898969367,0.6643969534175767,0.0,0.0
4,0.7339933349972679,0.8431629478931427,0.668415817823028,0.67108445305205,0.6699715717695613,0.0,0.0
