epoch,epoch_seconds,train_loss,train_loss_std,train_cls_loss,train_attention_loss,train_target_loss,train_accuracy,train_grad_norm_mean,train_grad_norm_max,val_loss,val_macro_f1,val_macro_precision,val_macro_recall,val_accuracy,val_f1_hatespeech,val_f1_offensive,val_f1_normal,val_precision_hatespeech,val_precision_offensive,val_precision_normal,val_recall_hatespeech,val_recall_offensive,val_recall_normal,learning_rate,amp_scale,early_stop_counter,val_cm_0_0,val_cm_0_1,val_cm_0_2,val_cm_1_0,val_cm_1_1,val_cm_1_2,val_cm_2_0,val_cm_2_1,val_cm_2_2
1,10.574,2.133295016629355,0.2760495791292715,0.9659252493154435,1.1673697670300802,0.0,0.5505099382118663,inf,inf,0.8509407540162405,0.6441689609520357,0.6481576165182723,0.6458711081637497,0.646875,0.744804655029094,0.5025041736227045,0.6851980542043086,0.7344262295081967,0.46307692307692305,0.746969696969697,0.7554806070826307,0.5492700729927007,0.6328626444159179,1.7777777777777777e-05,32768.0,0,448,109,36,116,301,131,46,240,493
2,10.601,1.9256861153103055,0.21134087882672906,0.8027776650020054,1.122908448037647,0.0,0.6982803543512246,4.016646807534354,8.91002368927002,0.8349151770273845,0.6522165440419238,0.658726782137538,0.6558631935514958,0.653125,0.757201646090535,0.5203915171288744,0.6790564689063617,0.7395498392282959,0.47050147492625366,0.7661290322580645,0.7757166947723441,0.5821167883211679,0.6097560975609756,1.3333333333333333e-05,32768.0,0,460,99,34,118,319,111,44,260,475
3,10.311,1.8471712804975964,0.2106296135849547,0.7335000787462507,1.1136712018932615,0.0,0.7479341919154321,inf,inf,0.8517571032047272,0.6670670770727193,0.6695305475133507,0.6708729414862092,0.6703125,0.7693561532192339,0.5325443786982249,0.6993006993006993,0.7444794952681388,0.49606299212598426,0.7680491551459293,0.7959527824620574,0.5748175182481752,0.6418485237483954,8.888888888888888e-06,16384.0,0,472,92,29,111,315,122,51,228,500
4,9.782,1.7866972435088384,0.23169109975787205,0.675853231549263,1.110844011533828,0.0,0.7893992406759472,5.209683632850647,10.065391540527344,0.8692596276601156,0.661054412567386,0.6673593865422719,0.6646223613554597,0.6619791666666667,0.764026402640264,0.5306122448979592,0.6885245901639344,0.7479806138933764,0.48005908419497784,0.7740384615384616,0.7807757166947723,0.593065693430657,0.62002567394095,4.444444444444444e-06,16384.0,1,463,97,33,115,325,108,41,255,483
