epoch,epoch_seconds,train_loss,train_loss_std,train_cls_loss,train_attention_loss,train_target_loss,train_accuracy,train_grad_norm_mean,train_grad_norm_max,val_loss,val_macro_f1,val_macro_precision,val_macro_recall,val_accuracy,val_f1_hatespeech,val_f1_offensive,val_f1_normal,val_precision_hatespeech,val_precision_offensive,val_precision_normal,val_recall_hatespeech,val_recall_offensive,val_recall_normal,learning_rate,amp_scale,early_stop_counter,val_cm_0_0,val_cm_0_1,val_cm_0_2,val_cm_1_0,val_cm_1_1,val_cm_1_2,val_cm_2_0,val_cm_2_1,val_cm_2_2
1,10.523,2.1247807695752097,0.26823894464179676,0.9604000662054334,1.1643807016667866,0.0,0.5447777860492816,inf,inf,0.8544113278388977,0.6296636213307362,0.6337933945177087,0.6336211880027505,0.6328125,0.7544426494345718,0.474036850921273,0.6605113636363636,0.724031007751938,0.43808049535603716,0.739268680445151,0.7875210792580101,0.5164233576642335,0.5969191270860077,1.7777777777777777e-05,32768.0,0,467,97,29,130,283,135,48,266,465
2,10.516,1.932797122001648,0.22532946540952467,0.8082773764928182,1.1245197477794828,0.0,0.6933670810690091,3.8804604575747534,9.426459312438965,0.8448145429293314,0.6406350439596741,0.6405128967945184,0.647628404954367,0.6520833333333333,0.7480798771121352,0.47209515096065874,0.7017301038062284,0.68688293370945,0.47339449541284406,0.7612612612612613,0.821247892074199,0.4708029197080292,0.6508344030808729,1.3333333333333333e-05,32768.0,0,487,76,30,161,258,129,61,211,507
3,10.48,1.8502233244123913,0.2303508246122051,0.7337094857579186,1.1165138429119474,0.0,0.7505397156256979,4.343689630145119,9.386014938354492,0.8604650557041168,0.6576923060172134,0.663659424330228,0.6614006253347956,0.659375,0.7583947583947583,0.524239934264585,0.6904422253922967,0.7372611464968153,0.476831091180867,0.7768860353130016,0.7807757166947723,0.5821167883211679,0.6213093709884467,8.888888888888888e-06,32768.0,0,463,103,27,117,319,112,48,247,484
4,10.51,1.7806176492146084,0.2017485152126015,0.6730632536468052,1.1075543993995303,0.0,0.7943869574927418,5.1404884361085434,9.622491836547852,0.8813066800435384,0.6629694065427142,0.6630222646514475,0.6634108845456549,0.6703125,0.7550335570469798,0.5155555555555555,0.7183191070256073,0.7512520868113522,0.5025996533795494,0.7352150537634409,0.7588532883642496,0.5291970802919708,0.7021822849807445,4.444444444444444e-06,32768.0,1,450,96,47,108,290,150,41,191,547
