epoch,train_loss,val_loss,val_macro_f1,val_macro_precision,val_macro_recall
1,1.0003975365843092,0.8832375665505727,0.6268347764057665,0.6315121914281387,0.6251231886562102
2,0.8491666424842108,0.8472161412239074,0.6457285212754986,0.643617732836142,0.6518194290802902
3,0.7932062694004604,0.843996814886729,0.653864617787932,0.6522009680583128,0.6576256085812858
4,0.7554000161942982,0.8451432347297668,0.6593969594171868,0.6590843150092937,0.661241782158081
5,0.7314679923511687,0.8502088367938996,0.6583012054946362,0.6581675196845881,0.6612121748496685
