epoch,train_loss,val_loss,val_macro_f1,val_macro_precision,val_macro_recall
1,0.9008209271090372,0.7667356232802073,0.6361032806474406,0.6584766514295537,0.6453319970660311
2,0.6854249810888654,0.7427759091059367,0.6595353637584855,0.6595952627342762,0.6641987641887084
3,0.5625247193234307,0.7667714357376099,0.656319633485568,0.6549663126641544,0.6628521274154027
4,0.43821592941170645,0.8639859745899836,0.6640160864216655,0.6633398463988759,0.6658144568011318
