{
  "display_name": "BERT-base",
  "model_name": "bert-base-uncased",
  "seed": 52,
  "best_epoch": 4,
  "best_val_macro_f1": 0.6640160864216655,
  "elapsed_seconds": 293.041610956192,
  "class_weight": {
    "counts": {
      "hatespeech": 4151,
      "offensive": 3830,
      "normal": 5452
    },
    "ratios": {
      "hatespeech": 0.3090151120375195,
      "offensive": 0.28511873743765354,
      "normal": 0.40586615052482694
    },
    "minority_ratio": 0.28511873743765354,
    "use_class_weight": false,
    "threshold": 0.1
  },
  "hyperparams": {
    "split_train": 0.7,
    "split_val": 0.1,
    "split_test": 0.2,
    "max_len": 128,
    "batch_size": 64,
    "epochs": 5,
    "learning_rate": 3e-05,
    "warmup_ratio": 0.1,
    "weight_decay": 0.01,
    "dropout": 0.1,
    "mlp_hidden": 256,
    "early_stopping_patience": 2,
    "early_stopping_min_delta": 0.0001,
    "imbalance_threshold": 0.1,
    "seeds": [
      42,
      52,
      62
    ],
    "tune_learning_rates": [
      1e-05,
      2e-05,
      3e-05
    ],
    "tune_batch_sizes": [
      64
    ],
    "tune_dropouts": [
      0.1,
      0.2,
      0.3
    ],
    "tune_epochs": [
      5
    ],
    "tuning_seed": 42,
    "tuning_max_epochs": 5,
    "xai_sample_size": 24,
    "lime_num_features": 5,
    "lime_num_samples": 500,
    "shap_max_evals": 300,
    "shap_batch_size": 32
  },
  "metrics": {
    "accuracy": 0.6829903620734566,
    "macro_f1": 0.6724077255269969,
    "macro_precision": 0.6709061524648655,
    "macro_recall": 0.674742878299516,
    "auroc": 0.8498792558500835,
    "per_class_precision": {
      "hatespeech": 0.7362204724409449,
      "offensive": 0.5381679389312977,
      "normal": 0.7383300460223537
    },
    "per_class_recall": {
      "hatespeech": 0.7883642495784149,
      "offensive": 0.5150684931506849,
      "normal": 0.7207958921694481
    },
    "per_class_f1": {
      "hatespeech": 0.761400651465798,
      "offensive": 0.5263649090060663,
      "normal": 0.7294576161091263
    },
    "confusion_matrix": [
      [
        935,
        159,
        92
      ],
      [
        225,
        564,
        306
      ],
      [
        110,
        325,
        1123
      ]
    ],
    "loss": 0.8248583753903707
  },
  "prediction_artifact": "/Users/winterflw/HateSpeachStudy/outputs/runs/bert_base/seed_52/predictions.pkl"
}