{
  "display_name": "BERT-base",
  "model_name": "bert-base-uncased",
  "seed": 52,
  "best_epoch": 4,
  "best_val_macro_f1": 0.6593969594171868,
  "elapsed_seconds": 363.15524983406067,
  "class_weight": {
    "counts": {
      "hatespeech": 4151,
      "offensive": 3830,
      "normal": 5452
    },
    "ratios": {
      "hatespeech": 0.3090151120375195,
      "offensive": 0.28511873743765354,
      "normal": 0.40586615052482694
    },
    "minority_ratio": 0.28511873743765354,
    "use_class_weight": true,
    "threshold": 0.4,
    "weights": {
      "hatespeech": 1.0786958965711073,
      "offensive": 1.1691035683202784,
      "normal": 0.8212888236732697
    }
  },
  "hyperparams": {
    "split_train": 0.7,
    "split_val": 0.1,
    "split_test": 0.2,
    "max_len": 128,
    "batch_size": 64,
    "epochs": 5,
    "learning_rate": 1e-05,
    "warmup_ratio": 0.1,
    "weight_decay": 0.01,
    "dropout": 0.1,
    "mlp_hidden": 256,
    "early_stopping_patience": 2,
    "early_stopping_min_delta": 0.0001,
    "imbalance_threshold": 0.4,
    "seeds": [
      42,
      52,
      62
    ],
    "tune_learning_rates": [
      1e-05,
      2e-05,
      3e-05
    ],
    "tune_batch_sizes": [
      64
    ],
    "tune_dropouts": [
      0.1,
      0.2,
      0.3
    ],
    "tune_epochs": [
      5
    ],
    "tuning_seed": 42,
    "tuning_max_epochs": 5,
    "xai_sample_size": 50,
    "lime_num_features": 5,
    "lime_num_samples": 500,
    "shap_max_evals": 300,
    "shap_batch_size": 32
  },
  "metrics": {
    "accuracy": 0.6858556915863506,
    "macro_f1": 0.67880851783663,
    "macro_precision": 0.6780435916821688,
    "macro_recall": 0.6797754009739841,
    "auroc": 0.8455295920958973,
    "per_class_precision": {
      "hatespeech": 0.7586490939044481,
      "offensive": 0.5426774483378257,
      "normal": 0.7328042328042328
    },
    "per_class_recall": {
      "hatespeech": 0.7765598650927488,
      "offensive": 0.5515981735159817,
      "normal": 0.711168164313222
    },
    "per_class_f1": {
      "hatespeech": 0.7675,
      "offensive": 0.5471014492753623,
      "normal": 0.7218241042345277
    },
    "confusion_matrix": [
      [
        921,
        169,
        96
      ],
      [
        183,
        604,
        308
      ],
      [
        110,
        340,
        1108
      ]
    ],
    "loss": 0.8250608702500661
  },
  "prediction_artifact": "/Users/winterflw/HateSpeachStudy/outputs/runs/bert_base/seed_52/predictions.pkl"
}