epoch,train_loss,val_loss,val_macro_f1,val_macro_precision,val_macro_recall,train_attention_loss,train_target_loss
1,0.9734202776636396,0.8579119265079498,0.6396524431008342,0.6402642262000726,0.6488580451269578,0.0,0.0
2,0.8013577844415393,0.8557125429312388,0.6512504367793142,0.6496341873352182,0.6562202549257594,0.0,0.0
3,0.7216185845079877,0.8392164826393127,0.6671085198932784,0.6674792448378861,0.6684530861986743,0.0,0.0
4,0.655265976701464,0.8768798093001048,0.6548643878911141,0.6564774812933136,0.6622016001382743,0.0,0.0
5,0.6062565306822459,0.8809767663478851,0.6609529853783793,0.6618655108237829,0.6650588245667074,0.0,0.0
