epoch,train_loss,val_loss,val_macro_f1,val_macro_precision,val_macro_recall
1,1.013927698135376,0.8989172438780467,0.5780131719491918,0.620132039255995,0.5986967888591427
2,0.8501038906120119,0.8557849983374278,0.6416260678582736,0.6416933347715763,0.6458709685873791
3,0.7867322762807211,0.8329012016455333,0.6661707652650276,0.6657444795810082,0.6671234092711481
4,0.7471668941634042,0.8431015451749165,0.6578387648918373,0.6569508852071816,0.661879164237972
5,0.7239880610079993,0.8446490446726481,0.6557679304683104,0.6564357193962381,0.659320205296089
