epoch,train_loss,val_loss,val_macro_f1,val_macro_precision,val_macro_recall
1,0.8962789793809255,0.7656387289365133,0.6136914914793912,0.6406564918270296,0.6372003330218463
2,0.6698821730556942,0.7421002844969432,0.6631653301542536,0.6623964283827481,0.6666453075316984
3,0.527601111077127,0.7937332510948181,0.6535169150842143,0.6548060775743917,0.6535952684600588
4,0.3986455459679876,0.8732535163561503,0.6532381050824231,0.6514029115732115,0.656363262768208
