epoch,train_loss,val_loss,val_macro_f1,val_macro_precision,val_macro_recall,train_attention_loss,train_target_loss
1,2.2499680468014307,0.8796711385250091,0.6203775044246752,0.6289792136978775,0.630828554514925,1.2499457018715994,0.0
2,2.0384443521499636,0.8653271834055583,0.6312185957242332,0.6381187011837054,0.6387556180345038,1.2004878657204765,0.0
3,1.9703079723176502,0.8640465001265208,0.644519609329122,0.6438057434088013,0.6510138732749895,1.188214465550014,0.0
4,1.9224434563091823,0.8714572767416636,0.6524099880545743,0.6532950813070669,0.6559726003578727,1.182952769881203,0.0
5,1.8881977637608847,0.8855266531308492,0.6496754699109286,0.6494426611440609,0.6542945552938033,1.1821911462715693,0.0
