epoch,epoch_seconds,train_loss,train_loss_std,train_cls_loss,train_attention_loss,train_target_loss,train_accuracy,train_grad_norm_mean,train_grad_norm_max,val_loss,val_macro_f1,val_macro_precision,val_macro_recall,val_accuracy,val_f1_hatespeech,val_f1_offensive,val_f1_normal,val_precision_hatespeech,val_precision_offensive,val_precision_normal,val_recall_hatespeech,val_recall_offensive,val_recall_normal,learning_rate,amp_scale,early_stop_counter,val_cm_0_0,val_cm_0_1,val_cm_0_2,val_cm_1_0,val_cm_1_1,val_cm_1_2,val_cm_2_0,val_cm_2_1,val_cm_2_2
1,10.584,2.136440454210554,0.2799222308468345,0.9677046213831221,1.1687358322597685,0.0,0.5199880890344674,2.466690294515519,5.466388702392578,0.8444739858309428,0.659818857685427,0.6636076489562694,0.657400071601098,0.6671875,0.7414548641542507,0.5087412587412588,0.7292604501607717,0.7718978102189781,0.48825503355704697,0.7306701030927835,0.7133220910623946,0.531021897810219,0.7278562259306803,1.7777777777777777e-05,65536.0,0,423,137,33,81,291,176,44,168,567
2,10.557,1.9176109155019125,0.2306828268693561,0.7995934608436767,1.1180174523875828,0.0,0.7058735948782848,3.234555841627575,5.748802185058594,0.8315972725550334,0.6517845633158079,0.6561490583863911,0.6581827434654202,0.65625,0.7562893081761006,0.5127334465195246,0.6863309352517986,0.7083946980854198,0.4793650793650794,0.7806873977086743,0.8111298482293423,0.551094890510949,0.6123234916559692,1.3333333333333333e-05,65536.0,0,481,87,25,137,302,109,61,241,477
3,10.496,1.8387375666981651,0.2287466144265689,0.7307973555156163,1.107940213453202,0.0,0.7491997320032755,3.9815402712140764,7.891473770141602,0.8387096186478933,0.669176759063783,0.6751947305138795,0.6680087751084788,0.671875,0.7473867595818815,0.5364238410596026,0.7237196765498652,0.772972972972973,0.4909090909090909,0.7617021276595745,0.7234401349072512,0.5912408759124088,0.6893453145057766,8.888888888888888e-06,65536.0,0,429,130,34,90,324,134,36,206,537
4,10.508,1.77868511790321,0.22712473272416478,0.6711773988746461,1.1075077133519309,0.0,0.7925258691282662,inf,inf,0.8597653965155284,0.6641164963231515,0.6673559365991362,0.669115186463734,0.6682291666666667,0.7561950439648282,0.533106960950764,0.7030474840538625,0.7188449848024316,0.4984126984126984,0.7848101265822784,0.7976391231028668,0.572992700729927,0.6367137355584083,4.444444444444444e-06,32768.0,1,473,95,25,123,314,111,62,221,496
