{
  "display_name": "D_B",
  "model_name": "bert-base-uncased",
  "seed": 132,
  "best_epoch": 3,
  "best_val_macro_f1": 0.669176759063783,
  "elapsed_seconds": 45.524683237075806,
  "class_weight": {
    "counts": {
      "hatespeech": 4151,
      "offensive": 3830,
      "normal": 5452
    },
    "ratios": {
      "hatespeech": 0.3090151120375195,
      "offensive": 0.28511873743765354,
      "normal": 0.40586615052482694
    },
    "minority_ratio": 0.28511873743765354,
    "use_class_weight": true,
    "threshold": 0.4,
    "weights": {
      "hatespeech": 1.0786958965711073,
      "offensive": 1.1691035683202784,
      "normal": 0.8212888236732697
    }
  },
  "hyperparams": {
    "split_train": 0.7,
    "split_val": 0.1,
    "split_test": 0.2,
    "max_len": 128,
    "batch_size": 64,
    "epochs": 5,
    "learning_rate": 2e-05,
    "warmup_ratio": 0.1,
    "weight_decay": 0.01,
    "dropout": 0.3,
    "mlp_hidden": 256,
    "early_stopping_patience": 2,
    "early_stopping_min_delta": 0.0001,
    "imbalance_threshold": 0.4,
    "seeds": [
      132
    ],
    "tune_learning_rates": [
      1e-05,
      2e-05,
      3e-05
    ],
    "tune_batch_sizes": [
      64
    ],
    "tune_dropouts": [
      0.1,
      0.2,
      0.3
    ],
    "tune_epochs": [
      5
    ],
    "tuning_seed": 42,
    "tuning_max_epochs": 5,
    "xai_sample_size": 500,
    "lime_num_features": 5,
    "lime_num_samples": 500,
    "shap_max_evals": 300,
    "shap_batch_size": 32,
    "v2_enabled": true,
    "alpha_grid": [
      0.0,
      0.1,
      0.3,
      0.5,
      0.7,
      1.0
    ],
    "beta_grid": [
      0.0,
      0.1,
      0.3
    ],
    "attention_loss_alpha": 1.0,
    "target_loss_beta": 0.0,
    "target_labels": [],
    "xai_context_sample_size": 500,
    "xai_ablation_sample_size": 50,
    "xai_interaction_pairs": 50,
    "xai_mss_threshold": 0.8
  },
  "metrics": {
    "accuracy": 0.6850742380828341,
    "macro_f1": 0.6815139574859601,
    "macro_precision": 0.6847650977579566,
    "macro_recall": 0.6810659155028554,
    "auroc": 0.8568839348723628,
    "per_class_precision": {
      "hatespeech": 0.7767936226749336,
      "offensive": 0.5218080888183981,
      "normal": 0.7556935817805382
    },
    "per_class_recall": {
      "hatespeech": 0.739460370994941,
      "offensive": 0.6009132420091324,
      "normal": 0.7028241335044929
    },
    "per_class_f1": {
      "hatespeech": 0.7576673866090713,
      "offensive": 0.5585738539898133,
      "normal": 0.7283006318589956
    },
    "confusion_matrix": [
      [
        877,
        230,
        79
      ],
      [
        162,
        658,
        275
      ],
      [
        90,
        373,
        1095
      ]
    ],
    "loss": 0.8162044843037923
  },
  "prediction_artifact": "/workspace/HateSpeachStudy/v2/outputs/experiments/v2_15seed/benchmark/runs/d_b/seed_132/predictions.pkl"
}