epoch,epoch_seconds,train_loss,train_loss_std,train_cls_loss,train_attention_loss,train_target_loss,train_accuracy,train_grad_norm_mean,train_grad_norm_max,val_loss,val_macro_f1,val_macro_precision,val_macro_recall,val_accuracy,val_f1_hatespeech,val_f1_offensive,val_f1_normal,val_precision_hatespeech,val_precision_offensive,val_precision_normal,val_recall_hatespeech,val_recall_offensive,val_recall_normal,learning_rate,amp_scale,early_stop_counter,val_cm_0_0,val_cm_0_1,val_cm_0_2,val_cm_1_0,val_cm_1_1,val_cm_1_2,val_cm_2_0,val_cm_2_1,val_cm_2_2
1,9.631,0.9755987740698315,0.09988566432845113,0.9755987740698315,0.0,0.0,0.5314523933596367,inf,inf,0.8755957166353862,0.62790345357377,0.6363857380253171,0.6282037971651534,0.6515625,0.733392382639504,0.4177598385469223,0.7325581395348837,0.7723880597014925,0.4672686230248307,0.6695005313496281,0.6981450252951096,0.3777372262773723,0.8087291399229781,1.7777777777777777e-05,32768.0,0,414,122,57,87,207,254,35,114,630
2,10.193,0.8199944899195717,0.06697716404793717,0.8199944899195717,0.0,0.0,0.6848805181270007,3.764825553553445,7.826198101043701,0.8425793925921122,0.662193933850692,0.6676790278138376,0.6638634122070975,0.6640625,0.7591973244147158,0.5238879736408567,0.7034965034965035,0.7529021558872305,0.4774774774774775,0.7726574500768049,0.7655986509274874,0.5802919708029197,0.6456996148908858,1.3333333333333333e-05,32768.0,0,454,116,23,105,318,125,44,232,503
3,10.009,0.7435289672442845,0.0671136960968957,0.7435289672442845,0.0,0.0,0.7412342738033202,4.503925636836461,8.696545600891113,0.8610825220743815,0.6562632500685042,0.6573769407494154,0.6574116840917757,0.6619791666666667,0.7624584717607974,0.4987012987012987,0.7076299797434166,0.7512274959083469,0.4744645799011532,0.7464387464387464,0.7740303541315345,0.5255474452554745,0.6726572528883183,8.888888888888888e-06,32768.0,0,459,107,27,109,288,151,43,212,524
4,10.267,0.6793585269224076,0.06949783645520832,0.6793585269224076,0.0,0.0,0.7891759100722102,5.228860816501435,11.622214317321777,0.8834795514742534,0.658441556140689,0.6594003011620995,0.6578946249176573,0.6666666666666666,0.7565733672603902,0.4946808510638298,0.7240704500978473,0.7610921501706485,0.4810344827586207,0.7360742705570292,0.7521079258010118,0.5091240875912408,0.7124518613607189,4.444444444444444e-06,32768.0,1,446,113,34,104,279,165,36,188,555
