epoch,epoch_seconds,train_loss,train_loss_std,train_cls_loss,train_attention_loss,train_target_loss,train_accuracy,train_grad_norm_mean,train_grad_norm_max,val_loss,val_macro_f1,val_macro_precision,val_macro_recall,val_accuracy,val_f1_hatespeech,val_f1_offensive,val_f1_normal,val_precision_hatespeech,val_precision_offensive,val_precision_normal,val_recall_hatespeech,val_recall_offensive,val_recall_normal,learning_rate,amp_scale,early_stop_counter,val_cm_0_0,val_cm_0_1,val_cm_0_2,val_cm_1_0,val_cm_1_1,val_cm_1_2,val_cm_2_0,val_cm_2_1,val_cm_2_2
1,10.452,0.981582317181996,0.10276188075976854,0.981582317181996,0.0,0.0,0.5370356584530633,2.437011036418733,7.085258483886719,0.8550189216931661,0.6455695583936278,0.652818451490985,0.6468275697272589,0.6458333333333334,0.7445008460236887,0.5133603238866397,0.6788475052705552,0.7470288624787776,0.46142649199417757,0.75,0.7419898819561551,0.5784671532846716,0.62002567394095,1.7777777777777777e-05,65536.0,0,440,121,32,102,317,129,47,249,483
2,10.312,0.8068116358348302,0.06592303406508397,0.8068116358348302,0.0,0.0,0.6956003871063798,3.6325224887757073,6.481776714324951,0.8324313580989837,0.6550411842240451,0.6584758257960872,0.6573022772853988,0.6572916666666667,0.7634854771784232,0.5150501672240803,0.6865879082696317,0.7516339869281046,0.47530864197530864,0.7484848484848485,0.7757166947723441,0.5620437956204379,0.6341463414634146,1.3333333333333333e-05,65536.0,0,460,98,35,109,308,131,43,242,494
3,10.317,0.7287136807328178,0.06282987802653331,0.7287136807328178,0.0,0.0,0.7547829970967022,inf,inf,0.8506264547506969,0.6500156594879234,0.6553989387932586,0.6543445289014918,0.6526041666666667,0.7566693613581245,0.5095435684647303,0.6838340486409156,0.7267080745341615,0.4672754946727549,0.7722132471728594,0.7892074198988196,0.5602189781021898,0.613607188703466,8.888888888888888e-06,32768.0,0,468,106,19,119,307,122,57,244,478
4,11.557,0.6652708787293661,0.0660033930451265,0.6652708787293661,0.0,0.0,0.798779126032904,5.049843596276783,8.732151985168457,0.8777666648228963,0.6544962894318368,0.6588048646642299,0.656295623532338,0.6567708333333333,0.755,0.515378221113882,0.6931106471816284,0.7462932454695222,0.4732824427480916,0.756838905775076,0.7639123102866779,0.5656934306569343,0.6392811296534018,4.444444444444444e-06,32768.0,1,453,106,34,112,310,126,42,239,498
