epoch,epoch_seconds,train_loss,train_loss_std,train_cls_loss,train_attention_loss,train_target_loss,train_accuracy,train_grad_norm_mean,train_grad_norm_max,val_loss,val_macro_f1,val_macro_precision,val_macro_recall,val_accuracy,val_f1_hatespeech,val_f1_offensive,val_f1_normal,val_precision_hatespeech,val_precision_offensive,val_precision_normal,val_recall_hatespeech,val_recall_offensive,val_recall_normal,learning_rate,amp_scale,early_stop_counter,val_cm_0_0,val_cm_0_1,val_cm_0_2,val_cm_1_0,val_cm_1_1,val_cm_1_2,val_cm_2_0,val_cm_2_1,val_cm_2_2
1,10.462,2.135524940490723,0.2637281428271293,0.9653248883429028,1.1702000501609984,0.0,0.5420978188044369,inf,inf,0.8504896481831868,0.6545906254395567,0.6641664480431304,0.6528814538329533,0.6541666666666667,0.7462422634836428,0.5249597423510467,0.6925698704839809,0.7843866171003717,0.4697406340057637,0.7383720930232558,0.7116357504215851,0.5948905109489051,0.6521181001283697,1.7777777777777777e-05,32768.0,0,422,135,36,78,326,144,38,233,508
2,10.527,1.9291775391215369,0.2290634988946184,0.807506593636104,1.1216709364028203,0.0,0.6988014590932777,3.6169621331351145,7.375998020172119,0.8388348400592804,0.6696916507395909,0.6720538329640551,0.6682229682166643,0.6770833333333334,0.7512953367875648,0.5205959684487291,0.737183646982479,0.7699115044247787,0.5008431703204047,0.7454068241469817,0.7335581787521079,0.541970802919708,0.7291399229781772,1.3333333333333333e-05,32768.0,0,435,124,34,91,297,160,39,172,568
3,10.477,1.8477930290358406,0.2360600425347862,0.7353245102223895,1.112468520516441,0.0,0.747487530707958,4.25509444645473,8.863279342651367,0.8462527791659037,0.6675583188760205,0.6666315494271203,0.6691454205490558,0.6770833333333334,0.7539094650205761,0.5149051490514905,0.7338603425559947,0.7363344051446945,0.5098389982110912,0.7537212449255751,0.7723440134907251,0.5200729927007299,0.7150192554557124,8.888888888888888e-06,32768.0,0,458,98,37,118,285,145,46,176,557
4,10.484,1.789953719434284,0.2207239734898635,0.6778802806422823,1.1120734413464863,0.0,0.788357031191841,4.7628696248644875,9.492801666259766,0.8681385656197865,0.6581778233513947,0.6600862514385025,0.6628060184930685,0.6640625,0.7525855210819411,0.5155709342560554,0.7063770147161879,0.7123493975903614,0.4901315789473684,0.7777777777777778,0.7976391231028668,0.5437956204379562,0.6469833119383825,4.444444444444444e-06,32768.0,1,473,93,27,133,298,117,58,217,504
