sample_id,condition,seed,rationale_precision_at_5,rationale_recall_at_5,rationale_f1_at_5
<aggregated>,A_B,182,0.09333333333333334,0.06894201894201894,0.057633364456893876
<aggregated>,A_B,162,0.14,0.12273728479610832,0.09329383470559942
<aggregated>,D_B,182,0.14,0.1267851561969209,0.09832600514953457
<aggregated>,D_B,162,0.14,0.12303140244316715,0.09365747106923578
