epoch,train_loss,val_loss,val_macro_f1,val_macro_precision,val_macro_recall,train_attention_loss,train_target_loss
1,0.9803487530776432,0.8615706086158752,0.6392663817546516,0.6399963352344304,0.6488999417397695,0.0,0.0
2,0.8066088741733914,0.8500568191210429,0.6574157757331545,0.6562039535859957,0.6589894237822345,0.0,0.0
3,0.7246729896182106,0.8457732160886129,0.6622747338931524,0.6609341581360165,0.6645685730992291,0.0,0.0
4,0.6549696133250282,0.8742232859134674,0.6569857909052059,0.6566932816846939,0.6624327530922395,0.0,0.0
5,0.6079411579029901,0.8868629535039266,0.6621488231909739,0.6625902895763529,0.6650213693793471,0.0,0.0
