epoch,epoch_seconds,train_loss,train_loss_std,train_cls_loss,train_attention_loss,train_target_loss,train_accuracy,train_grad_norm_mean,train_grad_norm_max,val_loss,val_macro_f1,val_macro_precision,val_macro_recall,val_accuracy,val_f1_hatespeech,val_f1_offensive,val_f1_normal,val_precision_hatespeech,val_precision_offensive,val_precision_normal,val_recall_hatespeech,val_recall_offensive,val_recall_normal,learning_rate,amp_scale,early_stop_counter,val_cm_0_0,val_cm_0_1,val_cm_0_2,val_cm_1_0,val_cm_1_1,val_cm_1_2,val_cm_2_0,val_cm_2_1,val_cm_2_2
1,10.919,2.25128599972952,0.2647356631366371,0.9969085503192175,1.2543774516809554,0.0,0.5082260105709819,4.09295723608562,10.76462459564209,0.8979315896828969,0.6175408571962061,0.6368279868279868,0.6138324267795396,0.6380208333333334,0.6993402450518379,0.4376237623762376,0.7156585641605426,0.7927350427350427,0.47835497835497837,0.6393939393939394,0.6256323777403036,0.4032846715328467,0.8125802310654685,1.7777777777777777e-05,65536.0,0,371,133,89,59,221,268,38,108,633
2,10.909,2.0384309036391124,0.2337934738332833,0.8405299479053134,1.1979009520439874,0.0,0.6701406982803544,5.089048935118176,10.451838493347168,0.8482874731222788,0.6509444008412729,0.6618460176653405,0.6535059198315358,0.6489583333333333,0.7420736932305055,0.5407523510971787,0.6700071581961345,0.7543554006968641,0.4739010989010989,0.7572815533980582,0.730185497470489,0.6295620437956204,0.6007702182284981,1.3333333333333333e-05,65536.0,0,433,126,34,87,345,116,54,257,468
3,10.918,1.9714948217074075,0.22464930430975794,0.7833683629830678,1.1881264592920031,0.0,0.7040125065138093,5.724541087377639,10.243908882141113,0.8546849886576334,0.6541580216717712,0.6527469481301243,0.6566193129864589,0.6677083333333333,0.7449062754686226,0.4909952606635071,0.7265725288831836,0.7208201892744479,0.5108481262327417,0.7265725288831836,0.7706576728499157,0.4726277372262774,0.7265725288831836,8.888888888888888e-06,65536.0,0,457,96,40,116,259,173,61,152,566
4,10.383,1.9323152371815273,0.24162726437041185,0.7432400127251942,1.189075232403619,0.0,0.7349810168986823,6.913574343635922,12.279536247253418,0.8739317874113719,0.638820502699509,0.6434121847354567,0.6454006357213844,0.6427083333333333,0.7389937106918238,0.5088757396449705,0.6685920577617328,0.6921944035346097,0.47401574803149604,0.764026402640264,0.7925801011804384,0.5492700729927007,0.5943517329910141,4.444444444444444e-06,65536.0,1,470,91,32,136,301,111,73,243,463
