epoch,train_loss,val_loss,val_macro_f1,val_macro_precision,val_macro_recall,train_attention_loss,train_target_loss
1,2.15491057350522,0.8774077395598093,0.6105693438808348,0.6108435515200212,0.6230075848380602,1.1683621582530794,0.0
2,1.9388827800750732,0.8322030166784923,0.6701372827345322,0.6768098223390423,0.666461448582459,1.122216029110409,0.0
3,1.862738607610975,0.8370151380697887,0.6543718401795913,0.6567817377934345,0.6558217446364764,1.1150889084452675,0.0
4,1.7987846624283563,0.8607112129529317,0.6587918287735305,0.6614438923010034,0.6600544862960943,1.1086463357721057,0.0
