epoch,epoch_seconds,train_loss,train_loss_std,train_cls_loss,train_attention_loss,train_target_loss,train_accuracy,train_grad_norm_mean,train_grad_norm_max,val_loss,val_macro_f1,val_macro_precision,val_macro_recall,val_accuracy,val_f1_hatespeech,val_f1_offensive,val_f1_normal,val_precision_hatespeech,val_precision_offensive,val_precision_normal,val_recall_hatespeech,val_recall_offensive,val_recall_normal,learning_rate,amp_scale,early_stop_counter,val_cm_0_0,val_cm_0_1,val_cm_0_2,val_cm_1_0,val_cm_1_1,val_cm_1_2,val_cm_2_0,val_cm_2_1,val_cm_2_2
1,11.043,0.9845574418703715,0.10692275363602625,0.9845574418703715,0.0,0.0,0.5335368123278493,2.08032268739882,5.127928733825684,0.8536727786064148,0.6546996147513683,0.6617343719401424,0.6526384592723814,0.6567708333333333,0.7345132743362832,0.5260545905707196,0.703530979347102,0.7728119180633147,0.481089258698941,0.7313019390581718,0.6998313659359191,0.5802919708029197,0.6777920410783055,1.7777777777777777e-05,65536.0,0,415,140,38,74,318,156,48,203,528
2,10.283,0.8004211684068044,0.06612198415918201,0.8004211684068044,0.0,0.0,0.7034914017717562,3.6394211246853785,7.620848655700684,0.8468897382418314,0.646229486068023,0.6589770132806879,0.6502126798896475,0.6447916666666667,0.7336683417085427,0.5339578454332553,0.671062271062271,0.7287853577371048,0.4665757162346521,0.7815699658703071,0.7386172006745363,0.6240875912408759,0.5879332477535302,1.3333333333333333e-05,65536.0,0,438,125,30,108,342,98,55,266,458
3,10.283,0.7255432906604948,0.06585729043262725,0.7255432906604948,0.0,0.0,0.7570907466686518,4.201187468710399,7.85410213470459,0.8489229281743368,0.664301637795698,0.6642202265803063,0.6673368860628659,0.6708333333333333,0.7597402597402597,0.5197541703248464,0.7134104833219878,0.7323943661971831,0.5008460236886633,0.7594202898550725,0.7892074198988196,0.5401459854014599,0.6726572528883183,8.888888888888888e-06,65536.0,0,468,92,33,119,296,133,52,203,524
4,10.256,0.6595733509177253,0.07169565818911154,0.6595733509177253,0.0,0.0,0.8035435122459614,4.902125044096084,12.522232055664062,0.8794804950555165,0.6620809662796013,0.6624597332580932,0.6635406576513078,0.6682291666666667,0.7572493786246893,0.5152838427947598,0.7137096774193549,0.744299674267101,0.49413735343383586,0.7489421720733427,0.7706576728499157,0.5383211678832117,0.6816431322207959,4.444444444444444e-06,65536.0,1,457,98,38,113,295,140,44,204,531
