epoch,train_loss,val_loss,val_macro_f1,val_macro_precision,val_macro_recall
1,0.9104355122361865,0.7899933993816376,0.601566234830111,0.6249033129411536,0.6270189912929469
2,0.6839777749209177,0.7427113731702168,0.6564572854206675,0.6562460627516545,0.662513179367113
3,0.5442790154899869,0.771492330233256,0.6627105935856467,0.6631334471933478,0.6623791544491914
4,0.41980535175119127,0.8259307185808817,0.6628599440892264,0.6623368178794437,0.663448697891249
