epoch,train_loss,val_loss,val_macro_f1,val_macro_precision,val_macro_recall
1,0.9580934254896073,0.8543465415636698,0.6358978751603986,0.6414127511679952,0.6466683078214327
2,0.7801873820168631,0.8357089320818584,0.6641762714305636,0.6622726410312357,0.6692749645387797
3,0.6737890192440578,0.8628315369288126,0.6631379817952563,0.6650085347046734,0.6622994444907856
4,0.5808364971762612,0.9050625920295715,0.6604751401449139,0.6606560377773628,0.6619381997756802
