epoch,epoch_seconds,train_loss,train_loss_std,train_cls_loss,train_attention_loss,train_target_loss,train_accuracy,train_grad_norm_mean,train_grad_norm_max,val_loss,val_macro_f1,val_macro_precision,val_macro_recall,val_accuracy,val_f1_hatespeech,val_f1_offensive,val_f1_normal,val_precision_hatespeech,val_precision_offensive,val_precision_normal,val_recall_hatespeech,val_recall_offensive,val_recall_normal,learning_rate,amp_scale,early_stop_counter,val_cm_0_0,val_cm_0_1,val_cm_0_2,val_cm_1_0,val_cm_1_1,val_cm_1_2,val_cm_2_0,val_cm_2_1,val_cm_2_2
1,12.311,0.986820490019662,0.09754059179902853,0.986820490019662,0.0,0.0,0.504950495049505,3.243120628453436,10.542130470275879,0.8767562508583069,0.632297607845883,0.6327378502337342,0.6354718482176811,0.6375,0.7137064071370641,0.5078260869565218,0.6753603294440631,0.6875,0.4850498338870432,0.7256637168141593,0.7419898819561551,0.5328467153284672,0.631578947368421,1.7777777777777777e-05,65536.0,0,440,109,44,114,292,142,86,201,492
2,11.213,0.8282200035594759,0.06760760191274029,0.8282200035594759,0.0,0.0,0.6807116801905755,5.419353110449655,11.973630905151367,0.8535856207211813,0.6440584463890832,0.6480722179848867,0.6479180167059432,0.6463541666666667,0.7395918367346939,0.517901748542881,0.6746817538896747,0.7167721518987342,0.4762633996937213,0.7511811023622047,0.7639123102866779,0.5675182481751825,0.6123234916559692,1.3333333333333333e-05,65536.0,0,453,102,38,117,311,120,62,240,477
3,12.074,0.7796068123408726,0.07119830498348095,0.7796068123408726,0.0,0.0,0.7197200923099829,inf,inf,0.8582857271035512,0.645171191716886,0.6441267363069695,0.6468112366583885,0.6541666666666667,0.7374485596707819,0.49411764705882355,0.7039473684210527,0.7202572347266881,0.49012567324955114,0.7219973009446694,0.7554806070826307,0.4981751824817518,0.686777920410783,8.888888888888888e-06,32768.0,0,448,103,42,111,273,164,63,181,535
4,11.691,0.7389541183199201,0.07354897937084252,0.7389541183199201,0.0,0.0,0.744063128117323,7.0818612757183255,13.844758033752441,0.8764610270659129,0.6475636252783215,0.649393947286726,0.6525659598819483,0.6520833333333333,0.7438148443735035,0.5167381974248927,0.6821378340365682,0.706060606060606,0.4878444084278768,0.7542768273716952,0.7858347386172007,0.5492700729927007,0.6225930680359435,4.444444444444444e-06,32768.0,1,466,94,33,122,301,125,72,222,485
