epoch,train_loss,val_loss,val_macro_f1,val_macro_precision,val_macro_recall
1,0.9354423684733254,0.7773417890071869,0.6470140328119035,0.6468474711749231,0.6514721854552605
2,0.7123006934211368,0.7499089121818543,0.6556000552702775,0.6555689675357349,0.6565105329569912
3,0.6025626335825239,0.7566541572411855,0.6578011339261476,0.6596668153719419,0.6570017298568662
4,0.511740546141352,0.7847757160663604,0.6666643917246337,0.6648439849295719,0.6701183837264866
