epoch,train_loss,val_loss,val_macro_f1,val_macro_precision,val_macro_recall
1,1.014947573911576,0.8861879309018453,0.6067662414977953,0.6214546984043988,0.6129510941726144
2,0.8400806983311971,0.8419902622699738,0.6502919939369957,0.6548287060928438,0.6510101587000715
3,0.7804558350926354,0.8387271523475647,0.6707331293876392,0.6741341728700706,0.6688815724886693
4,0.7415149021716345,0.842599231004715,0.67010261397863,0.6714561315585112,0.6727694420047987
5,0.7152468275456202,0.8447311361630757,0.6679692758418709,0.6702953702652265,0.6699378811939312
