epoch,epoch_seconds,train_loss,train_loss_std,train_cls_loss,train_attention_loss,train_target_loss,train_accuracy,train_grad_norm_mean,train_grad_norm_max,val_loss,val_macro_f1,val_macro_precision,val_macro_recall,val_accuracy,val_f1_hatespeech,val_f1_offensive,val_f1_normal,val_precision_hatespeech,val_precision_offensive,val_precision_normal,val_recall_hatespeech,val_recall_offensive,val_recall_normal,learning_rate,amp_scale,early_stop_counter,val_cm_0_0,val_cm_0_1,val_cm_0_2,val_cm_1_0,val_cm_1_1,val_cm_1_2,val_cm_2_0,val_cm_2_1,val_cm_2_2
1,10.968,2.2521003530139017,0.2658014024454521,0.9976579938616071,1.2544423571654728,0.0,0.49467728727759996,inf,inf,0.9089235881964366,0.6112501878750186,0.6367127316467074,0.6103845164677127,0.6395833333333333,0.6943396226415094,0.41561181434599154,0.7237991266375546,0.7880085653104925,0.4925,0.6296296296296297,0.6205733558178752,0.3594890510948905,0.8510911424903723,1.7777777777777777e-05,32768.0,0,368,127,98,59,197,292,40,76,663
2,11.089,2.044037027018411,0.23399784764794543,0.8452928946131751,1.198744134392057,0.0,0.6632174495645053,5.3045735336485365,10.732712745666504,0.8489139119784037,0.6425985784781133,0.651998948477863,0.6441595621372328,0.6411458333333333,0.7375643224699828,0.5249801744647106,0.6652512384996462,0.7504363001745201,0.4642356241234222,0.7413249211356467,0.7251264755480608,0.6040145985401459,0.6033376123234917,1.3333333333333333e-05,32768.0,0,430,128,35,88,331,129,55,254,470
3,10.933,1.9745346364520846,0.22338788869716023,0.7855207148052398,1.189013918240865,0.0,0.7061713690166009,5.990344272341047,12.006574630737305,0.8584505061308543,0.6556770961045507,0.6538693052978767,0.6594715087152776,0.6671875,0.7470071827613727,0.5013979496738118,0.7186261558784677,0.7090909090909091,0.5123809523809524,0.7401360544217687,0.7892074198988196,0.4908759124087591,0.6983311938382541,8.888888888888888e-06,32768.0,0,468,92,33,121,269,158,71,164,544
4,10.944,1.9357777902058193,0.24222169504178034,0.7458215846901848,1.1899562057994661,0.0,0.7367676617285789,7.193210314569019,12.737723350524902,0.8809733132521311,0.6396972723658126,0.6483161990305475,0.6479425953147415,0.6432291666666666,0.7341576506955177,0.5162907268170426,0.6686434395848777,0.6776034236804565,0.4761171032357473,0.7912280701754386,0.8010118043844857,0.5638686131386861,0.5789473684210527,4.444444444444444e-06,32768.0,1,475,95,23,143,309,96,83,245,451
