epoch,train_loss,val_loss,val_macro_f1,val_macro_precision,val_macro_recall
1,1.0119424343109131,0.8930869400501251,0.6075399085286944,0.6100202597782478,0.61245927049583
2,0.848803205433346,0.8390933295090993,0.6592117464970285,0.6583233882184395,0.6606340468893491
3,0.7834396603561583,0.8410500367482503,0.656743355989499,0.6555129023107163,0.6602852310550135
4,0.7450619882061368,0.8430818617343903,0.6572561298074875,0.6555611527050695,0.6616947074805039
