epoch,train_loss,val_loss,val_macro_f1,val_macro_precision,val_macro_recall
1,0.8966070373853048,0.7795225361982981,0.6378508014886953,0.6370395243784741,0.6457785110927162
2,0.6766536268449965,0.720085076491038,0.6553955813695495,0.6566313706866005,0.6592414302360141
3,0.5336528599262238,0.794924309849739,0.6516584319670894,0.651612308491348,0.6606960306486956
4,0.39978835696265813,0.8682593941688538,0.6633843841951178,0.6614434027641575,0.6668085025943059
