{
  "display_name": "BERT-base",
  "model_name": "bert-base-uncased",
  "seed": 62,
  "best_epoch": 4,
  "best_val_macro_f1": 0.6633843841951178,
  "elapsed_seconds": 292.81918382644653,
  "class_weight": {
    "counts": {
      "hatespeech": 4151,
      "offensive": 3830,
      "normal": 5452
    },
    "ratios": {
      "hatespeech": 0.3090151120375195,
      "offensive": 0.28511873743765354,
      "normal": 0.40586615052482694
    },
    "minority_ratio": 0.28511873743765354,
    "use_class_weight": false,
    "threshold": 0.1
  },
  "hyperparams": {
    "split_train": 0.7,
    "split_val": 0.1,
    "split_test": 0.2,
    "max_len": 128,
    "batch_size": 64,
    "epochs": 5,
    "learning_rate": 3e-05,
    "warmup_ratio": 0.1,
    "weight_decay": 0.01,
    "dropout": 0.1,
    "mlp_hidden": 256,
    "early_stopping_patience": 2,
    "early_stopping_min_delta": 0.0001,
    "imbalance_threshold": 0.1,
    "seeds": [
      42,
      52,
      62
    ],
    "tune_learning_rates": [
      1e-05,
      2e-05,
      3e-05
    ],
    "tune_batch_sizes": [
      64
    ],
    "tune_dropouts": [
      0.1,
      0.2,
      0.3
    ],
    "tune_epochs": [
      5
    ],
    "tuning_seed": 42,
    "tuning_max_epochs": 5,
    "xai_sample_size": 24,
    "lime_num_features": 5,
    "lime_num_samples": 500,
    "shap_max_evals": 300,
    "shap_batch_size": 32
  },
  "metrics": {
    "accuracy": 0.6840323000781453,
    "macro_f1": 0.6738894206343556,
    "macro_precision": 0.6727383832745829,
    "macro_recall": 0.6754032833808753,
    "auroc": 0.8441396606882979,
    "per_class_precision": {
      "hatespeech": 0.7445608380338437,
      "offensive": 0.5357142857142857,
      "normal": 0.7379400260756193
    },
    "per_class_recall": {
      "hatespeech": 0.7790893760539629,
      "offensive": 0.5205479452054794,
      "normal": 0.7265725288831836
    },
    "per_class_f1": {
      "hatespeech": 0.761433868974042,
      "offensive": 0.5280222325150533,
      "normal": 0.7322121604139715
    },
    "confusion_matrix": [
      [
        924,
        169,
        93
      ],
      [
        216,
        570,
        309
      ],
      [
        101,
        325,
        1132
      ]
    ],
    "loss": 0.8452223221460978
  },
  "prediction_artifact": "/Users/winterflw/HateSpeachStudy/outputs/runs/bert_base/seed_62/predictions.pkl"
}