{
  "display_name": "BERT-base",
  "model_name": "bert-base-uncased",
  "seed": 62,
  "best_epoch": 2,
  "best_val_macro_f1": 0.6592117464970285,
  "elapsed_seconds": 294.7376229763031,
  "class_weight": {
    "counts": {
      "hatespeech": 4151,
      "offensive": 3830,
      "normal": 5452
    },
    "ratios": {
      "hatespeech": 0.3090151120375195,
      "offensive": 0.28511873743765354,
      "normal": 0.40586615052482694
    },
    "minority_ratio": 0.28511873743765354,
    "use_class_weight": true,
    "threshold": 0.4,
    "weights": {
      "hatespeech": 1.0786958965711073,
      "offensive": 1.1691035683202784,
      "normal": 0.8212888236732697
    }
  },
  "hyperparams": {
    "split_train": 0.7,
    "split_val": 0.1,
    "split_test": 0.2,
    "max_len": 128,
    "batch_size": 64,
    "epochs": 5,
    "learning_rate": 1e-05,
    "warmup_ratio": 0.1,
    "weight_decay": 0.01,
    "dropout": 0.1,
    "mlp_hidden": 256,
    "early_stopping_patience": 2,
    "early_stopping_min_delta": 0.0001,
    "imbalance_threshold": 0.4,
    "seeds": [
      42,
      52,
      62
    ],
    "tune_learning_rates": [
      1e-05,
      2e-05,
      3e-05
    ],
    "tune_batch_sizes": [
      64
    ],
    "tune_dropouts": [
      0.1,
      0.2,
      0.3
    ],
    "tune_epochs": [
      5
    ],
    "tuning_seed": 42,
    "tuning_max_epochs": 5,
    "xai_sample_size": 50,
    "lime_num_features": 5,
    "lime_num_samples": 500,
    "shap_max_evals": 300,
    "shap_batch_size": 32
  },
  "metrics": {
    "accuracy": 0.6764782495441521,
    "macro_f1": 0.6634532161964267,
    "macro_precision": 0.6628980468247121,
    "macro_recall": 0.6653992388559311,
    "auroc": 0.8392472374779548,
    "per_class_precision": {
      "hatespeech": 0.7380191693290735,
      "offensive": 0.5354969574036511,
      "normal": 0.7151780137414117
    },
    "per_class_recall": {
      "hatespeech": 0.7790893760539629,
      "offensive": 0.4821917808219178,
      "normal": 0.7349165596919127
    },
    "per_class_f1": {
      "hatespeech": 0.7579983593109105,
      "offensive": 0.5074483421432003,
      "normal": 0.7249129471351694
    },
    "confusion_matrix": [
      [
        924,
        168,
        94
      ],
      [
        205,
        528,
        362
      ],
      [
        123,
        290,
        1145
      ]
    ],
    "loss": 0.82682965695858
  },
  "prediction_artifact": "/Users/winterflw/HateSpeachStudy/outputs/runs/bert_base/seed_62/predictions.pkl"
}