epoch,epoch_seconds,train_loss,train_loss_std,train_cls_loss,train_attention_loss,train_target_loss,train_accuracy,train_grad_norm_mean,train_grad_norm_max,val_loss,val_macro_f1,val_macro_precision,val_macro_recall,val_accuracy,val_f1_hatespeech,val_f1_offensive,val_f1_normal,val_precision_hatespeech,val_precision_offensive,val_precision_normal,val_recall_hatespeech,val_recall_offensive,val_recall_normal,learning_rate,amp_scale,early_stop_counter,val_cm_0_0,val_cm_0_1,val_cm_0_2,val_cm_1_0,val_cm_1_1,val_cm_1_2,val_cm_2_0,val_cm_2_1,val_cm_2_2
1,10.197,0.9745187966596512,0.09647198185552672,0.9745187966596512,0.0,0.0,0.5260180153353681,inf,inf,0.8836046874523162,0.6046915997193753,0.6334541846916931,0.6182243987427868,0.6526041666666667,0.7402258905299739,0.3357664233576642,0.7380824852704874,0.7634408602150538,0.5036496350364964,0.6332720588235294,0.718381112984823,0.2518248175182482,0.8844672657252889,1.7777777777777777e-05,16384.0,0,426,81,86,97,138,313,35,55,689
2,10.176,0.817737736304601,0.06936303871829813,0.817737736304601,0.0,0.0,0.6915059927045336,3.53710447038923,8.203916549682617,0.8256358623504638,0.664402948541831,0.6651390857593436,0.6650299836115746,0.6703125,0.7611064543168483,0.5165794066317626,0.715522984676882,0.7566666666666667,0.49498327759197325,0.7437673130193906,0.7655986509274874,0.5401459854014599,0.6893453145057766,1.3333333333333333e-05,16384.0,0,454,100,39,106,296,146,40,202,537
3,10.221,0.7317270727384658,0.07025891688283888,0.7317270727384658,0.0,0.0,0.7564951983920196,4.1572548173722765,8.0928955078125,0.8485713183879853,0.6676292644117848,0.6681256607564086,0.6671740991953042,0.6770833333333334,0.7572156196943973,0.5126811594202898,0.7329910141206675,0.7623931623931623,0.5089928057553957,0.7329910141206675,0.7521079258010118,0.5164233576642335,0.7329910141206675,8.888888888888888e-06,16384.0,0,446,101,46,103,283,162,36,172,571
4,10.242,0.6703943959304265,0.07267010060741586,0.6703943959304265,0.0,0.0,0.7980346906871139,inf,inf,0.8749264518419901,0.6606241422102422,0.6599606540303099,0.6631043234823649,0.66875,0.755700325732899,0.5075690115761353,0.7186030893216924,0.7307086614173228,0.4956521739130435,0.7535211267605634,0.7824620573355818,0.5200729927007299,0.686777920410783,4.444444444444444e-06,8192.0,1,464,91,38,126,285,137,45,199,535
