epoch,train_loss,val_loss,val_macro_f1,val_macro_precision,val_macro_recall
1,1.0298427908193497,0.8923754235108693,0.6039754700872199,0.6167701812756677,0.6136764422849047
2,0.8533897896607717,0.8457223137219747,0.6462262686542685,0.6521192380066044,0.6472680266661656
3,0.7922522343340375,0.8409958958625794,0.6589033093343438,0.6607794772896494,0.6574334435212407
4,0.7536520830222538,0.8434289495150248,0.6695158869261894,0.671501227482863,0.6714481106908247
5,0.727906873964128,0.84644007285436,0.6663430124288726,0.6685895319821654,0.6683647620080407
