epoch,train_loss,val_loss,val_macro_f1,val_macro_precision,val_macro_recall,train_attention_loss,train_target_loss
1,1.0299609956287203,0.8920910775661468,0.6066538772478508,0.6187905156024357,0.6165793279378797,0.0,0.0
2,0.853190374090558,0.8453593770662944,0.6463734292102072,0.6519369637929855,0.6473813376606432,0.0,0.0
3,0.7918780644734701,0.8412274122238159,0.6610353106182423,0.6626816104090619,0.6597280566681328,0.0,0.0
4,0.7533516191300892,0.8433512866497039,0.6693826105975779,0.6712359570965858,0.6714019517316784,0.0,0.0
5,0.7276484776110876,0.8464637736479441,0.6686262983011968,0.6710656795630311,0.6706174785421214,0.0,0.0
