epoch,train_loss,val_loss,val_macro_f1,val_macro_precision,val_macro_recall
1,0.9467368866716113,0.7744406561056772,0.6395342747598822,0.6410939008375253,0.6474953544375229
2,0.7238374843483879,0.7525546888510386,0.657639282578963,0.6568307575545813,0.6599712698105681
3,0.6155449932529813,0.7539916654427846,0.6525766880281806,0.6533002416391884,0.6536329922660944
4,0.5267678663844154,0.7846531053384145,0.6569035705413859,0.6551540329298134,0.6600337118017726
