epoch,epoch_seconds,train_loss,train_loss_std,train_cls_loss,train_attention_loss,train_target_loss,train_accuracy,train_grad_norm_mean,train_grad_norm_max,val_loss,val_macro_f1,val_macro_precision,val_macro_recall,val_accuracy,val_f1_hatespeech,val_f1_offensive,val_f1_normal,val_precision_hatespeech,val_precision_offensive,val_precision_normal,val_recall_hatespeech,val_recall_offensive,val_recall_normal,learning_rate,amp_scale,early_stop_counter,val_cm_0_0,val_cm_0_1,val_cm_0_2,val_cm_1_0,val_cm_1_1,val_cm_1_2,val_cm_2_0,val_cm_2_1,val_cm_2_2
1,10.339,0.9906638662020365,0.0953675662049405,0.9906638662020365,0.0,0.0,0.5052482691878211,inf,inf,0.8745784938335419,0.6242463076013264,0.6250035361663105,0.628089540738279,0.6442708333333333,0.7238562091503268,0.4399596367305752,0.7089230769230769,0.7020602218700476,0.49209932279909707,0.6808510638297872,0.7470489038785835,0.3978102189781022,0.7394094993581515,1.7777777777777777e-05,32768.0,0,443,86,64,124,218,206,64,139,576
2,10.323,0.8179196414493379,0.07222193249818695,0.8179196414493379,0.0,0.0,0.6883049207176357,3.6135390179497855,6.895814895629883,0.8488641877969106,0.6343117845406558,0.6379990562325902,0.6464534378995258,0.6515625,0.7368421052631579,0.4636542239685658,0.7024390243902439,0.6435768261964736,0.502127659574468,0.7682926829268293,0.8617200674536256,0.4306569343065693,0.6469833119383825,1.3333333333333333e-05,32768.0,0,511,60,22,182,236,130,101,174,504
3,10.301,0.7357358793417613,0.0679956135505939,0.7357358793417613,0.0,0.0,0.7464453212238517,4.056718783151536,6.822747230529785,0.8629769802093505,0.6507980905235491,0.6491670794033622,0.6553476366246859,0.6614583333333334,0.7446640316205534,0.4986149584487535,0.7091152815013405,0.7008928571428571,0.5046728971962616,0.7419354838709677,0.7942664418212478,0.4927007299270073,0.6790757381258024,8.888888888888888e-06,32768.0,0,471,83,39,133,270,145,68,182,529
4,10.098,0.6742481441724868,0.06962440835257326,0.6742481441724868,0.0,0.0,0.7908136678329487,4.826374478567214,10.320732116699219,0.8943056046962738,0.6435073872340418,0.6480324028903715,0.6501074353559808,0.6473958333333333,0.7405660377358491,0.5160744500846024,0.6738816738816739,0.6936671575846833,0.4810725552050473,0.7693574958813838,0.7942664418212478,0.5565693430656934,0.5994865211810013,4.444444444444444e-06,32768.0,1,471,92,30,133,305,110,75,237,467
