epoch,epoch_seconds,train_loss,train_loss_std,train_cls_loss,train_attention_loss,train_target_loss,train_accuracy,train_grad_norm_mean,train_grad_norm_max,val_loss,val_macro_f1,val_macro_precision,val_macro_recall,val_accuracy,val_f1_hatespeech,val_f1_offensive,val_f1_normal,val_precision_hatespeech,val_precision_offensive,val_precision_normal,val_recall_hatespeech,val_recall_offensive,val_recall_normal,learning_rate,amp_scale,early_stop_counter,val_cm_0_0,val_cm_0_1,val_cm_0_2,val_cm_1_0,val_cm_1_1,val_cm_1_2,val_cm_2_0,val_cm_2_1,val_cm_2_2
1,10.462,2.1415934619449435,0.24560528078342037,0.9723855816182636,1.1692078828811645,0.0,0.5284002084418968,inf,inf,0.847412904103597,0.6514100100068619,0.6493418226400999,0.6561070334708403,0.6645833333333333,0.7521773555027712,0.4872037914691943,0.7148488830486203,0.7089552238805971,0.5069033530571992,0.7321668909825033,0.8010118043844857,0.46897810218978103,0.6983311938382541,1.7777777777777777e-05,32768.0,0,475,83,35,127,257,164,68,167,544
2,9.777,1.9226987918217977,0.23283262001478294,0.8035290746461777,1.1191697177432833,0.0,0.7009603215960694,3.29216190860385,5.836003303527832,0.8375908454259237,0.6601884987395586,0.664798652578359,0.6610780998949348,0.6619791666666667,0.7552921253175275,0.5269262634631318,0.6983471074380165,0.7585034013605442,0.48254931714719274,0.7533432392273403,0.7521079258010118,0.5802919708029197,0.6508344030808729,1.3333333333333333e-05,32768.0,0,446,118,29,93,318,137,49,223,507
3,10.459,1.8448518582752773,0.22097433133064223,0.7340606680938175,1.1107911984125773,0.0,0.7483808531229063,3.885571415083749,6.875892639160156,0.8611930072307586,0.6506818980234578,0.6647541675923582,0.6559132566987427,0.6489583333333333,0.7574257425742574,0.5284489477786438,0.6661710037174721,0.7415185783521809,0.46122448979591835,0.7915194346289752,0.7740303541315345,0.6186131386861314,0.5750962772785623,8.888888888888888e-06,32768.0,0,459,116,18,109,339,100,51,280,448
4,10.467,1.7730624607631138,0.23465581020318182,0.6701932093926839,1.1028692495255243,0.0,0.7920792079207921,4.622949235779899,8.950528144836426,0.8652067661285401,0.6640559027639533,0.6639624391014197,0.6646231672114858,0.6713541666666667,0.7604690117252931,0.5146927871772039,0.7170059093893631,0.7554076539101497,0.5026086956521739,0.7338709677419355,0.7655986509274874,0.5273722627737226,0.7008985879332478,4.444444444444444e-06,32768.0,1,454,95,44,105,289,154,42,191,546
