{
  "display_name": "B_B",
  "model_name": "bert-base-uncased",
  "seed": 142,
  "best_epoch": 5,
  "best_val_macro_f1": 0.6655879930072442,
  "elapsed_seconds": 58.993319034576416,
  "class_weight": {
    "counts": {
      "hatespeech": 4151,
      "offensive": 3830,
      "normal": 5452
    },
    "ratios": {
      "hatespeech": 0.3090151120375195,
      "offensive": 0.28511873743765354,
      "normal": 0.40586615052482694
    },
    "minority_ratio": 0.28511873743765354,
    "use_class_weight": true,
    "threshold": 0.4,
    "weights": {
      "hatespeech": 1.0786958965711073,
      "offensive": 1.1691035683202784,
      "normal": 0.8212888236732697
    }
  },
  "hyperparams": {
    "split_train": 0.7,
    "split_val": 0.1,
    "split_test": 0.2,
    "max_len": 128,
    "batch_size": 64,
    "epochs": 5,
    "learning_rate": 2e-05,
    "warmup_ratio": 0.1,
    "weight_decay": 0.01,
    "dropout": 0.3,
    "mlp_hidden": 256,
    "early_stopping_patience": 2,
    "early_stopping_min_delta": 0.0001,
    "imbalance_threshold": 0.4,
    "seeds": [
      142
    ],
    "tune_learning_rates": [
      1e-05,
      2e-05,
      3e-05
    ],
    "tune_batch_sizes": [
      64
    ],
    "tune_dropouts": [
      0.1,
      0.2,
      0.3
    ],
    "tune_epochs": [
      5
    ],
    "tuning_seed": 42,
    "tuning_max_epochs": 5,
    "xai_sample_size": 500,
    "lime_num_features": 5,
    "lime_num_samples": 500,
    "shap_max_evals": 300,
    "shap_batch_size": 32,
    "v2_enabled": true,
    "alpha_grid": [
      0.0,
      0.1,
      0.3,
      0.5,
      0.7,
      1.0
    ],
    "beta_grid": [
      0.0,
      0.1,
      0.3
    ],
    "attention_loss_alpha": 1.0,
    "target_loss_beta": 0.0,
    "target_labels": [],
    "xai_context_sample_size": 500,
    "xai_ablation_sample_size": 50,
    "xai_interaction_pairs": 50,
    "xai_mss_threshold": 0.8
  },
  "metrics": {
    "accuracy": 0.6918468351133108,
    "macro_f1": 0.6871822035206047,
    "macro_precision": 0.6872243568008928,
    "macro_recall": 0.6917168971979327,
    "auroc": 0.8554154135342774,
    "per_class_precision": {
      "hatespeech": 0.7482625482625482,
      "offensive": 0.5365448504983389,
      "normal": 0.7768656716417911
    },
    "per_class_recall": {
      "hatespeech": 0.8170320404721754,
      "offensive": 0.5899543378995433,
      "normal": 0.6681643132220796
    },
    "per_class_f1": {
      "hatespeech": 0.781136638452237,
      "offensive": 0.5619834710743802,
      "normal": 0.7184265010351967
    },
    "confusion_matrix": [
      [
        969,
        150,
        67
      ],
      [
        217,
        646,
        232
      ],
      [
        109,
        408,
        1041
      ]
    ],
    "loss": 0.841508154074351
  },
  "prediction_artifact": "/workspace/HateSpeachStudy/v2/outputs/experiments/v2_15seed/benchmark/runs/b_b/seed_142/predictions.pkl"
}