epoch,train_loss,val_loss,val_macro_f1,val_macro_precision,val_macro_recall
1,1.0873359629086086,1.0781263669331869,0.19740445990254432,0.6690003483106932,0.3356279464802255
2,1.0750271615527924,1.0724172751108805,0.2759499313686258,0.31924530289265446,0.3684939325651355
3,1.067546268304189,1.065295191605886,0.3274471539166102,0.4772663339974678,0.4032482131314534
4,1.0641631080990746,1.0590336203575135,0.2815348246635827,0.4611502970984569,0.3718418561588392
5,1.0613341084548404,1.0584214210510254,0.30975410851198487,0.42805602812555527,0.3877441804988562
