epoch,train_loss,val_loss,val_macro_f1,val_macro_precision,val_macro_recall,train_attention_loss,train_target_loss
1,1.1017979735419863,1.0967010855674744,0.2869275807005968,0.41999764243904414,0.36239901695677507,0.0,0.0
2,1.0950976859955561,1.0938828508059184,0.30119930039447146,0.4475734319617815,0.376074188306653,0.0,0.0
3,1.091744579587664,1.0908186833063762,0.35234081415063007,0.4438866735830284,0.4002971644133326,0.0,0.0
4,1.0901510567892165,1.088251252969106,0.39416818601624154,0.4464249273771667,0.42025425605618055,0.0,0.0
5,1.0888525667644682,1.0879316926002502,0.38209217174734417,0.44418196325405557,0.41530786831450844,0.0,0.0
