{
  "display_name": "BERT+VADER (Frozen Encoder)",
  "model_name": "bert-base-uncased",
  "seed": 62,
  "best_epoch": 3,
  "best_val_macro_f1": 0.3274471539166102,
  "elapsed_seconds": 143.46421670913696,
  "class_weight": {
    "counts": {
      "hatespeech": 4151,
      "offensive": 3830,
      "normal": 5452
    },
    "ratios": {
      "hatespeech": 0.3090151120375195,
      "offensive": 0.28511873743765354,
      "normal": 0.40586615052482694
    },
    "minority_ratio": 0.28511873743765354,
    "use_class_weight": false,
    "threshold": 0.1
  },
  "hyperparams": {
    "split_train": 0.7,
    "split_val": 0.1,
    "split_test": 0.2,
    "max_len": 128,
    "batch_size": 64,
    "epochs": 5,
    "learning_rate": 2e-05,
    "warmup_ratio": 0.1,
    "weight_decay": 0.01,
    "dropout": 0.1,
    "mlp_hidden": 256,
    "early_stopping_patience": 2,
    "early_stopping_min_delta": 0.0001,
    "imbalance_threshold": 0.1,
    "seeds": [
      42,
      52,
      62
    ],
    "tune_learning_rates": [
      1e-05,
      2e-05,
      3e-05
    ],
    "tune_batch_sizes": [
      64
    ],
    "tune_dropouts": [
      0.1,
      0.2,
      0.3
    ],
    "tune_epochs": [
      5
    ],
    "tuning_seed": 42,
    "tuning_max_epochs": 5,
    "xai_sample_size": 24,
    "lime_num_features": 5,
    "lime_num_samples": 500,
    "shap_max_evals": 300,
    "shap_batch_size": 32
  },
  "metrics": {
    "accuracy": 0.472518885126335,
    "macro_f1": 0.33826682724177,
    "macro_precision": 0.6502626054206858,
    "macro_recall": 0.4119801299363646,
    "auroc": 0.6438842822294087,
    "per_class_precision": {
      "hatespeech": 0.6149732620320856,
      "offensive": 0.8888888888888888,
      "normal": 0.4469256653410829
    },
    "per_class_recall": {
      "hatespeech": 0.290893760539629,
      "offensive": 0.0073059360730593605,
      "normal": 0.9377406931964056
    },
    "per_class_f1": {
      "hatespeech": 0.3949627933600458,
      "offensive": 0.014492753623188406,
      "normal": 0.6053449347420758
    },
    "confusion_matrix": [
      [
        345,
        0,
        841
      ],
      [
        120,
        8,
        967
      ],
      [
        96,
        1,
        1461
      ]
    ],
    "loss": 1.0616775135199228
  },
  "prediction_artifact": "/Users/winterflw/HateSpeachStudy/outputs/runs/bert_vader_frozen_encoder/seed_62/predictions.pkl"
}