{
  "display_name": "BERT+VADER (Frozen Encoder)",
  "model_name": "bert-base-uncased",
  "seed": 62,
  "best_epoch": 4,
  "best_val_macro_f1": 0.39380790807942523,
  "elapsed_seconds": 158.66824913024902,
  "class_weight": {
    "counts": {
      "hatespeech": 4151,
      "offensive": 3830,
      "normal": 5452
    },
    "ratios": {
      "hatespeech": 0.3090151120375195,
      "offensive": 0.28511873743765354,
      "normal": 0.40586615052482694
    },
    "minority_ratio": 0.28511873743765354,
    "use_class_weight": true,
    "threshold": 0.4,
    "weights": {
      "hatespeech": 1.0786958965711073,
      "offensive": 1.1691035683202784,
      "normal": 0.8212888236732697
    }
  },
  "hyperparams": {
    "split_train": 0.7,
    "split_val": 0.1,
    "split_test": 0.2,
    "max_len": 128,
    "batch_size": 64,
    "epochs": 5,
    "learning_rate": 1e-05,
    "warmup_ratio": 0.1,
    "weight_decay": 0.01,
    "dropout": 0.1,
    "mlp_hidden": 256,
    "early_stopping_patience": 2,
    "early_stopping_min_delta": 0.0001,
    "imbalance_threshold": 0.4,
    "seeds": [
      42,
      52,
      62
    ],
    "tune_learning_rates": [
      1e-05,
      2e-05,
      3e-05
    ],
    "tune_batch_sizes": [
      64
    ],
    "tune_dropouts": [
      0.1,
      0.2,
      0.3
    ],
    "tune_epochs": [
      5
    ],
    "tuning_seed": 42,
    "tuning_max_epochs": 5,
    "xai_sample_size": 50,
    "lime_num_features": 5,
    "lime_num_samples": 500,
    "shap_max_evals": 300,
    "shap_batch_size": 32
  },
  "metrics": {
    "accuracy": 0.4128679343579057,
    "macro_f1": 0.4017821377933066,
    "macro_precision": 0.4387329947582203,
    "macro_recall": 0.4302161911284775,
    "auroc": 0.6231209882890903,
    "per_class_precision": {
      "hatespeech": 0.3963507349214394,
      "offensive": 0.3561301084236864,
      "normal": 0.5637181409295352
    },
    "per_class_recall": {
      "hatespeech": 0.6593591905564924,
      "offensive": 0.38995433789954337,
      "normal": 0.24133504492939667
    },
    "per_class_f1": {
      "hatespeech": 0.49509338398227287,
      "offensive": 0.3722755013077594,
      "normal": 0.3379775280898876
    },
    "confusion_matrix": [
      [
        782,
        284,
        120
      ],
      [
        497,
        427,
        171
      ],
      [
        694,
        488,
        376
      ]
    ],
    "loss": 1.0847319225470224
  },
  "prediction_artifact": "/Users/winterflw/HateSpeachStudy/outputs/runs/bert_vader_frozen_encoder/seed_62/predictions.pkl"
}