epoch,train_loss,val_loss,val_macro_f1,val_macro_precision,val_macro_recall
1,0.9288310113407316,0.7780680616696676,0.6259431390298542,0.6270852928001149,0.6360677708484869
2,0.7002011512007033,0.726559865474701,0.6630875272488331,0.6689199412752544,0.6595650011818958
3,0.5960397473403386,0.7440756380558013,0.6655981616197203,0.6649866753023767,0.6663560249696755
4,0.5039363416887465,0.7872594277064006,0.6635271649378303,0.6633553459698402,0.6656548973079496
