epoch,train_loss,val_loss,val_macro_f1,val_macro_precision,val_macro_recall
1,1.0128300127528962,0.8812336484591167,0.6433212206910204,0.6430834658364326,0.644340422828022
2,0.8359622191815149,0.8366031269232432,0.658722544066839,0.668317479974727,0.6563385156143585
3,0.7732357135840825,0.8412744204203287,0.6673837165479375,0.6697363784199385,0.6664231375022605
4,0.7339502405552637,0.8430442869663238,0.6691736319006582,0.6721299772924071,0.6707602177658947
