{
  "display_name": "BERT+VADER (Fine-tuned Encoder)",
  "model_name": "bert-base-uncased",
  "seed": 62,
  "best_epoch": 3,
  "best_val_macro_f1": 0.6655981616197203,
  "elapsed_seconds": 557.0283851623535,
  "class_weight": {
    "counts": {
      "hatespeech": 4151,
      "offensive": 3830,
      "normal": 5452
    },
    "ratios": {
      "hatespeech": 0.3090151120375195,
      "offensive": 0.28511873743765354,
      "normal": 0.40586615052482694
    },
    "minority_ratio": 0.28511873743765354,
    "use_class_weight": false,
    "threshold": 0.1
  },
  "hyperparams": {
    "split_train": 0.7,
    "split_val": 0.1,
    "split_test": 0.2,
    "max_len": 128,
    "batch_size": 64,
    "epochs": 5,
    "learning_rate": 2e-05,
    "warmup_ratio": 0.1,
    "weight_decay": 0.01,
    "dropout": 0.1,
    "mlp_hidden": 256,
    "early_stopping_patience": 2,
    "early_stopping_min_delta": 0.0001,
    "imbalance_threshold": 0.1,
    "seeds": [
      42,
      52,
      62
    ],
    "tune_learning_rates": [
      1e-05,
      2e-05,
      3e-05
    ],
    "tune_batch_sizes": [
      64
    ],
    "tune_dropouts": [
      0.1,
      0.2,
      0.3
    ],
    "tune_epochs": [
      5
    ],
    "tuning_seed": 42,
    "tuning_max_epochs": 5,
    "xai_sample_size": 24,
    "lime_num_features": 5,
    "lime_num_samples": 500,
    "shap_max_evals": 300,
    "shap_batch_size": 32
  },
  "metrics": {
    "accuracy": 0.6980984631414431,
    "macro_f1": 0.687274852790523,
    "macro_precision": 0.6871284181796146,
    "macro_recall": 0.687948701831579,
    "auroc": 0.8551501897185751,
    "per_class_precision": {
      "hatespeech": 0.76253081347576,
      "offensive": 0.5628042843232717,
      "normal": 0.7360501567398119
    },
    "per_class_recall": {
      "hatespeech": 0.7824620573355818,
      "offensive": 0.5278538812785388,
      "normal": 0.7535301668806161
    },
    "per_class_f1": {
      "hatespeech": 0.772367873491469,
      "offensive": 0.5447690857681433,
      "normal": 0.7446875991119569
    },
    "confusion_matrix": [
      [
        928,
        165,
        93
      ],
      [
        189,
        578,
        328
      ],
      [
        100,
        284,
        1174
      ]
    ],
    "loss": 0.7200248678525288
  },
  "prediction_artifact": "/Users/winterflw/HateSpeachStudy/outputs/runs/bert_vader_fine_tuned_encoder/seed_62/predictions.pkl"
}