epoch,epoch_seconds,train_loss,train_loss_std,train_cls_loss,train_attention_loss,train_target_loss,train_accuracy,train_grad_norm_mean,train_grad_norm_max,val_loss,val_macro_f1,val_macro_precision,val_macro_recall,val_accuracy,val_f1_hatespeech,val_f1_offensive,val_f1_normal,val_precision_hatespeech,val_precision_offensive,val_precision_normal,val_recall_hatespeech,val_recall_offensive,val_recall_normal,learning_rate,amp_scale,early_stop_counter,val_cm_0_0,val_cm_0_1,val_cm_0_2,val_cm_1_0,val_cm_1_1,val_cm_1_2,val_cm_2_0,val_cm_2_1,val_cm_2_2
1,10.514,2.142967274075463,0.270438296759966,0.9748240553197407,1.168143219607217,0.0,0.5261669024045261,inf,inf,0.8538957993189494,0.648778835300948,0.6483411303651129,0.649269761184356,0.6588541666666666,0.7414225941422594,0.4899817850637523,0.7149321266968326,0.7358803986710963,0.4890909090909091,0.7200520833333334,0.7470489038785835,0.4908759124087591,0.7098844672657253,1.7777777777777777e-05,32768.0,0,443,102,48,112,269,167,47,179,553
2,10.517,1.9298328717549642,0.2296177149074219,0.8081033292270842,1.1217295422440483,0.0,0.6948559517605896,3.2965533165704635,5.712933540344238,0.8218096514542897,0.6615960647500722,0.6640844123272428,0.6610156579037302,0.6666666666666666,0.747008547008547,0.5201716738197425,0.717607973421927,0.75736568457539,0.49108589951377635,0.743801652892562,0.7369308600337268,0.5529197080291971,0.693196405648267,1.3333333333333333e-05,32768.0,0,437,117,39,98,303,147,42,197,540
3,10.511,1.8508003961472284,0.21855310941170436,0.7358222720168885,1.114978127252488,0.0,0.7471897565696419,3.981024550256275,7.985528469085693,0.8323592722415925,0.6583320159632583,0.6580687634924206,0.6602266037123513,0.665625,0.7543138866064092,0.5070671378091873,0.7136150234741784,0.7355769230769231,0.4914383561643836,0.7471910112359551,0.7740303541315345,0.5237226277372263,0.6829268292682927,8.888888888888888e-06,32768.0,0,459,103,31,112,287,149,53,194,532
4,10.524,1.783860316730681,0.20854435200017968,0.6765162643932161,1.1073440514859698,0.0,0.7895481277451053,inf,inf,0.8654885371526082,0.6579276504162918,0.6695374863672222,0.6641941041813936,0.6572916666666667,0.7612061939690301,0.5399841646872525,0.6725925925925926,0.7365930599369085,0.47692307692307695,0.7950963222416813,0.7875210792580101,0.6222627737226277,0.582798459563543,4.444444444444444e-06,16384.0,1,467,100,26,116,341,91,51,274,454
