epoch,train_loss,val_loss,val_macro_f1,val_macro_precision,val_macro_recall
1,0.9387368961459115,0.8040256083011628,0.5781973157631469,0.6214123902734526,0.6138726800781019
2,0.7234141758510044,0.7492545887827873,0.6513252562986532,0.6498135391150422,0.6537793170224808
3,0.6317769096720787,0.7352721273899079,0.6683584173018096,0.6696855178836013,0.6695949394179824
4,0.5595040615825426,0.7587902377049128,0.6611504165272736,0.6608129806446078,0.663084136262206
5,0.5092396002795015,0.775908566514651,0.6609789843804489,0.6592660945629103,0.6646272899814498
