epoch,train_loss,val_loss,val_macro_f1,val_macro_precision,val_macro_recall
1,1.0930880223001753,1.080167826016744,0.19614979073195402,0.38542210617928635,0.3347302518357493
2,1.0771439347948346,1.0718671003977458,0.2050463776497542,0.6456973110127796,0.33789730420459807
3,1.0708663486299062,1.0667685627937318,0.30593372472304287,0.6576096547405573,0.3885033982658937
4,1.0656276606378101,1.0635915716489157,0.2745789136524186,0.5908683681689817,0.3718210421617711
5,1.0646164349147251,1.0620093504587809,0.2952953394908934,0.4911600346854224,0.37992510168678467
