epoch,train_loss,val_loss,val_macro_f1,val_macro_precision,val_macro_recall,train_attention_loss,train_target_loss
1,1.1024870208331516,1.0982854604721068,0.29634131994161156,0.3730665118603273,0.36011736992800336,0.0,0.0
2,1.0966732473600478,1.0942348758379619,0.3459044877292736,0.41432498928202177,0.389059295397308,0.0,0.0
3,1.0936371525128683,1.0919021169344585,0.31821483082706453,0.4336367393658012,0.38332367438513987,0.0,0.0
4,1.090870085216704,1.09025590022405,0.3766537639340916,0.43412130874328253,0.4097493934182115,0.0,0.0
5,1.0905319236573718,1.0896428108215332,0.3806073785534511,0.4390912704866193,0.41302155074435626,0.0,0.0
