epoch,train_loss,val_loss,val_macro_f1,val_macro_precision,val_macro_recall
1,1.1024870168595087,1.098285476366679,0.29634131994161156,0.3730665118603273,0.36011736992800336
2,1.0966732422510783,1.0942349036534627,0.3459044877292736,0.41432498928202177,0.389059295397308
3,1.0936371485392253,1.0919022838274637,0.31821483082706453,0.4336367393658012,0.38332367438513987
4,1.090869945571536,1.0902554472287496,0.3766537639340916,0.43412130874328253,0.4097493934182115
5,1.090531631310781,1.0896425127983094,0.3806073785534511,0.4390912704866193,0.41302155074435626
