{
  "display_name": "BERT+VADER (Frozen Encoder)",
  "model_name": "bert-base-uncased",
  "seed": 52,
  "best_epoch": 5,
  "best_val_macro_f1": 0.3806073785534511,
  "elapsed_seconds": 160.8926911354065,
  "class_weight": {
    "counts": {
      "hatespeech": 4151,
      "offensive": 3830,
      "normal": 5452
    },
    "ratios": {
      "hatespeech": 0.3090151120375195,
      "offensive": 0.28511873743765354,
      "normal": 0.40586615052482694
    },
    "minority_ratio": 0.28511873743765354,
    "use_class_weight": true,
    "threshold": 0.4,
    "weights": {
      "hatespeech": 1.0786958965711073,
      "offensive": 1.1691035683202784,
      "normal": 0.8212888236732697
    }
  },
  "hyperparams": {
    "split_train": 0.7,
    "split_val": 0.1,
    "split_test": 0.2,
    "max_len": 128,
    "batch_size": 64,
    "epochs": 5,
    "learning_rate": 1e-05,
    "warmup_ratio": 0.1,
    "weight_decay": 0.01,
    "dropout": 0.1,
    "mlp_hidden": 256,
    "early_stopping_patience": 2,
    "early_stopping_min_delta": 0.0001,
    "imbalance_threshold": 0.4,
    "seeds": [
      42,
      52,
      62
    ],
    "tune_learning_rates": [
      1e-05,
      2e-05,
      3e-05
    ],
    "tune_batch_sizes": [
      64
    ],
    "tune_dropouts": [
      0.1,
      0.2,
      0.3
    ],
    "tune_epochs": [
      5
    ],
    "tuning_seed": 42,
    "tuning_max_epochs": 5,
    "xai_sample_size": 50,
    "lime_num_features": 5,
    "lime_num_samples": 500,
    "shap_max_evals": 300,
    "shap_batch_size": 32
  },
  "metrics": {
    "accuracy": 0.4139098723625944,
    "macro_f1": 0.3975872829582956,
    "macro_precision": 0.4424578299269221,
    "macro_recall": 0.43116173734361235,
    "auroc": 0.6170066091241111,
    "per_class_precision": {
      "hatespeech": 0.3905599259602036,
      "offensive": 0.366954851104707,
      "normal": 0.5698587127158555
    },
    "per_class_recall": {
      "hatespeech": 0.7116357504215851,
      "offensive": 0.34885844748858447,
      "normal": 0.23299101412066753
    },
    "per_class_f1": {
      "hatespeech": 0.5043322378249179,
      "offensive": 0.35767790262172283,
      "normal": 0.330751708428246
    },
    "confusion_matrix": [
      [
        844,
        231,
        111
      ],
      [
        550,
        382,
        163
      ],
      [
        767,
        428,
        363
      ]
    ],
    "loss": 1.0862261354923248
  },
  "prediction_artifact": "/Users/winterflw/HateSpeachStudy/outputs/runs/bert_vader_frozen_encoder/seed_52/predictions.pkl"
}