{
  "display_name": "BERT+VADER (Frozen Encoder)",
  "model_name": "bert-base-uncased",
  "seed": 52,
  "best_epoch": 3,
  "best_val_macro_f1": 0.30593372472304287,
  "elapsed_seconds": 151.13224911689758,
  "class_weight": {
    "counts": {
      "hatespeech": 4151,
      "offensive": 3830,
      "normal": 5452
    },
    "ratios": {
      "hatespeech": 0.3090151120375195,
      "offensive": 0.28511873743765354,
      "normal": 0.40586615052482694
    },
    "minority_ratio": 0.28511873743765354,
    "use_class_weight": false,
    "threshold": 0.1
  },
  "hyperparams": {
    "split_train": 0.7,
    "split_val": 0.1,
    "split_test": 0.2,
    "max_len": 128,
    "batch_size": 64,
    "epochs": 5,
    "learning_rate": 2e-05,
    "warmup_ratio": 0.1,
    "weight_decay": 0.01,
    "dropout": 0.1,
    "mlp_hidden": 256,
    "early_stopping_patience": 2,
    "early_stopping_min_delta": 0.0001,
    "imbalance_threshold": 0.1,
    "seeds": [
      42,
      52,
      62
    ],
    "tune_learning_rates": [
      1e-05,
      2e-05,
      3e-05
    ],
    "tune_batch_sizes": [
      64
    ],
    "tune_dropouts": [
      0.1,
      0.2,
      0.3
    ],
    "tune_epochs": [
      5
    ],
    "tuning_seed": 42,
    "tuning_max_epochs": 5,
    "xai_sample_size": 24,
    "lime_num_features": 5,
    "lime_num_samples": 500,
    "shap_max_evals": 300,
    "shap_batch_size": 32
  },
  "metrics": {
    "accuracy": 0.45923417556655377,
    "macro_f1": 0.31682171531845954,
    "macro_precision": 0.5150527282794725,
    "macro_recall": 0.3967241611549796,
    "auroc": 0.6348788316862821,
    "per_class_precision": {
      "hatespeech": 0.6067653276955602,
      "offensive": 0.5,
      "normal": 0.43839285714285714
    },
    "per_class_recall": {
      "hatespeech": 0.24198988195615515,
      "offensive": 0.0027397260273972603,
      "normal": 0.9454428754813864
    },
    "per_class_f1": {
      "hatespeech": 0.3459915611814346,
      "offensive": 0.005449591280653951,
      "normal": 0.5990239934932899
    },
    "confusion_matrix": [
      [
        287,
        0,
        899
      ],
      [
        104,
        3,
        988
      ],
      [
        82,
        3,
        1473
      ]
    ],
    "loss": 1.0634582817554474
  },
  "prediction_artifact": "/Users/winterflw/HateSpeachStudy/outputs/runs/bert_vader_frozen_encoder/seed_52/predictions.pkl"
}