epoch,train_loss,val_loss,val_macro_f1,val_macro_precision,val_macro_recall
1,0.9080520281124682,0.7703990673025449,0.6081027946690867,0.6282624943199929,0.6322757942491976
2,0.6937247561202162,0.7449400670826435,0.6719453729210558,0.6716138986927899,0.6751822052326002
3,0.5881351238560109,0.7585436535378297,0.6615862590561247,0.6603549387447117,0.6664856584989577
4,0.5001761503872417,0.8227922751257817,0.6556384712441853,0.6556949623153422,0.661367959197055
