epoch,train_loss,val_loss,val_macro_f1,val_macro_precision,val_macro_recall,train_attention_loss,train_target_loss
1,2.3207922481355214,0.8453363100687663,0.6516662598884068,0.6501117858505328,0.6557128250306382,1.1657090842723847,0.6009832453160059
2,2.0323193868001304,0.8544229944547017,0.6523854208320631,0.6545988669006712,0.6564380441006238,1.1162864335945675,0.39150622813474567
3,1.9205386468342371,0.838807213306427,0.6605754581225978,0.6602612811824148,0.66099479386985,1.1090862796420142,0.28056830394835697
4,1.8462155024210611,0.8680723150571187,0.6649680997507085,0.6666185171791931,0.6678107649587274,1.1037778309413364,0.24750313084749948
5,1.7935951726777213,0.8874174038569133,0.6609807412310508,0.663080217823472,0.6639177772034254,1.1011859800134387,0.23845633814732234
