epoch,epoch_seconds,train_loss,train_loss_std,train_cls_loss,train_attention_loss,train_target_loss,train_accuracy,train_grad_norm_mean,train_grad_norm_max,val_loss,val_macro_f1,val_macro_precision,val_macro_recall,val_accuracy,val_f1_hatespeech,val_f1_offensive,val_f1_normal,val_precision_hatespeech,val_precision_offensive,val_precision_normal,val_recall_hatespeech,val_recall_offensive,val_recall_normal,learning_rate,amp_scale,early_stop_counter,val_cm_0_0,val_cm_0_1,val_cm_0_2,val_cm_1_0,val_cm_1_1,val_cm_1_2,val_cm_2_0,val_cm_2_1,val_cm_2_2
1,10.347,0.9730394156206221,0.09682630693278436,0.9730394156206221,0.0,0.0,0.5246035881783667,inf,inf,0.8503820776939393,0.6575343990002173,0.6563755253116805,0.6590355827413807,0.6682291666666667,0.7469084913437758,0.5013774104683195,0.7243172951885566,0.7306451612903225,0.5046210720887245,0.7338603425559947,0.7639123102866779,0.4981751824817518,0.7150192554557124,1.7777777777777777e-05,32768.0,0,453,102,38,111,273,164,56,166,557
2,10.323,0.8078722335043408,0.07029872020591979,0.8078722335043408,0.0,0.0,0.6970892577979603,3.4747013727823894,6.223663806915283,0.8453485349814097,0.633346619826176,0.6348783385073654,0.6419064268740408,0.646875,0.7268656716417911,0.4708097928436911,0.7023643949930459,0.6519410977242303,0.48638132295719844,0.7663125948406677,0.821247892074199,0.4562043795620438,0.6482670089858793,1.3333333333333333e-05,32768.0,0,487,84,22,166,250,132,94,180,505
3,10.327,0.7291334504172915,0.06828998006599467,0.7291334504172915,0.0,0.0,0.7555274324424923,3.995420673915318,7.070444583892822,0.8589887261390686,0.6565175167615526,0.6585752371183844,0.6606751376461347,0.6625,0.7400318979266348,0.5190311418685121,0.7104895104895105,0.7019667170953101,0.4934210526315789,0.7803379416282642,0.7824620573355818,0.5474452554744526,0.6521181001283697,8.888888888888888e-06,32768.0,0,464,102,27,132,300,116,65,206,508
4,10.403,0.6654268178201858,0.0677714797056301,0.6654268178201858,0.0,0.0,0.8004168837936425,4.789016325133187,11.031983375549316,0.891253803173701,0.6520296339221311,0.653595080610318,0.6579355760980722,0.6598958333333333,0.7412587412587412,0.5088652482269503,0.7059649122807018,0.6873198847262247,0.49482758620689654,0.7786377708978328,0.8043844856661045,0.5237226277372263,0.6456996148908858,4.444444444444444e-06,32768.0,1,477,88,28,146,287,115,71,205,503
