epoch,epoch_seconds,train_loss,train_loss_std,train_cls_loss,train_attention_loss,train_target_loss,train_accuracy,train_grad_norm_mean,train_grad_norm_max,val_loss,val_macro_f1,val_macro_precision,val_macro_recall,val_accuracy,val_f1_hatespeech,val_f1_offensive,val_f1_normal,val_precision_hatespeech,val_precision_offensive,val_precision_normal,val_recall_hatespeech,val_recall_offensive,val_recall_normal,learning_rate,amp_scale,early_stop_counter,val_cm_0_0,val_cm_0_1,val_cm_0_2,val_cm_1_0,val_cm_1_1,val_cm_1_2,val_cm_2_0,val_cm_2_1,val_cm_2_2
1,9.805,2.1432219408807303,0.2522126670995906,0.9758045117060343,1.1674174308776855,0.0,0.5260924588699472,inf,inf,0.8654410521189372,0.6314163301811485,0.6317313302028809,0.6393227497469889,0.6484375,0.7194570135746606,0.466403162055336,0.7083888149134487,0.6507503410641201,0.5086206896551724,0.73582295988935,0.8043844856661045,0.4306569343065693,0.6829268292682927,1.7777777777777777e-05,32768.0,0,477,84,32,153,236,159,103,144,532
2,9.739,1.9287847825459072,0.22966940806964145,0.8077557319686526,1.121029045468285,0.0,0.69634482245217,3.6301308336712066,6.846532344818115,0.834176766872406,0.6460135590158886,0.6459010156678139,0.6533253066912907,0.6588541666666666,0.7433358720487433,0.48179271708683474,0.7129120879120879,0.6777777777777778,0.4933078393881453,0.7666174298375185,0.8229342327150084,0.4708029197080292,0.6662387676508345,1.3333333333333333e-05,32768.0,0,488,78,27,159,258,131,73,187,519
3,9.728,1.8402248002233959,0.23810937489468267,0.7350232794171287,1.105201522509257,0.0,0.7481575225191692,3.880029627255031,6.118181228637695,0.8500822265942891,0.6498455433683089,0.6482729903371812,0.6552048974009126,0.6614583333333334,0.7486296006264683,0.4897959183673469,0.7111111111111111,0.6988304093567251,0.4981132075471698,0.7478753541076487,0.806070826306914,0.48175182481751827,0.6777920410783055,8.888888888888888e-06,32768.0,0,478,78,37,143,264,141,63,188,528
4,10.69,1.7855213574000768,0.21494074810772335,0.6770281022503263,1.1084932565689087,0.0,0.7856026204124171,4.604698980422247,9.441370010375977,0.8741940935452779,0.6421204029712508,0.6465200563536865,0.6493983202389366,0.646875,0.7492211838006231,0.5046888320545609,0.6724511930585684,0.6960926193921853,0.4736,0.7698675496688742,0.8111298482293423,0.5401459854014599,0.5969191270860077,4.444444444444444e-06,32768.0,1,481,84,28,141,296,111,69,245,465
