epoch,train_loss,val_loss,val_macro_f1,val_macro_precision,val_macro_recall,train_attention_loss,train_target_loss
1,1.012961080528441,0.8812417546908061,0.6431233799108055,0.6423984517539747,0.6445836860072692,0.0,0.0
2,0.8359889036133176,0.8367878218491872,0.6602328465052616,0.6696458515957752,0.65793680068321,0.0,0.0
3,0.7733504218714577,0.8412881513436635,0.6654195051600883,0.6678774898969367,0.6643969534175767,0.0,0.0
4,0.7339848646095821,0.8432574888070424,0.6688507288328441,0.6713531467254326,0.6703994707853936,0.0,0.0
