epoch,train_loss,val_loss,val_macro_f1,val_macro_precision,val_macro_recall
1,0.9070755802449726,0.7745156566301982,0.6262243396389738,0.6364890885750962,0.640065634445156
2,0.6797170590786706,0.7587666839361191,0.6567374482247003,0.6552350984772829,0.6616195679898543
3,0.5450114424739565,0.7892615258693695,0.655595661070817,0.6576680820912977,0.6559781162580257
4,0.4172153658100537,0.8609849611918131,0.6485602048408424,0.6464985596096038,0.6541648216908968
