epoch,train_loss,val_loss,val_macro_f1,val_macro_precision,val_macro_recall,train_attention_loss,train_target_loss
1,0.9885901368799663,0.8630768855412801,0.6391598734328375,0.6426557454180899,0.6487031061383438,0.0,0.0
2,0.8132046134698958,0.848417999347051,0.6573739339908494,0.6563998640499581,0.6585616143059607,0.0,0.0
3,0.7308718865826016,0.8406491915384928,0.6724505478191097,0.6731444618592666,0.6727154351667047,0.0,0.0
4,0.6628622553178243,0.8713802476723989,0.6563744013669028,0.6564519293377008,0.6634812139185535,0.0,0.0
5,0.6150001010724476,0.8852379004160563,0.6632635805363186,0.6633465656201131,0.6669508836598453,0.0,0.0
