epoch,train_loss,val_loss,val_macro_f1,val_macro_precision,val_macro_recall
1,1.031021534545081,0.9089511553446452,0.5703539937764162,0.6033581879248293,0.5870308812509153
2,0.8637963680993943,0.8584007680416107,0.6349918470379659,0.633593432350087,0.6410382499984186
3,0.7995998396759941,0.839113308986028,0.6579695770573234,0.6572285535752478,0.6588342161749452
4,0.7611041937555586,0.8455956776936849,0.6567466724002743,0.6547417863207338,0.6611075175901647
5,0.7367866527466547,0.8461713830629984,0.6587157935654876,0.6573658488076292,0.662353311752509
