epoch,epoch_seconds,train_loss,train_loss_std,train_cls_loss,train_attention_loss,train_target_loss,train_accuracy,train_grad_norm_mean,train_grad_norm_max,val_loss,val_macro_f1,val_macro_precision,val_macro_recall,val_accuracy,val_f1_hatespeech,val_f1_offensive,val_f1_normal,val_precision_hatespeech,val_precision_offensive,val_precision_normal,val_recall_hatespeech,val_recall_offensive,val_recall_normal,learning_rate,amp_scale,early_stop_counter,val_cm_0_0,val_cm_0_1,val_cm_0_2,val_cm_1_0,val_cm_1_1,val_cm_1_2,val_cm_2_0,val_cm_2_1,val_cm_2_2
1,10.191,0.9784422601972308,0.08943015053984954,0.9784422601972308,0.0,0.0,0.5249758058512618,inf,inf,0.8727687458197276,0.6073307031560132,0.6251841877644839,0.6154770433028632,0.6046875,0.7524271844660194,0.4774292272379495,0.5921356977640709,0.7231726283048211,0.41106719367588934,0.7413127413127413,0.7841483979763912,0.5693430656934306,0.49293966623876767,1.7777777777777777e-05,16384.0,0,465,102,26,128,312,108,50,345,384
2,10.336,0.8204864135810307,0.06683110239028314,0.8204864135810307,0.0,0.0,0.6831683168316832,3.568336532229469,7.23184871673584,0.8316590408484141,0.6678657164158007,0.6721863824649992,0.6679078429579589,0.6708333333333333,0.7514944491887275,0.5342237061769616,0.7178789938817132,0.7612456747404844,0.49230769230769234,0.7630057803468208,0.7419898819561551,0.583941605839416,0.6777920410783055,1.3333333333333333e-05,16384.0,0,440,124,29,93,320,135,45,206,528
3,10.326,0.7415893216927846,0.06409078138998367,0.7415893216927846,0.0,0.0,0.7436909104444279,4.18984093893142,8.206609725952148,0.8441160162289937,0.661243055616303,0.6599704729417596,0.6628782387307606,0.6739583333333333,0.759075907590759,0.48930232558139536,0.7353509336767546,0.7431340872374798,0.4990512333965844,0.7377260981912145,0.7757166947723441,0.47992700729927007,0.7329910141206675,8.888888888888888e-06,16384.0,0,460,98,35,117,263,168,42,166,571
4,10.337,0.678871354602632,0.06545188146788479,0.678871354602632,0.0,0.0,0.7893247971413683,4.876687466530573,9.320579528808594,0.8620749672253927,0.674035432635772,0.6740139920421545,0.6754964851325331,0.68125,0.7626137303556658,0.5268722466960353,0.732620320855615,0.7483766233766234,0.5093696763202725,0.7642956764295676,0.7774030354131535,0.5456204379562044,0.7034659820282413,4.444444444444444e-06,16384.0,1,461,99,33,113,299,136,42,189,548
