epoch,epoch_seconds,train_loss,train_loss_std,train_cls_loss,train_attention_loss,train_target_loss,train_accuracy,train_grad_norm_mean,train_grad_norm_max,val_loss,val_macro_f1,val_macro_precision,val_macro_recall,val_accuracy,val_f1_hatespeech,val_f1_offensive,val_f1_normal,val_precision_hatespeech,val_precision_offensive,val_precision_normal,val_recall_hatespeech,val_recall_offensive,val_recall_normal,learning_rate,amp_scale,early_stop_counter,val_cm_0_0,val_cm_0_1,val_cm_0_2,val_cm_1_0,val_cm_1_1,val_cm_1_2,val_cm_2_0,val_cm_2_1,val_cm_2_2
1,10.766,2.1222335054760886,0.2742680773957668,0.9606938387666429,1.1615396644387925,0.0,0.5314523933596367,2.50148682367234,7.381837368011475,0.8492119034131368,0.6440683852188162,0.6428190022340092,0.6456325049918172,0.6552083333333333,0.7475247524752475,0.4738292011019284,0.7108512020792722,0.7318255250403877,0.47689463955637706,0.7197368421052631,0.7639123102866779,0.4708029197080292,0.7021822849807445,1.7777777777777777e-05,65536.0,0,453,97,43,120,258,170,46,186,547
2,10.82,1.9253838720775787,0.22420219789820614,0.8035886370000385,1.1217952302524021,0.0,0.6978336931437504,3.4747818174816314,7.218037128448486,0.8357068280378978,0.6607971259107958,0.6615112038572963,0.6663548109186034,0.6671875,0.7624309392265194,0.5188431200701139,0.7011173184357542,0.7166172106824926,0.4991568296795953,0.7687595712098009,0.8145025295109612,0.5401459854014599,0.6444159178433889,1.3333333333333333e-05,65536.0,0,483,81,29,130,296,122,61,216,502
3,10.589,1.8512319587525867,0.23349691886929871,0.7375521747838883,1.1136797902129945,0.0,0.7465942082930097,3.9233187800361997,6.6533284187316895,0.8485543131828308,0.665942334592381,0.6703157588471965,0.670067475220467,0.6682291666666667,0.763458401305057,0.5369908561928513,0.6973777462792345,0.7393364928909952,0.49312977099236643,0.7784810126582279,0.7892074198988196,0.5894160583941606,0.631578947368421,8.888888888888888e-06,65536.0,0,468,94,31,116,323,109,49,238,492
4,10.577,1.776241816225506,0.19786710606450306,0.6715833766119821,1.1046584407488504,0.0,0.7969180376684285,4.601181176730565,7.903747081756592,0.8688221971193949,0.6645144335218033,0.6683727915608512,0.6659191140606354,0.6666666666666666,0.7548441449031171,0.5362198168193172,0.7024793388429752,0.7542087542087542,0.49310872894333846,0.7578008915304606,0.7554806070826307,0.5875912408759124,0.6546854942233633,4.444444444444444e-06,65536.0,1,448,106,39,102,322,124,44,225,510
