epoch,epoch_seconds,train_loss,train_loss_std,train_cls_loss,train_attention_loss,train_target_loss,train_accuracy,train_grad_norm_mean,train_grad_norm_max,val_loss,val_macro_f1,val_macro_precision,val_macro_recall,val_accuracy,val_f1_hatespeech,val_f1_offensive,val_f1_normal,val_precision_hatespeech,val_precision_offensive,val_precision_normal,val_recall_hatespeech,val_recall_offensive,val_recall_normal,learning_rate,amp_scale,early_stop_counter,val_cm_0_0,val_cm_0_1,val_cm_0_2,val_cm_1_0,val_cm_1_1,val_cm_1_2,val_cm_2_0,val_cm_2_1,val_cm_2_2
1,11.185,1.0105351238023668,0.08484677647908377,1.0105351238023668,0.0,0.0,0.46810094543288916,2.861407424438567,10.219975471496582,0.9020511070887248,0.6027977400432903,0.6195488995257424,0.6031139978102943,0.6291666666666667,0.7029972752043597,0.39957939011566773,0.7058165548098434,0.7618110236220472,0.47146401985111663,0.6253716551040635,0.6526138279932546,0.3467153284671533,0.810012836970475,1.7777777777777777e-05,65536.0,0,387,106,100,80,190,278,41,107,631
2,11.328,0.846883419581822,0.06783383970228687,0.846883419581822,0.0,0.0,0.6624730142187151,5.388867429324558,11.39755916595459,0.8665850261847178,0.6345589273028511,0.6331110144295137,0.6406819444433691,0.6484375,0.7291021671826625,0.47464114832535886,0.6999334664005322,0.6738197424892703,0.49899396378269617,0.7265193370165746,0.7942664418212478,0.45255474452554745,0.675224646983312,1.3333333333333333e-05,65536.0,0,471,82,40,142,248,158,86,167,526
3,11.025,0.7887596448262533,0.06627754929635042,0.7887596448262533,0.0,0.0,0.7056502642745478,inf,inf,0.8727488915125529,0.6272922094627442,0.6304491866105915,0.6381346875317223,0.6401041666666667,0.7306002928257687,0.47136150234741786,0.6799148332150461,0.6455368693402329,0.48549323017408125,0.7603174603174603,0.8414839797639123,0.458029197080292,0.6148908857509627,8.888888888888888e-06,32768.0,0,499,62,32,178,251,119,96,204,479
4,11.056,0.7441194747175489,0.06943547817439462,0.7441194747175489,0.0,0.0,0.737214322936053,6.873300361633301,14.177474975585938,0.8852796932061513,0.6382965197554831,0.6427074494508677,0.6488359775760711,0.6479166666666667,0.7380073800738007,0.49818181818181817,0.6787003610108303,0.6561679790026247,0.4963768115942029,0.7755775577557755,0.8431703204047217,0.5,0.6033376123234917,4.444444444444444e-06,32768.0,1,500,65,28,166,274,108,96,213,470
