epoch,epoch_seconds,train_loss,train_loss_std,train_cls_loss,train_attention_loss,train_target_loss,train_accuracy,train_grad_norm_mean,train_grad_norm_max,val_loss,val_macro_f1,val_macro_precision,val_macro_recall,val_accuracy,val_f1_hatespeech,val_f1_offensive,val_f1_normal,val_precision_hatespeech,val_precision_offensive,val_precision_normal,val_recall_hatespeech,val_recall_offensive,val_recall_normal,learning_rate,amp_scale,early_stop_counter,val_cm_0_0,val_cm_0_1,val_cm_0_2,val_cm_1_0,val_cm_1_1,val_cm_1_2,val_cm_2_0,val_cm_2_1,val_cm_2_2
1,12.044,0.9868502724738348,0.1054367470933835,0.9868502724738348,0.0,0.0,0.4994416734906573,2.046268404949279,4.5924458503723145,0.8645505011081696,0.6391145384804405,0.6393329141268934,0.6398102715746923,0.6526041666666667,0.7365771812080537,0.4723809523809524,0.7083854818523154,0.7328881469115192,0.4940239043824701,0.6910866910866911,0.7403035413153457,0.45255474452554745,0.7265725288831836,1.7777777777777777e-05,65536.0,0,439,103,51,98,248,202,62,151,566
2,11.679,0.8063862982250395,0.0694490216550044,0.8063862982250395,0.0,0.0,0.6983547978858036,3.20169966788519,5.8100786209106445,0.8345081150531769,0.6601150030950319,0.6606734530505934,0.6670007176911633,0.6677083333333333,0.7591014717273431,0.5209634255129348,0.7002801120448179,0.7020057306590258,0.5095986038394416,0.7704160246533128,0.8263069139966274,0.5328467153284672,0.6418485237483954,1.3333333333333333e-05,65536.0,0,490,71,32,139,292,117,69,210,500
3,11.57,0.7293795619692122,0.07138315586966126,0.7293795619692122,0.0,0.0,0.7522519169210155,inf,inf,0.8518297433853149,0.664589853587955,0.6715707686316673,0.6656381270753525,0.6651041666666667,0.7493584260051326,0.5429497568881686,0.7014613778705637,0.7604166666666666,0.48833819241982507,0.7659574468085106,0.7386172006745363,0.6113138686131386,0.6469833119383825,8.888888888888888e-06,32768.0,0,438,123,32,91,335,122,47,228,504
4,11.339,0.661662470584824,0.07223750661598441,0.661662470584824,0.0,0.0,0.8004913273282216,4.579009131022862,9.314998626708984,0.8813234368960062,0.6507812405674396,0.653746534625168,0.6538162850093023,0.6536458333333334,0.7477403451109285,0.519327731092437,0.6852756454989533,0.7291666666666666,0.48130841121495327,0.7507645259938838,0.7672849915682968,0.5638686131386861,0.6302952503209243,4.444444444444444e-06,32768.0,1,455,99,39,115,309,124,54,234,491
