epoch,epoch_seconds,train_loss,train_loss_std,train_cls_loss,train_attention_loss,train_target_loss,train_accuracy,train_grad_norm_mean,train_grad_norm_max,val_loss,val_macro_f1,val_macro_precision,val_macro_recall,val_accuracy,val_f1_hatespeech,val_f1_offensive,val_f1_normal,val_precision_hatespeech,val_precision_offensive,val_precision_normal,val_recall_hatespeech,val_recall_offensive,val_recall_normal,learning_rate,amp_scale,early_stop_counter,val_cm_0_0,val_cm_0_1,val_cm_0_2,val_cm_1_0,val_cm_1_1,val_cm_1_2,val_cm_2_0,val_cm_2_1,val_cm_2_2
1,9.73,0.9943589474473681,0.09599224697204145,0.9943589474473681,0.0,0.0,0.5039082855653987,1.920558008977345,4.77736759185791,0.854855461915334,0.6413845925811538,0.6415530728992018,0.64998626594849,0.6588541666666666,0.7368421052631579,0.47035573122529645,0.7169559412550067,0.6648575305291723,0.5129310344827587,0.7468706536856745,0.8263069139966274,0.4343065693430657,0.6893453145057766,1.7777777777777777e-05,65536.0,0,490,72,31,159,238,151,88,154,537
2,9.499,0.8034975835255214,0.06984363204403926,0.8034975835255214,0.0,0.0,0.6959726047792749,inf,inf,0.8357808689276377,0.6522874049613795,0.6510917686226284,0.6557587153711091,0.6604166666666667,0.7520128824476651,0.5026929982046678,0.7021563342318059,0.7195685670261941,0.49469964664310956,0.7390070921985815,0.7875210792580101,0.5109489051094891,0.668806161745828,1.3333333333333333e-05,32768.0,0,467,92,34,118,280,150,64,194,521
3,9.633,0.7271637334710076,0.06658039112429112,0.7271637334710076,0.0,0.0,0.7550063277004392,3.8664210864475796,6.482023239135742,0.8632927815119426,0.6506063364662188,0.65720214032363,0.6566642183917866,0.653125,0.7484076433121019,0.5231788079470199,0.6802325581395349,0.7088989441930619,0.47878787878787876,0.7839195979899497,0.7925801011804384,0.5766423357664233,0.6007702182284981,8.888888888888888e-06,32768.0,0,470,102,21,124,316,108,69,242,468
4,9.545,0.6578306657927376,0.06788798336551649,0.6578306657927376,0.0,0.0,0.8014590932777488,4.602243531317938,8.618391036987305,0.8737401723861694,0.6572354304351558,0.6557975067756686,0.65925350095855,0.6671875,0.7557377049180328,0.5,0.7159685863874345,0.7352472089314195,0.5018382352941176,0.7303070761014686,0.7774030354131535,0.4981751824817518,0.7021822849807445,4.444444444444444e-06,32768.0,1,461,88,44,117,273,158,49,183,547
