epoch,epoch_seconds,train_loss,train_loss_std,train_cls_loss,train_attention_loss,train_target_loss,train_accuracy,train_grad_norm_mean,train_grad_norm_max,val_loss,val_macro_f1,val_macro_precision,val_macro_recall,val_accuracy,val_f1_hatespeech,val_f1_offensive,val_f1_normal,val_precision_hatespeech,val_precision_offensive,val_precision_normal,val_recall_hatespeech,val_recall_offensive,val_recall_normal,learning_rate,amp_scale,early_stop_counter,val_cm_0_0,val_cm_0_1,val_cm_0_2,val_cm_1_0,val_cm_1_1,val_cm_1_2,val_cm_2_0,val_cm_2_1,val_cm_2_2
1,10.538,2.129113301209041,0.25359589356511825,0.9628841187272753,1.1662291813464392,0.0,0.539194520955855,2.643484447683607,8.156899452209473,0.8448407073815664,0.6592607911086069,0.6591007252326578,0.6595852279048012,0.6682291666666667,0.7466442953020134,0.5076507650765076,0.7234873129473,0.7429048414023373,0.5008880994671403,0.7335092348284961,0.7504215851602024,0.5145985401459854,0.7137355584082157,1.7777777777777777e-05,65536.0,0,445,111,37,101,282,165,53,170,556
2,11.73,1.9207669763337998,0.23081363134635877,0.800835866303671,1.119931110597792,0.0,0.699545894439068,3.633268802506583,7.355365753173828,0.8387159744898478,0.6534262663014626,0.6518797083911724,0.6576423393111365,0.6645833333333333,0.7513899920571883,0.48990825688073397,0.7189805499664654,0.7102102102102102,0.492619926199262,0.7528089887640449,0.7976391231028668,0.48722627737226276,0.6880616174582799,1.3333333333333333e-05,65536.0,0,473,92,28,133,267,148,60,183,536
3,11.699,1.8338044070062183,0.23717614804688017,0.7291944722334543,1.104609929947626,0.0,0.7531452393359637,inf,inf,0.8531732439994812,0.6531514596030724,0.6560891292442498,0.6554146596177123,0.65625,0.7526881720430108,0.5151515151515151,0.6916146916146916,0.7386363636363636,0.478125,0.7515060240963856,0.7672849915682968,0.5583941605839416,0.6405648267008985,8.888888888888888e-06,32768.0,0,455,102,36,113,306,129,48,232,499
4,10.583,1.7783904030209496,0.21547680703459657,0.6704346185638791,1.1079557878630502,0.0,0.7942380704235837,4.715273639133998,9.714860916137695,0.8959388971328736,0.645606962438481,0.6512110747008001,0.6551913045058829,0.6520833333333333,0.7560606060606061,0.5043327556325823,0.6764275256222547,0.686382393397524,0.4801980198019802,0.787052810902896,0.8414839797639123,0.531021897810219,0.5930680359435173,4.444444444444444e-06,32768.0,1,499,75,19,151,291,106,77,240,462
