epoch,epoch_seconds,train_loss,train_loss_std,train_cls_loss,train_attention_loss,train_target_loss,train_accuracy,train_grad_norm_mean,train_grad_norm_max,val_loss,val_macro_f1,val_macro_precision,val_macro_recall,val_accuracy,val_f1_hatespeech,val_f1_offensive,val_f1_normal,val_precision_hatespeech,val_precision_offensive,val_precision_normal,val_recall_hatespeech,val_recall_offensive,val_recall_normal,learning_rate,amp_scale,early_stop_counter,val_cm_0_0,val_cm_0_1,val_cm_0_2,val_cm_1_0,val_cm_1_1,val_cm_1_2,val_cm_2_0,val_cm_2_1,val_cm_2_2
1,11.696,0.9898979666687193,0.09841178915787487,0.9898979666687193,0.0,0.0,0.5036849549616615,inf,inf,0.8696412046750387,0.6354350717897529,0.6383430981507129,0.6364546791811578,0.6541666666666667,0.7380952380952381,0.44796828543111994,0.7202416918429003,0.7444253859348199,0.49023861171366595,0.680365296803653,0.7318718381112985,0.4124087591240876,0.7650834403080873,1.7777777777777777e-05,32768.0,0,434,98,61,103,226,219,46,137,596
2,10.374,0.8133747821762448,0.06422963838406688,0.8133747821762448,0.0,0.0,0.6904637832204273,3.5317627100717455,6.740431785583496,0.8410805245240529,0.6449296440259213,0.6535071306881294,0.6494657013901969,0.6458333333333334,0.7495934959349594,0.5117408906882591,0.6734545454545454,0.7237048665620094,0.45997088791848617,0.7768456375838926,0.7774030354131535,0.5766423357664233,0.5943517329910141,1.3333333333333333e-05,32768.0,0,461,106,26,125,316,107,51,265,463
3,10.375,0.7336644981588636,0.06887324275958542,0.7336644981588636,0.0,0.0,0.7520285863172783,4.244221009526934,9.361574172973633,0.8659542540709178,0.6550694430868624,0.6564598144621926,0.6601557660707825,0.6760416666666667,0.7626709573612228,0.46673490276356194,0.7358024691358025,0.7292307692307692,0.5314685314685315,0.7086801426872771,0.7993254637436762,0.41605839416058393,0.7650834403080873,8.888888888888888e-06,32768.0,0,474,69,50,125,228,195,51,132,596
4,10.883,0.6674621925467537,0.06327900709033842,0.6674621925467537,0.0,0.0,0.7972158118067446,4.86923953124455,8.880915641784668,0.8886678775151571,0.6539221544733135,0.6533089089041738,0.6565900638362802,0.6703125,0.756357670221493,0.47517039922103216,0.7302383939774153,0.7364217252396166,0.5093945720250522,0.7141104294478527,0.7774030354131535,0.44525547445255476,0.7471116816431322,4.444444444444444e-06,32768.0,1,461,84,48,119,244,185,46,151,582
