epoch,epoch_seconds,train_loss,train_loss_std,train_cls_loss,train_attention_loss,train_target_loss,train_accuracy,train_grad_norm_mean,train_grad_norm_max,val_loss,val_macro_f1,val_macro_precision,val_macro_recall,val_accuracy,val_f1_hatespeech,val_f1_offensive,val_f1_normal,val_precision_hatespeech,val_precision_offensive,val_precision_normal,val_recall_hatespeech,val_recall_offensive,val_recall_normal,learning_rate,amp_scale,early_stop_counter,val_cm_0_0,val_cm_0_1,val_cm_0_2,val_cm_1_0,val_cm_1_1,val_cm_1_2,val_cm_2_0,val_cm_2_1,val_cm_2_2
1,10.323,0.9887349736122858,0.0989463326952177,0.9887349736122858,0.0,0.0,0.5274324424923695,inf,inf,0.8726643125216166,0.6322251463965134,0.6304763884212529,0.6396083572368402,0.6541666666666667,0.7561168113654302,0.4251012145748988,0.7154574132492113,0.7106824925816023,0.4772727272727273,0.7034739454094293,0.8077571669477235,0.38321167883211676,0.7278562259306803,1.7777777777777777e-05,32768.0,0,479,79,35,134,210,204,61,151,567
2,10.195,0.8189066288017092,0.05952133994022358,0.8189066288017092,0.0,0.0,0.6861460582148441,3.496898491042001,7.592721462249756,0.8301096439361573,0.6626811457623998,0.6623461320775759,0.6639268391334451,0.6708333333333333,0.7483443708609272,0.5142348754448398,0.7254641909814323,0.734959349593496,0.5017361111111112,0.7503429355281207,0.7622259696458684,0.5273722627737226,0.7021822849807445,1.3333333333333333e-05,32768.0,0,452,108,33,110,289,149,53,179,547
3,9.82,0.7387230384917486,0.06527316685614402,0.7387230384917486,0.0,0.0,0.7452542246705873,4.289934834979829,7.550065040588379,0.8452700475851694,0.6687106980180751,0.6675629194608931,0.6712262382487427,0.6828125,0.763458401305057,0.5033492822966508,0.7393244104525175,0.7393364928909952,0.5291750503018109,0.7341772151898734,0.7892074198988196,0.47992700729927007,0.7445442875481386,8.888888888888888e-06,32768.0,0,468,89,36,111,263,174,54,145,580
4,9.564,0.6720037282932372,0.0639645294897097,0.6720037282932372,0.0,0.0,0.7958013846497431,5.15857370467413,10.171253204345703,0.8699864228566487,0.6610823828774998,0.6625592164831452,0.665910270712479,0.6671875,0.7577442414614773,0.5178105994787141,0.7076923076923077,0.7162162162162162,0.494195688225539,0.7772657450076805,0.8043844856661045,0.5437956204379562,0.6495507060333762,4.444444444444444e-06,32768.0,1,477,96,20,125,298,125,64,209,506
