epoch,epoch_seconds,train_loss,train_loss_std,train_cls_loss,train_attention_loss,train_target_loss,train_accuracy,train_grad_norm_mean,train_grad_norm_max,val_loss,val_macro_f1,val_macro_precision,val_macro_recall,val_accuracy,val_f1_hatespeech,val_f1_offensive,val_f1_normal,val_precision_hatespeech,val_precision_offensive,val_precision_normal,val_recall_hatespeech,val_recall_offensive,val_recall_normal,learning_rate,amp_scale,early_stop_counter,val_cm_0_0,val_cm_0_1,val_cm_0_2,val_cm_1_0,val_cm_1_1,val_cm_1_2,val_cm_2_0,val_cm_2_1,val_cm_2_2
1,11.878,1.0068913695358095,0.09186452149985659,1.0068913695358095,0.0,0.0,0.47658750837489766,inf,inf,0.892316738764445,0.6097858247579481,0.6097024140980035,0.6157674503763998,0.6166666666666667,0.7151799687010955,0.4702750665483585,0.6439024390243903,0.6671532846715329,0.45768566493955093,0.7042682926829268,0.7706576728499157,0.4835766423357664,0.5930680359435173,1.7777777777777777e-05,32768.0,0,457,94,42,131,265,152,97,220,462
2,10.812,0.8378720885231381,0.06817916111120967,0.8378720885231381,0.0,0.0,0.6663440780168243,5.126715372857594,10.939455032348633,0.8594440340995788,0.6523616227666283,0.6545856634444334,0.6540096246176733,0.6557291666666667,0.7368421052631579,0.5266723116003387,0.6935704514363885,0.7301324503311258,0.4913112164296998,0.7423133235724744,0.7436762225969646,0.5675182481751825,0.6508344030808729,1.3333333333333333e-05,32768.0,0,441,110,42,103,311,134,60,212,507
3,10.836,0.7809898481482551,0.0670668570502134,0.7809898481482551,0.0,0.0,0.7087024491922876,6.1528661920910785,10.681364059448242,0.8658846914768219,0.6511526604353608,0.6544115907784726,0.6510944496602993,0.6546875,0.7299145299145299,0.5232067510548524,0.7003367003367004,0.7400346620450606,0.48665620094191525,0.7365439093484419,0.7200674536256324,0.5656934306569343,0.6675224646983312,8.888888888888888e-06,32768.0,0,427,125,41,93,310,145,57,202,520
4,10.977,0.7407580792903901,0.07402757693409284,0.7407580792903901,0.0,0.0,0.7394476289734236,7.032840388161795,12.771923065185547,0.8823478321234385,0.6532124571576714,0.65489115012636,0.6571470696781095,0.6567708333333333,0.7441104792851341,0.5298126064735945,0.6857142857142857,0.7178683385579937,0.4968051118210863,0.75,0.7723440134907251,0.5675182481751825,0.631578947368421,4.444444444444444e-06,32768.0,1,458,90,45,118,311,119,62,225,492
