{
  "display_name": "C_R",
  "model_name": "roberta-base",
  "seed": 132,
  "best_epoch": 4,
  "best_val_macro_f1": 0.6532124571576714,
  "elapsed_seconds": 49.325499057769775,
  "class_weight": {
    "counts": {
      "hatespeech": 4151,
      "offensive": 3830,
      "normal": 5452
    },
    "ratios": {
      "hatespeech": 0.3090151120375195,
      "offensive": 0.28511873743765354,
      "normal": 0.40586615052482694
    },
    "minority_ratio": 0.28511873743765354,
    "use_class_weight": true,
    "threshold": 0.4,
    "weights": {
      "hatespeech": 1.0786958965711073,
      "offensive": 1.1691035683202784,
      "normal": 0.8212888236732697
    }
  },
  "hyperparams": {
    "split_train": 0.7,
    "split_val": 0.1,
    "split_test": 0.2,
    "max_len": 128,
    "batch_size": 64,
    "epochs": 5,
    "learning_rate": 2e-05,
    "warmup_ratio": 0.1,
    "weight_decay": 0.01,
    "dropout": 0.3,
    "mlp_hidden": 256,
    "early_stopping_patience": 2,
    "early_stopping_min_delta": 0.0001,
    "imbalance_threshold": 0.4,
    "seeds": [
      132
    ],
    "tune_learning_rates": [
      1e-05,
      2e-05,
      3e-05
    ],
    "tune_batch_sizes": [
      64
    ],
    "tune_dropouts": [
      0.1,
      0.2,
      0.3
    ],
    "tune_epochs": [
      5
    ],
    "tuning_seed": 42,
    "tuning_max_epochs": 5,
    "xai_sample_size": 500,
    "lime_num_features": 5,
    "lime_num_samples": 500,
    "shap_max_evals": 300,
    "shap_batch_size": 32,
    "v2_enabled": true,
    "alpha_grid": [
      0.0,
      0.1,
      0.3,
      0.5,
      0.7,
      1.0
    ],
    "beta_grid": [
      0.0,
      0.1,
      0.3
    ],
    "attention_loss_alpha": 0.0,
    "target_loss_beta": 0.0,
    "target_labels": [],
    "xai_context_sample_size": 500,
    "xai_ablation_sample_size": 50,
    "xai_interaction_pairs": 50,
    "xai_mss_threshold": 0.8
  },
  "metrics": {
    "accuracy": 0.6738734045324303,
    "macro_f1": 0.6674938439703153,
    "macro_precision": 0.6668089139874468,
    "macro_recall": 0.6708906537107963,
    "auroc": 0.8448924520445625,
    "per_class_precision": {
      "hatespeech": 0.7336448598130841,
      "offensive": 0.5137221269296741,
      "normal": 0.7530597552195825
    },
    "per_class_recall": {
      "hatespeech": 0.7942664418212478,
      "offensive": 0.5470319634703197,
      "normal": 0.6713735558408216
    },
    "per_class_f1": {
      "hatespeech": 0.762753036437247,
      "offensive": 0.5298540468819106,
      "normal": 0.7098744485917883
    },
    "confusion_matrix": [
      [
        942,
        173,
        71
      ],
      [
        224,
        599,
        272
      ],
      [
        118,
        394,
        1046
      ]
    ],
    "loss": 0.8439102282126745
  },
  "prediction_artifact": "/workspace/HateSpeachStudy/v2/outputs/experiments/v2_15seed/benchmark/runs/c_r/seed_132/predictions.pkl"
}