{
  "TF-IDF + LR": {
    "model": "TF-IDF + LR",
    "seed": 42,
    "best_c": 2.0,
    "best_val_macro_f1": 0.6228113435039204,
    "checkpoint_path": "/Users/winterflw/HateSpeachStudy/outputs/runs/tf_idf_lr/seed_42/model_bundle.pkl",
    "prediction_artifact": "/Users/winterflw/HateSpeachStudy/outputs/runs/tf_idf_lr/seed_42/metrics.json",
    "elapsed_seconds": 0.0,
    "history_path": "",
    "run_dir": "/Users/winterflw/HateSpeachStudy/outputs/runs/tf_idf_lr/seed_42",
    "hyperparams": {
      "batch_size": null,
      "learning_rate": null,
      "dropout": null,
      "epochs": null
    },
    "accuracy": 0.6540765824433447,
    "macro_f1": 0.6369528521978277,
    "macro_precision": 0.645561830864895,
    "macro_recall": 0.6365824165870313,
    "auroc": 0.8133466006807178,
    "per_class_precision": {
      "hatespeech": 0.7387152777777778,
      "offensive": 0.5474794841735052,
      "normal": 0.6504907306434023
    },
    "per_class_recall": {
      "hatespeech": 0.7175379426644182,
      "offensive": 0.42648401826484017,
      "normal": 0.7657252888318357
    },
    "per_class_f1": {
      "hatespeech": 0.7279726261762189,
      "offensive": 0.4794661190965092,
      "normal": 0.7034198113207547
    },
    "confusion_matrix": [
      [
        851,
        136,
        199
      ],
      [
        186,
        467,
        442
      ],
      [
        115,
        250,
        1193
      ]
    ]
  },
  "TF-IDF + SVM": {
    "model": "TF-IDF + SVM",
    "seed": 42,
    "best_c": 0.5,
    "best_val_macro_f1": 0.624337584191175,
    "checkpoint_path": "/Users/winterflw/HateSpeachStudy/outputs/runs/tf_idf_svm/seed_42/model_bundle.pkl",
    "prediction_artifact": "/Users/winterflw/HateSpeachStudy/outputs/runs/tf_idf_svm/seed_42/metrics.json",
    "elapsed_seconds": 0.0,
    "history_path": "",
    "run_dir": "/Users/winterflw/HateSpeachStudy/outputs/runs/tf_idf_svm/seed_42",
    "hyperparams": {
      "batch_size": null,
      "learning_rate": null,
      "dropout": null,
      "epochs": null
    },
    "accuracy": 0.6590257879656161,
    "macro_f1": 0.6392904415776645,
    "macro_precision": 0.6498938772448074,
    "macro_recall": 0.6405859206624082,
    "auroc": 0.813871707009444,
    "per_class_precision": {
      "hatespeech": 0.7287145242070117,
      "offensive": 0.5681818181818182,
      "normal": 0.6527852893455922
    },
    "per_class_recall": {
      "hatespeech": 0.7360876897133221,
      "offensive": 0.410958904109589,
      "normal": 0.7747111681643132
    },
    "per_class_f1": {
      "hatespeech": 0.7323825503355704,
      "offensive": 0.4769475357710652,
      "normal": 0.7085412386263575
    },
    "confusion_matrix": [
      [
        873,
        121,
        192
      ],
      [
        195,
        450,
        450
      ],
      [
        130,
        221,
        1207
      ]
    ]
  },
  "BERT-base": {
    "model": "BERT-base",
    "seed": 42,
    "checkpoint_path": "/Users/winterflw/HateSpeachStudy/checkpoints/bert_base_seed_42.pt",
    "best_epoch": 2,
    "best_val_macro_f1": 0.6675845391014574,
    "elapsed_seconds": 288.08073592185974,
    "prediction_artifact": "/Users/winterflw/HateSpeachStudy/outputs/runs/bert_base/seed_42/predictions.pkl",
    "history_path": "/Users/winterflw/HateSpeachStudy/outputs/runs/bert_base/seed_42/history.csv",
    "run_dir": "/Users/winterflw/HateSpeachStudy/outputs/runs/bert_base/seed_42",
    "hyperparams": {
      "split_train": 0.7,
      "split_val": 0.1,
      "split_test": 0.2,
      "max_len": 128,
      "batch_size": 64,
      "epochs": 5,
      "learning_rate": 3e-05,
      "warmup_ratio": 0.1,
      "weight_decay": 0.01,
      "dropout": 0.1,
      "mlp_hidden": 256,
      "early_stopping_patience": 2,
      "early_stopping_min_delta": 0.0001,
      "imbalance_threshold": 0.1,
      "seeds": [
        42,
        52,
        62
      ],
      "tune_learning_rates": [
        1e-05,
        2e-05,
        3e-05
      ],
      "tune_batch_sizes": [
        64
      ],
      "tune_dropouts": [
        0.1,
        0.2,
        0.3
      ],
      "tune_epochs": [
        5
      ],
      "tuning_seed": 42,
      "tuning_max_epochs": 5,
      "xai_sample_size": 24,
      "lime_num_features": 5,
      "lime_num_samples": 500,
      "shap_max_evals": 300,
      "shap_batch_size": 32
    },
    "accuracy": 0.6954936181297213,
    "macro_f1": 0.6770078314177924,
    "macro_precision": 0.6798547096285154,
    "macro_recall": 0.6817931958886781,
    "auroc": 0.8524304301116173,
    "per_class_precision": {
      "hatespeech": 0.7310861423220973,
      "offensive": 0.5845070422535211,
      "normal": 0.7239709443099274
    },
    "per_class_recall": {
      "hatespeech": 0.8229342327150084,
      "offensive": 0.4547945205479452,
      "normal": 0.7676508344030809
    },
    "per_class_f1": {
      "hatespeech": 0.7742959143197145,
      "offensive": 0.5115562403697997,
      "normal": 0.7451713395638629
    },
    "confusion_matrix": [
      [
        976,
        110,
        100
      ],
      [
        241,
        498,
        356
      ],
      [
        118,
        244,
        1196
      ]
    ],
    "loss": 0.7371828963359197
  },
  "BERT+MLP": {
    "model": "BERT+MLP",
    "seed": 62,
    "checkpoint_path": "/Users/winterflw/HateSpeachStudy/checkpoints/bert_mlp_seed_62.pt",
    "best_epoch": 4,
    "best_val_macro_f1": 0.6747083393723069,
    "elapsed_seconds": 346.0488131046295,
    "prediction_artifact": "/Users/winterflw/HateSpeachStudy/outputs/runs/bert_mlp/seed_62/predictions.pkl",
    "history_path": "/Users/winterflw/HateSpeachStudy/outputs/runs/bert_mlp/seed_62/history.csv",
    "run_dir": "/Users/winterflw/HateSpeachStudy/outputs/runs/bert_mlp/seed_62",
    "hyperparams": {
      "split_train": 0.7,
      "split_val": 0.1,
      "split_test": 0.2,
      "max_len": 128,
      "batch_size": 64,
      "epochs": 5,
      "learning_rate": 2e-05,
      "warmup_ratio": 0.1,
      "weight_decay": 0.01,
      "dropout": 0.1,
      "mlp_hidden": 256,
      "early_stopping_patience": 2,
      "early_stopping_min_delta": 0.0001,
      "imbalance_threshold": 0.1,
      "seeds": [
        42,
        52,
        62
      ],
      "tune_learning_rates": [
        1e-05,
        2e-05,
        3e-05
      ],
      "tune_batch_sizes": [
        64
      ],
      "tune_dropouts": [
        0.1,
        0.2,
        0.3
      ],
      "tune_epochs": [
        5
      ],
      "tuning_seed": 42,
      "tuning_max_epochs": 5,
      "xai_sample_size": 24,
      "lime_num_features": 5,
      "lime_num_samples": 500,
      "shap_max_evals": 300,
      "shap_batch_size": 32
    },
    "accuracy": 0.6934097421203438,
    "macro_f1": 0.6835617210507169,
    "macro_precision": 0.68248638236768,
    "macro_recall": 0.6849262551052898,
    "auroc": 0.8514653364355472,
    "per_class_precision": {
      "hatespeech": 0.7609400324149108,
      "offensive": 0.543661971830986,
      "normal": 0.7428571428571429
    },
    "per_class_recall": {
      "hatespeech": 0.7917369308600337,
      "offensive": 0.5287671232876713,
      "normal": 0.7342747111681643
    },
    "per_class_f1": {
      "hatespeech": 0.7760330578512397,
      "offensive": 0.5361111111111111,
      "normal": 0.7385409941897999
    },
    "confusion_matrix": [
      [
        939,
        162,
        85
      ],
      [
        205,
        579,
        311
      ],
      [
        90,
        324,
        1144
      ]
    ],
    "loss": 0.7688806096712748
  },
  "BERT+VADER": {
    "model": "BERT+VADER",
    "seed": 62,
    "checkpoint_path": "/Users/winterflw/HateSpeachStudy/checkpoints/bert_vader_seed_62.pt",
    "best_epoch": 4,
    "best_val_macro_f1": 0.6660393161551128,
    "elapsed_seconds": 466.15721011161804,
    "prediction_artifact": "/Users/winterflw/HateSpeachStudy/outputs/runs/bert_vader/seed_62/predictions.pkl",
    "history_path": "/Users/winterflw/HateSpeachStudy/outputs/runs/bert_vader/seed_62/history.csv",