{
  "TF-IDF + LR": {
    "model": "TF-IDF + LR",
    "seed": 42,
    "best_c": 0.5,
    "best_val_macro_f1": 0.6314146081515185,
    "checkpoint_path": "/Users/winterflw/HateSpeachStudy/outputs/runs/tf_idf_lr/seed_42/model_bundle.pkl",
    "prediction_artifact": "/Users/winterflw/HateSpeachStudy/outputs/runs/tf_idf_lr/seed_42/metrics.json",
    "elapsed_seconds": 0.0,
    "history_path": "",
    "run_dir": "/Users/winterflw/HateSpeachStudy/outputs/runs/tf_idf_lr/seed_42",
    "hyperparams": {
      "batch_size": null,
      "learning_rate": null,
      "dropout": null,
      "epochs": null
    },
    "accuracy": 0.648866892419901,
    "macro_f1": 0.6400258937794545,
    "macro_precision": 0.640251262638038,
    "macro_recall": 0.6401590153889675,
    "auroc": 0.8158285211669067,
    "per_class_precision": {
      "hatespeech": 0.7270450751252087,
      "offensive": 0.5197685631629702,
      "normal": 0.6739401496259352
    },
    "per_class_recall": {
      "hatespeech": 0.7344013490725126,
      "offensive": 0.4922374429223744,
      "normal": 0.6938382541720154
    },
    "per_class_f1": {
      "hatespeech": 0.7307046979865772,
      "offensive": 0.5056285178236398,
      "normal": 0.6837444655281467
    },
    "confusion_matrix": [
      [
        871,
        161,
        154
      ],
      [
        187,
        539,
        369
      ],
      [
        140,
        337,
        1081
      ]
    ]
  },
  "TF-IDF + SVM": {
    "model": "TF-IDF + SVM",
    "seed": 42,
    "best_c": 0.5,
    "best_val_macro_f1": 0.6242693478491254,
    "checkpoint_path": "/Users/winterflw/HateSpeachStudy/outputs/runs/tf_idf_svm/seed_42/model_bundle.pkl",
    "prediction_artifact": "/Users/winterflw/HateSpeachStudy/outputs/runs/tf_idf_svm/seed_42/metrics.json",
    "elapsed_seconds": 0.0,
    "history_path": "",
    "run_dir": "/Users/winterflw/HateSpeachStudy/outputs/runs/tf_idf_svm/seed_42",
    "hyperparams": {
      "batch_size": null,
      "learning_rate": null,
      "dropout": null,
      "epochs": null
    },
    "accuracy": 0.6582443344620995,
    "macro_f1": 0.6382406026949242,
    "macro_precision": 0.6488749346459911,
    "macro_recall": 0.6397397859188277,
    "auroc": 0.8137355252310132,
    "per_class_precision": {
      "hatespeech": 0.7271214642262895,
      "offensive": 0.567258883248731,
      "normal": 0.6522444564629529
    },
    "per_class_recall": {
      "hatespeech": 0.7369308600337268,
      "offensive": 0.40821917808219177,
      "normal": 0.7740693196405648
    },
    "per_class_f1": {
      "hatespeech": 0.7319932998324958,
      "offensive": 0.4747742963356346,
      "normal": 0.7079542119166422
    },
    "confusion_matrix": [
      [
        874,
        121,
        191
      ],
      [
        196,
        447,
        452
      ],
      [
        132,
        220,
        1206
      ]
    ]
  },
  "BERT-base": {
    "model": "BERT-base",
    "seed": 42,
    "checkpoint_path": "/Users/winterflw/HateSpeachStudy/checkpoints/bert_base_seed_42.pt",
    "best_epoch": 3,
    "best_val_macro_f1": 0.6672638254772764,
    "elapsed_seconds": 362.3142020702362,
    "prediction_artifact": "/Users/winterflw/HateSpeachStudy/outputs/runs/bert_base/seed_42/predictions.pkl",
    "history_path": "/Users/winterflw/HateSpeachStudy/outputs/runs/bert_base/seed_42/history.csv",
    "run_dir": "/Users/winterflw/HateSpeachStudy/outputs/runs/bert_base/seed_42",
    "hyperparams": {
      "split_train": 0.7,
      "split_val": 0.1,
      "split_test": 0.2,
      "max_len": 128,
      "batch_size": 64,
      "epochs": 5,
      "learning_rate": 1e-05,
      "warmup_ratio": 0.1,
      "weight_decay": 0.01,
      "dropout": 0.1,
      "mlp_hidden": 256,
      "early_stopping_patience": 2,
      "early_stopping_min_delta": 0.0001,
      "imbalance_threshold": 0.4,
      "seeds": [
        42,
        52,
        62
      ],
      "tune_learning_rates": [
        1e-05,
        2e-05,
        3e-05
      ],
      "tune_batch_sizes": [
        64
      ],
      "tune_dropouts": [
        0.1,
        0.2,
        0.3
      ],
      "tune_epochs": [
        5
      ],
      "tuning_seed": 42,
      "tuning_max_epochs": 5,
      "xai_sample_size": 50,
      "lime_num_features": 5,
      "lime_num_samples": 500,
      "shap_max_evals": 300,
      "shap_batch_size": 32
    },
    "accuracy": 0.687939567595728,
    "macro_f1": 0.6792380538074897,
    "macro_precision": 0.6783693187081136,
    "macro_recall": 0.6802612797183217,
    "auroc": 0.8472882828320554,
    "per_class_precision": {
      "hatespeech": 0.7585924713584288,
      "offensive": 0.5430954587581094,
      "normal": 0.7334200260078023
    },
    "per_class_recall": {
      "hatespeech": 0.781618887015177,
      "offensive": 0.5351598173515981,
      "normal": 0.72400513478819
    },
    "per_class_f1": {
      "hatespeech": 0.7699335548172758,
      "offensive": 0.5390984360625575,
      "normal": 0.7286821705426356
    },
    "confusion_matrix": [
      [
        927,
        166,
        93
      ],
      [
        192,
        586,
        317
      ],
      [
        103,
        327,
        1128
      ]
    ],
    "loss": 0.8162280102570851
  },
  "BERT+MLP": {
    "model": "BERT+MLP",
    "seed": 52,
    "checkpoint_path": "/Users/winterflw/HateSpeachStudy/checkpoints/bert_mlp_seed_52.pt",
    "best_epoch": 4,
    "best_val_macro_f1": 0.6702578272812673,
    "elapsed_seconds": 290.5054759979248,
    "prediction_artifact": "/Users/winterflw/HateSpeachStudy/outputs/runs/bert_mlp/seed_52/predictions.pkl",
    "history_path": "/Users/winterflw/HateSpeachStudy/outputs/runs/bert_mlp/seed_52/history.csv",
    "run_dir": "/Users/winterflw/HateSpeachStudy/outputs/runs/bert_mlp/seed_52",
    "hyperparams": {
      "split_train": 0.7,
      "split_val": 0.1,
      "split_test": 0.2,
      "max_len": 128,
      "batch_size": 64,
      "epochs": 5,
      "learning_rate": 2e-05,
      "warmup_ratio": 0.1,
      "weight_decay": 0.01,
      "dropout": 0.1,
      "mlp_hidden": 256,
      "early_stopping_patience": 2,
      "early_stopping_min_delta": 0.0001,
      "imbalance_threshold": 0.4,
      "seeds": [
        42,
        52,
        62
      ],
      "tune_learning_rates": [
        1e-05,
        2e-05,
        3e-05
      ],
      "tune_batch_sizes": [
        64
      ],
      "tune_dropouts": [
        0.1,
        0.2,
        0.3
      ],
      "tune_epochs": [
        5
      ],
      "tuning_seed": 42,
      "tuning_max_epochs": 5,
      "xai_sample_size": 50,
      "lime_num_features": 5,
      "lime_num_samples": 500,
      "shap_max_evals": 300,
      "shap_batch_size": 32
    },
    "accuracy": 0.6868976295910393,
    "macro_f1": 0.6784602280332428,
    "macro_precision": 0.6772336348151518,
    "macro_recall": 0.680056161535778,
    "auroc": 0.8490902847456366,
    "per_class_precision": {
      "hatespeech": 0.7520128824476651,
      "offensive": 0.5490196078431373,
      "normal": 0.7306684141546527
    },
    "per_class_recall": {
      "hatespeech": 0.7875210792580101,
      "offensive": 0.536986301369863,
      "normal": 0.7156611039794608
    },
    "per_class_f1": {
      "hatespeech": 0.7693574958813838,
      "offensive": 0.5429362880886427,
      "normal": 0.7230869001297017
    },
    "confusion_matrix": [
      [
        934,
        153,
        99
      ],
      [
        195,
        588,
        312
      ],
      [
        113,
        330,
        1115
      ]
    ],
    "loss": 0.8398843536774317
  },
  "BERT+VADER": {
    "model": "BERT+VADER",
    "seed": 42,
    "checkpoint_path": "/Users/winterflw/HateSpeachStudy/checkpoints/bert_vader_seed_42.pt",
    "best_epoch": 3,
    "best_val_macro_f1": 0.6701881613951698,
    "elapsed_seconds": 356.95857310295105,
    "prediction_artifact": "/Users/winterflw/HateSpeachStudy/outputs/runs/bert_vader/seed_42/predictions.pkl",
    "history_path": "/Users/winterflw/HateSpeachStudy/outputs/runs/bert_vader/seed_42/history.csv",