epoch,epoch_seconds,train_loss,train_loss_std,train_cls_loss,train_attention_loss,train_target_loss,train_accuracy,train_grad_norm_mean,train_grad_norm_max,val_loss,val_macro_f1,val_macro_precision,val_macro_recall,val_accuracy,val_f1_hatespeech,val_f1_offensive,val_f1_normal,val_precision_hatespeech,val_precision_offensive,val_precision_normal,val_recall_hatespeech,val_recall_offensive,val_recall_normal,learning_rate,amp_scale,early_stop_counter,val_cm_0_0,val_cm_0_1,val_cm_0_2,val_cm_1_0,val_cm_1_1,val_cm_1_2,val_cm_2_0,val_cm_2_1,val_cm_2_2
1,9.627,1.0029860905238561,0.09246916965234409,1.0029860905238561,0.0,0.0,0.5134370579915134,inf,inf,0.8813097139199575,0.6004172050658119,0.6092130585496728,0.6063228072155843,0.634375,0.7320490367775832,0.34512325830653806,0.7240793201133144,0.761384335154827,0.41818181818181815,0.6480730223123732,0.7048903878583473,0.2937956204379562,0.8202824133504493,1.7777777777777777e-05,32768.0,0,418,120,55,95,161,292,36,104,639
2,9.505,0.817027827671596,0.06790123814221441,0.817027827671596,0.0,0.0,0.6904637832204273,3.3139008050873167,5.872457504272461,0.8402960896492004,0.6571521075590021,0.660881243258656,0.6612580651901393,0.6614583333333334,0.752411575562701,0.5160744500846024,0.7029702970297029,0.7188940092165899,0.4810725552050473,0.7826771653543307,0.7892074198988196,0.5565693430656934,0.637997432605905,1.3333333333333333e-05,32768.0,0,468,102,23,128,305,115,55,227,497
3,9.539,0.7364792698905581,0.06963708919299705,0.7364792698905581,0.0,0.0,0.7480086354500112,4.267002828915914,8.731639862060547,0.8444378813107808,0.6687954267633728,0.6727551601104317,0.66746357137051,0.6739583333333333,0.745674740484429,0.5263157894736842,0.7343957503320053,0.7655417406749556,0.49206349206349204,0.7606602475928473,0.7268128161888702,0.5656934306569343,0.7098844672657253,8.888888888888888e-06,32768.0,0,431,133,29,93,310,145,39,187,553
4,9.53,0.6648796847888402,0.07050434956031115,0.6648796847888402,0.0,0.0,0.8013102062085908,4.776078640846979,10.149374961853027,0.8663208146890005,0.6726844326844326,0.6727403595043414,0.6751983592223536,0.6786458333333333,0.7665847665847666,0.5314685314685315,0.72,0.7452229299363057,0.5100671140939598,0.7629310344827587,0.7892074198988196,0.5547445255474452,0.6816431322207959,4.444444444444444e-06,32768.0,1,468,94,31,110,304,134,50,198,531
