epoch,train_loss,val_loss,val_macro_f1,val_macro_precision,val_macro_recall,train_attention_loss,train_target_loss
1,0.9879073032311031,0.9026233911514282,0.5798450066558104,0.6090016884399122,0.6030695229849021,0.0,0.0
2,0.8277030189832052,0.8636722167332967,0.6455197494290569,0.6446057183255055,0.65145921933714,0.0,0.0
3,0.7649013808795384,0.8501131077607472,0.6520644175639806,0.650551997879118,0.6570761424969824,0.0,0.0
4,0.7081884531747727,0.8737665255864461,0.6532847904329678,0.651474532069031,0.6581582938989268,0.0,0.0
5,0.6594541671730223,0.8919874767462412,0.6550859150099136,0.6537605805993368,0.6607883090642417,0.0,0.0
