epoch,train_loss,val_loss,val_macro_f1,val_macro_precision,val_macro_recall
1,0.9629718689691453,0.8684256931145986,0.6136714904982129,0.6394073423381198,0.6365622741282341
2,0.7933111190795898,0.834110269943873,0.6765045440145249,0.6749649108260675,0.681863872250815
3,0.7307033484890347,0.8351240595181783,0.6761141497225672,0.6747968035703863,0.6788229179154474
4,0.6781840080306644,0.8614565908908844,0.6803268797598792,0.6797973976536538,0.6855175905545289
