epoch,train_loss,val_loss,val_macro_f1,val_macro_precision,val_macro_recall
1,0.919348554951804,0.7724784294764201,0.6171116841004188,0.6429836454772082,0.6390965649217604
2,0.6963200938133967,0.7325469891230265,0.6684209813702932,0.6714360883483949,0.673189572147176
3,0.6140847993748528,0.7374737898508708,0.6783655400168319,0.6803111873351405,0.68204514113665
4,0.5447466159150713,0.7791791876157125,0.6751503581613264,0.6740880045406824,0.6807986306578381
