epoch,epoch_seconds,train_loss,train_loss_std,train_cls_loss,train_attention_loss,train_target_loss,train_accuracy,train_grad_norm_mean,train_grad_norm_max,val_loss,val_macro_f1,val_macro_precision,val_macro_recall,val_accuracy,val_f1_hatespeech,val_f1_offensive,val_f1_normal,val_precision_hatespeech,val_precision_offensive,val_precision_normal,val_recall_hatespeech,val_recall_offensive,val_recall_normal,learning_rate,amp_scale,early_stop_counter,val_cm_0_0,val_cm_0_1,val_cm_0_2,val_cm_1_0,val_cm_1_1,val_cm_1_2,val_cm_2_0,val_cm_2_1,val_cm_2_2
1,11.67,0.984828011194865,0.1030703247450043,0.984828011194865,0.0,0.0,0.5224447256755751,2.12356688834372,6.010122776031494,0.8642406145731608,0.6351842658859478,0.6338298443370908,0.638223917652006,0.6453125,0.7300564061240935,0.4763636363636364,0.6991327551701134,0.6990740740740741,0.4746376811594203,0.7277777777777777,0.7639123102866779,0.4781021897810219,0.6726572528883183,1.7777777777777777e-05,65536.0,0,453,98,42,132,262,154,63,192,524
2,11.999,0.8022512194656191,0.06532931574098637,0.8022512194656191,0.0,0.0,0.6985781284895407,3.2939730945087615,6.2817254066467285,0.8252192278703053,0.6667612776057465,0.6716357208624837,0.6642670907723655,0.671875,0.7521968365553603,0.5201026518391788,0.7279843444227005,0.7853211009174312,0.4895330112721417,0.7400530503978779,0.7217537942664418,0.5547445255474452,0.7163029525032092,1.3333333333333333e-05,65536.0,0,428,126,39,87,304,157,30,191,558
3,11.043,0.7230535248915354,0.06612184312189641,0.7230535248915354,0.0,0.0,0.7589518350331274,inf,inf,0.8537533322970072,0.6694386162708099,0.6701779789254259,0.6688437091062632,0.678125,0.7557446808510638,0.518850987432675,0.7337201805286911,0.7628865979381443,0.5106007067137809,0.7370466321243523,0.7487352445193929,0.5273722627737226,0.730423620025674,8.888888888888888e-06,32768.0,0,444,107,42,98,289,161,40,170,569
4,9.597,0.6539751126652672,0.0673860644424004,0.6539751126652672,0.0,0.0,0.805404600610437,inf,inf,0.8744102934996287,0.6557218253381689,0.6615033629243289,0.6590598532287573,0.6572916666666667,0.7582236842105263,0.5209531635168447,0.6879886282871357,0.7399678972712681,0.47384155455904337,0.7707006369426752,0.7774030354131535,0.5784671532846716,0.6213093709884467,4.444444444444444e-06,16384.0,1,461,106,26,113,317,118,49,246,484
