epoch,train_loss,val_loss,val_macro_f1,val_macro_precision,val_macro_recall,train_attention_loss,train_target_loss
1,2.137578889301845,0.86777037580808,0.631717482070169,0.6373881333200324,0.6339799611626905,1.1667687731129783,0.0
2,1.9319860957917714,0.8459883332252502,0.6523233634200539,0.6589661855961941,0.6577842726788835,1.1247257459731328,0.0
3,1.848965971242814,0.855961008866628,0.6533564937450937,0.6525318871766278,0.6584517097649794,1.111470016979036,0.0
4,1.7841040361495244,0.8776298443476359,0.6615565618686364,0.6601434040970185,0.6638050034462987,1.1083213845888773,0.0
