epoch,epoch_seconds,train_loss,train_loss_std,train_cls_loss,train_attention_loss,train_target_loss,train_accuracy,train_grad_norm_mean,train_grad_norm_max,val_loss,val_macro_f1,val_macro_precision,val_macro_recall,val_accuracy,val_f1_hatespeech,val_f1_offensive,val_f1_normal,val_precision_hatespeech,val_precision_offensive,val_precision_normal,val_recall_hatespeech,val_recall_offensive,val_recall_normal,learning_rate,amp_scale,early_stop_counter,val_cm_0_0,val_cm_0_1,val_cm_0_2,val_cm_1_0,val_cm_1_1,val_cm_1_2,val_cm_2_0,val_cm_2_1,val_cm_2_2
1,10.793,2.250184807890937,0.2617864821025863,0.9997232176008679,1.2504615939798809,0.0,0.4822452170029033,3.896894616456259,12.255382537841797,0.8802078902721405,0.6066811018187509,0.6241439017209083,0.622267028168413,0.646875,0.7262830482115086,0.3723150357995227,0.7214452214452215,0.6738816738816739,0.5379310344827586,0.6606189967982924,0.7875210792580101,0.2846715328467153,0.7946084724005135,1.7777777777777777e-05,65536.0,0,467,62,64,138,156,254,88,72,619
2,10.447,2.0370009899139405,0.24415372647033443,0.836182142155511,1.2008188474745978,0.0,0.6747561974242537,inf,inf,0.8613659739494324,0.6322436755545721,0.6343913345066907,0.6381267106104698,0.6380208333333334,0.7309803921568627,0.4943625325238508,0.6713881019830028,0.6832844574780058,0.47107438016528924,0.7488151658767772,0.7858347386172007,0.5200729927007299,0.6084724005134788,1.3333333333333333e-05,32768.0,0,466,91,36,140,285,123,76,229,474
3,11.035,1.9731894742874871,0.23597825265080974,0.7856193585055214,1.1875701137951442,0.0,0.7075857961736023,6.716107932726542,16.370071411132812,0.8658531725406646,0.6419250041958252,0.6414737747771185,0.6501453777438798,0.6552083333333333,0.7443267776096822,0.4815165876777251,0.6999316473000684,0.6748971193415638,0.5009861932938856,0.7485380116959064,0.8296795952782462,0.4635036496350365,0.6572528883183568,8.888888888888888e-06,32768.0,0,492,68,33,155,254,139,82,185,512
4,10.963,1.9272365303266616,0.2555394633312455,0.7431720855690184,1.1840644470282964,0.0,0.737214322936053,7.443571565264747,14.05018424987793,0.8781767984231313,0.6491059321096091,0.6482084516603827,0.6537490829371589,0.6567708333333333,0.7519872813990461,0.5022341376228776,0.6930963773069037,0.7112781954887218,0.4921190893169877,0.7412280701754386,0.7976391231028668,0.5127737226277372,0.6508344030808729,4.444444444444444e-06,32768.0,1,473,84,36,126,281,141,66,206,507
