epoch,epoch_seconds,train_loss,train_loss_std,train_cls_loss,train_attention_loss,train_target_loss,train_accuracy,train_grad_norm_mean,train_grad_norm_max,val_loss,val_macro_f1,val_macro_precision,val_macro_recall,val_accuracy,val_f1_hatespeech,val_f1_offensive,val_f1_normal,val_precision_hatespeech,val_precision_offensive,val_precision_normal,val_recall_hatespeech,val_recall_offensive,val_recall_normal,learning_rate,amp_scale,early_stop_counter,val_cm_0_0,val_cm_0_1,val_cm_0_2,val_cm_1_0,val_cm_1_1,val_cm_1_2,val_cm_2_0,val_cm_2_1,val_cm_2_2
1,11.538,0.9890751441319784,0.09480516404027164,0.9890751441319784,0.0,0.0,0.5110548648849847,inf,inf,0.8930014252662659,0.5959215288843674,0.6161759617585032,0.6070156432508449,0.5942708333333333,0.7297297297297297,0.48323170731707316,0.5748031496062992,0.6902255639097744,0.41492146596858637,0.7433808553971487,0.7740303541315345,0.5784671532846716,0.4685494223363286,1.7777777777777777e-05,32768.0,0,459,117,17,122,317,109,84,330,365
2,10.198,0.8408920767761412,0.06470038897287142,0.8408920767761412,0.0,0.0,0.6640363284448746,5.376147329239618,14.822614669799805,0.8590059777100881,0.6398344652181187,0.6385950063096346,0.6446297949296034,0.6552083333333333,0.7308602999210734,0.47804878048780486,0.710594315245478,0.6869436201780416,0.5136268343815513,0.7152145643693107,0.7807757166947723,0.4470802919708029,0.7060333761232349,1.3333333333333333e-05,32768.0,0,463,82,48,132,245,171,79,150,550
3,10.192,0.7844278704552423,0.06246075987196379,0.7844278704552423,0.0,0.0,0.7066924737586541,6.541900567781358,13.04836654663086,0.869512265920639,0.6457869944552838,0.6455845130729568,0.6535267627972847,0.6604166666666667,0.7388342165026495,0.4883720930232558,0.7101546738399462,0.6703296703296703,0.5206611570247934,0.7457627118644068,0.8229342327150084,0.45985401459854014,0.6777920410783055,8.888888888888888e-06,32768.0,0,488,71,34,150,252,146,90,161,528
4,10.167,0.7436950587090991,0.06757305593636652,0.7436950587090991,0.0,0.0,0.7392987419042656,7.380672418503535,15.166935920715332,0.8715913017590841,0.6486764961684963,0.65109219126247,0.652796844217238,0.653125,0.7401448109412712,0.515358361774744,0.6905263157894737,0.7076923076923077,0.483974358974359,0.7616099071207431,0.7757166947723441,0.551094890510949,0.631578947368421,4.444444444444444e-06,32768.0,1,460,98,35,127,302,119,63,224,492
