epoch,train_loss,val_loss,val_macro_f1,val_macro_precision,val_macro_recall
1,0.9401560422920046,0.8717095017433166,0.629111584108102,0.6383585881847212,0.6440331744169449
2,0.78675649308023,0.8340496480464935,0.66262470826601,0.6621355535363013,0.6655042601684165
3,0.7115432651270004,0.8526822606722514,0.6766924119556504,0.6759705398593806,0.6786388193162131
4,0.645518817504247,0.8765226205190023,0.6706569910005102,0.6714091791740899,0.6763095306585476
