epoch,train_loss,val_loss,val_macro_f1,val_macro_precision,val_macro_recall
1,0.8904143892583393,0.768091090520223,0.6266872356609609,0.6479011441148722,0.6442693955732706
2,0.6833921294836771,0.7622424791256587,0.6489616518108843,0.6491899634638653,0.6574115840181517
3,0.5867886997404552,0.7560154338677724,0.6654848109493031,0.669158652042188,0.6699092983234082
4,0.4993314233564195,0.8088095943133037,0.667714114244729,0.6662102011865841,0.6734153882801049
5,0.42457452962795894,0.842942068974177,0.6717154068006489,0.6697503709788651,0.6756094774715232
