epoch,train_loss,val_loss,val_macro_f1,val_macro_precision,val_macro_recall
1,0.8919177246590455,0.7611025551954905,0.6084195945176996,0.6281925089403811,0.6279973913650377
2,0.6891738692919414,0.7485001641015212,0.6570407360815557,0.6556966651776853,0.6620683705423133
3,0.6037892309860105,0.7488409385085106,0.666038630931593,0.664049054556581,0.6700009894647914
