epoch,train_loss,val_loss,val_macro_f1,val_macro_precision,val_macro_recall
1,0.9351849303359077,0.7768451571464539,0.6491851849599785,0.6490937086280079,0.6533431619326548
2,0.711920706431071,0.7507025221983592,0.6554379771559927,0.6555192260808675,0.6563301594667408
3,0.6027052845273699,0.756322834889094,0.6568383212320964,0.6584887827413574,0.6562339873971595
4,0.5126048926796232,0.7851948916912079,0.6634227755354823,0.6616085193403766,0.6670098691607415
