epoch,train_loss,val_loss,val_macro_f1,val_macro_precision,val_macro_recall
1,1.0149442414442698,0.8862101197242737,0.6062553032150313,0.620854983641989,0.6123889806256778
2,0.8400983356294178,0.8419738213221232,0.6512920570527062,0.655746659057996,0.6520001712628402
3,0.7805265179702214,0.8387047986189524,0.6701881613951698,0.6738493841721499,0.6681852444106285
4,0.7415418108304341,0.842654424905777,0.670157993347253,0.6715741523433832,0.6727694420047987
5,0.7152785042921702,0.8447988470395406,0.6679692758418709,0.6702953702652265,0.6699378811939312
