{
  "display_name": "BERT+VADER",
  "model_name": "bert-base-uncased",
  "seed": 42,
  "best_epoch": 4,
  "best_val_macro_f1": 0.6634227755354823,
  "elapsed_seconds": 289.5271110534668,
  "class_weight": {
    "counts": {
      "hatespeech": 4151,
      "offensive": 3830,
      "normal": 5452
    },
    "ratios": {
      "hatespeech": 0.3090151120375195,
      "offensive": 0.28511873743765354,
      "normal": 0.40586615052482694
    },
    "minority_ratio": 0.28511873743765354,
    "use_class_weight": false,
    "threshold": 0.1
  },
  "hyperparams": {
    "split_train": 0.7,
    "split_val": 0.1,
    "split_test": 0.2,
    "max_len": 128,
    "batch_size": 64,
    "epochs": 5,
    "learning_rate": 2e-05,
    "warmup_ratio": 0.1,
    "weight_decay": 0.01,
    "dropout": 0.1,
    "mlp_hidden": 256,
    "early_stopping_patience": 2,
    "early_stopping_min_delta": 0.0001,
    "imbalance_threshold": 0.1,
    "seeds": [
      42,
      52,
      62
    ],
    "tune_learning_rates": [
      1e-05,
      2e-05,
      3e-05
    ],
    "tune_batch_sizes": [
      64
    ],
    "tune_dropouts": [
      0.1,
      0.2,
      0.3
    ],
    "tune_epochs": [
      5
    ],
    "tuning_seed": 42,
    "tuning_max_epochs": 5,
    "xai_sample_size": 24,
    "lime_num_features": 5,
    "lime_num_samples": 500,
    "shap_max_evals": 300,
    "shap_batch_size": 32
  },
  "metrics": {
    "accuracy": 0.690804897108622,
    "macro_f1": 0.680466625934733,
    "macro_precision": 0.678728114575191,
    "macro_recall": 0.6836999400911065,
    "auroc": 0.8528291230751864,
    "per_class_precision": {
      "hatespeech": 0.7369230769230769,
      "offensive": 0.5507662835249042,
      "normal": 0.748494983277592
    },
    "per_class_recall": {
      "hatespeech": 0.8077571669477235,
      "offensive": 0.5251141552511416,
      "normal": 0.7182284980744544
    },
    "per_class_f1": {
      "hatespeech": 0.7707160096540627,
      "offensive": 0.5376344086021505,
      "normal": 0.7330494595479856
    },
    "confusion_matrix": [
      [
        958,
        146,
        82
      ],
      [
        226,
        575,
        294
      ],
      [
        116,
        323,
        1119
      ]
    ],
    "loss": 0.7559532980124156
  },
  "prediction_artifact": "/Users/winterflw/HateSpeachStudy/outputs/runs/bert_vader/seed_42/predictions.pkl"
}