epoch,train_loss,val_loss,val_macro_f1,val_macro_precision,val_macro_recall
1,0.9855655448777335,0.8619619369506836,0.6443991764399891,0.6492459119490164,0.6419329068816981
2,0.8165066242218018,0.8413658996423086,0.6588489961345739,0.6650211661011302,0.6628227992597312
3,0.7386163280123756,0.8511889676253,0.6646256976072872,0.6646785119178261,0.6723031818719559
4,0.6704321906680153,0.8654028892517089,0.6702578272812673,0.6698517261082015,0.6715112689984969
