epoch,train_loss,val_loss,val_macro_f1,val_macro_precision,val_macro_recall
1,0.9332692824658894,0.7735446453094482,0.6259781965628844,0.640178568566945,0.6316267601758824
2,0.7101371489820026,0.7548663189013799,0.6667075350177573,0.6672511459888867,0.6694595608726183
3,0.6074403339908236,0.7741990784804026,0.6514018761710518,0.6498883847280142,0.6582757276633683
4,0.5173274525574275,0.8014315098524094,0.6578170843547402,0.6581139216240204,0.6603111132544424
