{
  "display_name": "BERT+MLP",
  "model_name": "bert-base-uncased",
  "seed": 52,
  "best_epoch": 2,
  "best_val_macro_f1": 0.6667075350177573,
  "elapsed_seconds": 290.7678120136261,
  "class_weight": {
    "counts": {
      "hatespeech": 4151,
      "offensive": 3830,
      "normal": 5452
    },
    "ratios": {
      "hatespeech": 0.3090151120375195,
      "offensive": 0.28511873743765354,
      "normal": 0.40586615052482694
    },
    "minority_ratio": 0.28511873743765354,
    "use_class_weight": false,
    "threshold": 0.1
  },
  "hyperparams": {
    "split_train": 0.7,
    "split_val": 0.1,
    "split_test": 0.2,
    "max_len": 128,
    "batch_size": 64,
    "epochs": 5,
    "learning_rate": 2e-05,
    "warmup_ratio": 0.1,
    "weight_decay": 0.01,
    "dropout": 0.1,
    "mlp_hidden": 256,
    "early_stopping_patience": 2,
    "early_stopping_min_delta": 0.0001,
    "imbalance_threshold": 0.1,
    "seeds": [
      42,
      52,
      62
    ],
    "tune_learning_rates": [
      1e-05,
      2e-05,
      3e-05
    ],
    "tune_batch_sizes": [
      64
    ],
    "tune_dropouts": [
      0.1,
      0.2,
      0.3
    ],
    "tune_epochs": [
      5
    ],
    "tuning_seed": 42,
    "tuning_max_epochs": 5,
    "xai_sample_size": 24,
    "lime_num_features": 5,
    "lime_num_samples": 500,
    "shap_max_evals": 300,
    "shap_batch_size": 32
  },
  "metrics": {
    "accuracy": 0.6855952070851784,
    "macro_f1": 0.6808349036431326,
    "macro_precision": 0.680151837115051,
    "macro_recall": 0.6841981397913436,
    "auroc": 0.845925361199911,
    "per_class_precision": {
      "hatespeech": 0.7517786561264822,
      "offensive": 0.5341772151898734,
      "normal": 0.7544996400287977
    },
    "per_class_recall": {
      "hatespeech": 0.8018549747048904,
      "offensive": 0.5780821917808219,
      "normal": 0.6726572528883183
    },
    "per_class_f1": {
      "hatespeech": 0.7760097919216646,
      "offensive": 0.5552631578947368,
      "normal": 0.7112317611129962
    },
    "confusion_matrix": [
      [
        951,
        155,
        80
      ],
      [
        201,
        633,
        261
      ],
      [
        113,
        397,
        1048
      ]
    ],
    "loss": 0.7384762326876323
  },
  "prediction_artifact": "/Users/winterflw/HateSpeachStudy/outputs/runs/bert_mlp/seed_52/predictions.pkl"
}