epoch,epoch_seconds,train_loss,train_loss_std,train_cls_loss,train_attention_loss,train_target_loss,train_accuracy,train_grad_norm_mean,train_grad_norm_max,val_loss,val_macro_f1,val_macro_precision,val_macro_recall,val_accuracy,val_f1_hatespeech,val_f1_offensive,val_f1_normal,val_precision_hatespeech,val_precision_offensive,val_precision_normal,val_recall_hatespeech,val_recall_offensive,val_recall_normal,learning_rate,amp_scale,early_stop_counter,val_cm_0_0,val_cm_0_1,val_cm_0_2,val_cm_1_0,val_cm_1_1,val_cm_1_2,val_cm_2_0,val_cm_2_1,val_cm_2_2
1,12.936,0.9966764909880502,0.09810027712915526,0.9966764909880502,0.0,0.0,0.4952728355542321,2.47481830347152,7.743541717529297,0.8901564498742421,0.614548325375055,0.6150930634791426,0.6220104907496234,0.6364583333333333,0.7262745098039216,0.42487046632124353,0.6925,0.6788856304985337,0.49160671462829736,0.6747868453105969,0.7807757166947723,0.3740875912408759,0.711168164313222,1.7777777777777777e-05,65536.0,0,463,71,59,135,205,208,84,141,554
2,12.405,0.8397522355828967,0.06344316765145577,0.8397522355828967,0.0,0.0,0.6692473758654061,4.982299242700849,10.327219009399414,0.8580310861269633,0.6448928479349111,0.6489358956990704,0.6488703950022346,0.6473958333333333,0.7286063569682152,0.5266666666666666,0.6794055201698513,0.7050473186119873,0.48466257668711654,0.7570977917981072,0.7537942664418212,0.5766423357664233,0.6161745827984596,1.3333333333333333e-05,65536.0,0,447,114,32,110,316,122,77,222,480
3,12.445,0.7820102035999298,0.06651881405841517,0.7820102035999298,0.0,0.0,0.7080324573810765,5.711486684708368,10.27778434753418,0.8658318221569061,0.6521411830737888,0.6507951178626464,0.6540392714288323,0.6619791666666667,0.7371007371007371,0.5092250922509225,0.7100977198697068,0.7165605095541401,0.5149253731343284,0.7208994708994709,0.7588532883642496,0.5036496350364964,0.699614890885751,8.888888888888888e-06,65536.0,0,450,89,54,115,276,157,63,171,545
4,11.241,0.7371079853602818,0.06789826110700763,0.7371079853602818,0.0,0.0,0.7445097893247972,inf,inf,0.8792184472084046,0.6451889217015453,0.6459374940497485,0.650174945549546,0.6520833333333333,0.7371744277821626,0.5052816901408451,0.6931106471816284,0.6928783382789317,0.4880952380952381,0.756838905775076,0.7875210792580101,0.5237226277372263,0.6392811296534018,4.444444444444444e-06,32768.0,1,467,91,35,136,287,125,71,210,498
