epoch,train_loss,val_loss,val_macro_f1,val_macro_precision,val_macro_recall,train_attention_loss,train_target_loss
1,1.0913236799694244,0.8660689214865367,0.6225925204148995,0.6376970849362128,0.6344158370997754,1.2035168497335342,0.0
2,0.9192928563980829,0.8458390692869823,0.6560990105358827,0.6545716591753598,0.6607048739968522,1.1496214469273884,0.0
3,0.8421823606604621,0.8454159061113994,0.6562241262539042,0.6570820529711646,0.6580074882143424,1.1469612711951847,0.0
4,0.7799090226491292,0.8719810883204142,0.6550763842968779,0.6546677147638685,0.6603644933156271,1.1456625481446585,0.0
5,0.7354276503835405,0.8920586109161377,0.6539641039018153,0.6561650096132855,0.6592485222957477,1.145360275961104,0.0
