epoch,epoch_seconds,train_loss,train_loss_std,train_cls_loss,train_attention_loss,train_target_loss,train_accuracy,train_grad_norm_mean,train_grad_norm_max,val_loss,val_macro_f1,val_macro_precision,val_macro_recall,val_accuracy,val_f1_hatespeech,val_f1_offensive,val_f1_normal,val_precision_hatespeech,val_precision_offensive,val_precision_normal,val_recall_hatespeech,val_recall_offensive,val_recall_normal,learning_rate,amp_scale,early_stop_counter,val_cm_0_0,val_cm_0_1,val_cm_0_2,val_cm_1_0,val_cm_1_1,val_cm_1_2,val_cm_2_0,val_cm_2_1,val_cm_2_2
1,10.658,2.136868193036034,0.261673993659535,0.9711337906973703,1.1657344054608119,0.0,0.522221395071838,2.5295378009478253,6.761567115783691,0.852546242872874,0.639321107438196,0.6428521970680773,0.6440683976991347,0.6630208333333333,0.7436527436527437,0.44375,0.7305605786618445,0.7229299363057324,0.5169902912621359,0.6886363636363636,0.7655986509274874,0.3886861313868613,0.7779204107830552,1.7777777777777777e-05,65536.0,0,454,83,56,117,213,218,57,116,606
2,10.468,1.9219158365612938,0.20370524253306518,0.8024870330379122,1.1194288018203917,0.0,0.6973125884016973,3.43675613176255,6.68354606628418,0.8423165599505107,0.6408226320295906,0.6388957307060755,0.6472260299797298,0.6552083333333333,0.7463149728471683,0.467680608365019,0.7084723148765844,0.6910919540229885,0.4880952380952381,0.7375,0.8111298482293423,0.4489051094890511,0.6816431322207959,1.3333333333333333e-05,65536.0,0,481,81,31,144,246,158,71,177,531
3,10.456,1.852211482184274,0.22497808934528607,0.7352834775334313,1.1169280029478528,0.0,0.7477853048462741,3.8822124083836873,6.603374004364014,0.8466207166512807,0.6541625858958113,0.6530063797213012,0.6592571760307215,0.6645833333333333,0.7568843430369787,0.4918032786885246,0.7138001359619307,0.7094395280235988,0.4909090909090909,0.7586705202312138,0.8111298482293423,0.4927007299270073,0.6739409499358151,8.888888888888888e-06,65536.0,0,481,83,29,140,270,138,57,197,525
4,10.448,1.7821524500846864,0.23368423866169585,0.6753687535013472,1.1067836997054872,0.0,0.7913347725750018,inf,inf,0.8682227691014608,0.6593455463543179,0.6599083635902342,0.6630326404820237,0.6651041666666667,0.7602905569007264,0.5147826086956522,0.7029634734665747,0.7291021671826625,0.49169435215946844,0.7589285714285714,0.7942664418212478,0.5401459854014599,0.6546854942233633,4.444444444444444e-06,32768.0,1,471,89,33,123,296,129,52,217,510
