epoch,train_loss,val_loss,val_macro_f1,val_macro_precision,val_macro_recall
1,0.916461158650262,0.7711697717507681,0.624675210385539,0.6549943652342575,0.6453344975898768
2,0.6975676644416082,0.7384983658790588,0.6617851410815293,0.663107908671971,0.6648710008584895
3,0.6156144335156395,0.7401870628197987,0.6697186951949267,0.6735939680730416,0.6744061171593415
4,0.5473560837053117,0.7698182264963785,0.67283119821434,0.6718060493305756,0.6792631457384251
