epoch,train_loss,val_loss,val_macro_f1,val_macro_precision,val_macro_recall
1,0.9596839967228118,0.8676910956700643,0.6169855026956456,0.6378948523076938,0.6388820531580873
2,0.7937497786113195,0.8284028053283692,0.6772751285027709,0.6754363790103378,0.6809497154951635
3,0.7315657039483389,0.8343309203783671,0.678487045812829,0.6768045396731049,0.6815371740041779
4,0.6800624853088743,0.8566887239615123,0.6777229816708004,0.6777527642853789,0.6826189672478885
