epoch,train_loss,val_loss,val_macro_f1,val_macro_precision,val_macro_recall,train_attention_loss,train_target_loss
1,0.9803176632949284,0.9045736809571584,0.5973337894966165,0.6180524014152738,0.617365764413932,0.0,0.0
2,0.8235158855006808,0.8874690413475037,0.6273744190287469,0.6276199017528926,0.6375267731838735,0.0,0.0
3,0.7625385406471434,0.861947633822759,0.6403183202125862,0.6383508771929824,0.6444284283631677,0.0,0.0
4,0.706120674099241,0.8862965067227682,0.6485800823812,0.6474930301930386,0.6514631735620527,0.0,0.0
5,0.65478536543392,0.9067883332570393,0.6512753839189582,0.6503193140068094,0.6559557300516516,0.0,0.0
