epoch,epoch_seconds,train_loss,train_loss_std,train_cls_loss,train_attention_loss,train_target_loss,train_accuracy,train_grad_norm_mean,train_grad_norm_max,val_loss,val_macro_f1,val_macro_precision,val_macro_recall,val_accuracy,val_f1_hatespeech,val_f1_offensive,val_f1_normal,val_precision_hatespeech,val_precision_offensive,val_precision_normal,val_recall_hatespeech,val_recall_offensive,val_recall_normal,learning_rate,amp_scale,early_stop_counter,val_cm_0_0,val_cm_0_1,val_cm_0_2,val_cm_1_0,val_cm_1_1,val_cm_1_2,val_cm_2_0,val_cm_2_1,val_cm_2_2
1,10.71,0.9979585494313922,0.09272664764709541,0.9979585494313922,0.0,0.0,0.49467728727759996,2.8779690972396303,9.999016761779785,0.8948511958122254,0.6034806737320443,0.60160588626131,0.6093872261823022,0.6161458333333333,0.7118380062305296,0.43283582089552236,0.6657681940700808,0.6613603473227206,0.44274809160305345,0.700709219858156,0.7706576728499157,0.4233576642335766,0.6341463414634146,1.7777777777777777e-05,65536.0,0,457,92,44,149,232,167,85,200,494
2,10.694,0.8472221513589223,0.06667000172628541,0.8472221513589223,0.0,0.0,0.6599419340430284,5.282745686031523,11.016823768615723,0.8610491176446279,0.6356037894986782,0.6378645232837986,0.6363781570943848,0.6395833333333333,0.7281879194630873,0.4970212765957447,0.681602172437203,0.7245409015025042,0.46570972886762363,0.723342939481268,0.7318718381112985,0.5328467153284672,0.6444159178433889,1.3333333333333333e-05,65536.0,0,434,118,41,105,292,151,60,217,502
3,10.682,0.7876065719695319,0.06717356162249483,0.7876065719695319,0.0,0.0,0.7087768927268667,inf,inf,0.8622641086578369,0.6430417987958164,0.6466624363563445,0.6471755296687562,0.6458333333333334,0.7337662337662337,0.5192629815745393,0.6760961810466761,0.7073552425665102,0.47987616099071206,0.752755905511811,0.7622259696458684,0.5656934306569343,0.613607188703466,8.888888888888888e-06,32768.0,0,452,104,37,118,310,120,69,232,478
4,10.691,0.7456141897610256,0.06753451717924212,0.7456141897610256,0.0,0.0,0.7367676617285789,6.9090892133258635,11.202954292297363,0.8796063939730326,0.6408957308067867,0.6423067064867128,0.6473809294655973,0.6479166666666667,0.7248840803709428,0.5137777777777778,0.6840253342716397,0.6690442225392297,0.5008665511265165,0.7570093457943925,0.790893760539629,0.5273722627737226,0.6238767650834403,4.444444444444444e-06,32768.0,1,469,84,40,143,289,116,89,204,486
