epoch,epoch_seconds,train_loss,train_loss_std,train_cls_loss,train_attention_loss,train_target_loss,train_accuracy,train_grad_norm_mean,train_grad_norm_max,val_loss,val_macro_f1,val_macro_precision,val_macro_recall,val_accuracy,val_f1_hatespeech,val_f1_offensive,val_f1_normal,val_precision_hatespeech,val_precision_offensive,val_precision_normal,val_recall_hatespeech,val_recall_offensive,val_recall_normal,learning_rate,amp_scale,early_stop_counter,val_cm_0_0,val_cm_0_1,val_cm_0_2,val_cm_1_0,val_cm_1_1,val_cm_1_2,val_cm_2_0,val_cm_2_1,val_cm_2_2
1,10.971,2.2478182389622643,0.28089302682003864,0.9952211391358149,1.252597093865985,0.0,0.4930395295168615,4.085102734963099,11.89807415008545,0.8713000337282817,0.638994949798649,0.6400251136574254,0.6380902903950646,0.6479166666666667,0.7316239316239316,0.48771610555050043,0.697644812221515,0.7417677642980935,0.4863883847549909,0.6919191919191919,0.7217537942664418,0.48905109489051096,0.7034659820282413,1.7777777777777777e-05,65536.0,0,428,110,55,91,268,189,58,173,548
2,11.087,2.0382693926493327,0.24261587869385107,0.8396429067566281,1.198626480783735,0.0,0.6717040125065138,5.494415203730266,11.22446346282959,0.8522031943003336,0.6582443721481404,0.6652284504131538,0.6568249524332946,0.6598958333333333,0.7370272647317502,0.5324568611339359,0.7052489905787349,0.7702205882352942,0.484304932735426,0.7411598302687411,0.7065767284991569,0.5912408759124088,0.6726572528883183,1.3333333333333333e-05,65536.0,0,419,134,40,81,324,143,44,211,524
3,10.954,1.974528736159915,0.25188985150888976,0.7867351341815222,1.1877935980047498,0.0,0.7077346832427603,inf,inf,0.8529567738374074,0.6513485078656333,0.6508883489034464,0.6522437926003214,0.6588541666666666,0.7416666666666667,0.5085049239033125,0.7038739330269206,0.7331136738056013,0.4991212653778559,0.7204301075268817,0.7504215851602024,0.5182481751824818,0.6880616174582799,8.888888888888888e-06,32768.0,0,445,102,46,102,284,162,60,183,536
4,10.88,1.9325442825044905,0.24456574116145788,0.7446736761501858,1.1878706089087896,0.0,0.7341621380183131,6.9043309756687705,13.346497535705566,0.8736064970493317,0.648010351341922,0.6480110583177782,0.6537951523567468,0.6557291666666667,0.7384855581576893,0.5125448028673835,0.693000693000693,0.6875,0.5035211267605634,0.7530120481927711,0.7976391231028668,0.5218978102189781,0.6418485237483954,4.444444444444444e-06,32768.0,1,473,84,36,134,286,128,81,198,500
