epoch,train_loss,val_loss,val_macro_f1,val_macro_precision,val_macro_recall,train_attention_loss,train_target_loss
1,0.9517163727964674,0.8375963568687439,0.6593478538749972,0.6593424880401871,0.6661834493215606,0.0,0.0
2,0.7824415354501634,0.8411941091219585,0.6572190260129438,0.65534058278021,0.6623197107164372,0.0,0.0
3,0.6807932416598003,0.8590772648652395,0.6562312058926326,0.6554906361244389,0.6579530731812026,0.0,0.0
