epoch,train_loss,val_loss,val_macro_f1,val_macro_precision,val_macro_recall
1,0.9161480171694643,0.7648687432209651,0.6119067435040332,0.6434854497354497,0.6323732304066628
2,0.6987317114358856,0.7429775856435299,0.6615156787361958,0.6603012722001664,0.664757510784895
3,0.5942803737485692,0.7533023032049339,0.6624073005133896,0.6614638472506215,0.6666033213793283
4,0.5060285875662451,0.8132416983445485,0.659674714097183,0.6599939280945741,0.6629582173078418
