epoch,train_loss,val_loss,val_macro_f1,val_macro_precision,val_macro_recall,train_attention_loss,train_target_loss
1,1.0095069235279446,0.8997543692588806,0.6015348485751949,0.5997730450205223,0.6093541623835814,0.0,0.0
2,0.8623475347246442,0.8472544312477112,0.6496896252209513,0.6480299525258063,0.6535651634170417,0.0,0.0
3,0.7993314907664344,0.8453387220700582,0.6537049151159694,0.6517800519423348,0.6567910722444819,0.0,0.0
4,0.7605816897891816,0.8510497053464253,0.6542443753053256,0.6530109933834262,0.6562334001229968,0.0,0.0
5,0.7379476496151516,0.8534203966458639,0.6585301599599409,0.6569036842974421,0.6610070831742492,0.0,0.0
