epoch,train_loss,val_loss,val_macro_f1,val_macro_precision,val_macro_recall
1,0.9369048734505971,0.7846413294474284,0.6042878137154438,0.6343644014680069,0.620052980872765
2,0.7270129899183909,0.7422558705012003,0.6603827690300048,0.65856007083472,0.6632093784028489
3,0.6242482323022116,0.7512550135453542,0.658545077778253,0.6586914993610072,0.6629747689585755
4,0.5348785603330248,0.7882438749074936,0.6540945352764682,0.6528983979040234,0.6584272601984859
