epoch,train_loss,val_loss,val_macro_f1,val_macro_precision,val_macro_recall
1,1.0106882890065512,0.9028358578681945,0.5948882166921549,0.5944575035484126,0.603368196666498
2,0.8641964046728043,0.8505811830361684,0.6564872318218649,0.6559132188481608,0.6602564296026271
3,0.7990155347755977,0.8474776287873586,0.6586421193182871,0.6569476160447123,0.6619046882791669
4,0.7600574334462483,0.8522935628890991,0.6607445716877413,0.6593259655005598,0.6631005088338228
5,0.7367910325527192,0.85568092862765,0.6557373415676514,0.6543041247942186,0.6582173294366349
