{
  "display_name": "BERT+VADER (Fine-tuned Encoder)",
  "model_name": "bert-base-uncased",
  "seed": 52,
  "best_epoch": 2,
  "best_val_macro_f1": 0.6603827690300048,
  "elapsed_seconds": 329.1710000038147,
  "class_weight": {
    "counts": {
      "hatespeech": 4151,
      "offensive": 3830,
      "normal": 5452
    },
    "ratios": {
      "hatespeech": 0.3090151120375195,
      "offensive": 0.28511873743765354,
      "normal": 0.40586615052482694
    },
    "minority_ratio": 0.28511873743765354,
    "use_class_weight": false,
    "threshold": 0.1
  },
  "hyperparams": {
    "split_train": 0.7,
    "split_val": 0.1,
    "split_test": 0.2,
    "max_len": 128,
    "batch_size": 64,
    "epochs": 5,
    "learning_rate": 2e-05,
    "warmup_ratio": 0.1,
    "weight_decay": 0.01,
    "dropout": 0.1,
    "mlp_hidden": 256,
    "early_stopping_patience": 2,
    "early_stopping_min_delta": 0.0001,
    "imbalance_threshold": 0.1,
    "seeds": [
      42,
      52,
      62
    ],
    "tune_learning_rates": [
      1e-05,
      2e-05,
      3e-05
    ],
    "tune_batch_sizes": [
      64
    ],
    "tune_dropouts": [
      0.1,
      0.2,
      0.3
    ],
    "tune_epochs": [
      5
    ],
    "tuning_seed": 42,
    "tuning_max_epochs": 5,
    "xai_sample_size": 24,
    "lime_num_features": 5,
    "lime_num_samples": 500,
    "shap_max_evals": 300,
    "shap_batch_size": 32
  },
  "metrics": {
    "accuracy": 0.683511331075801,
    "macro_f1": 0.6691194343076466,
    "macro_precision": 0.6684105968818734,
    "macro_recall": 0.6728913783980945,
    "auroc": 0.8429572893802848,
    "per_class_precision": {
      "hatespeech": 0.73206106870229,
      "offensive": 0.54957805907173,
      "normal": 0.7235926628716003
    },
    "per_class_recall": {
      "hatespeech": 0.8086003372681282,
      "offensive": 0.4757990867579909,
      "normal": 0.7342747111681643
    },
    "per_class_f1": {
      "hatespeech": 0.7684294871794872,
      "offensive": 0.5100342633382281,
      "normal": 0.7288945524052246
    },
    "confusion_matrix": [
      [
        959,
        131,
        96
      ],
      [
        233,
        521,
        341
      ],
      [
        118,
        296,
        1144
      ]
    ],
    "loss": 0.7320606539646785
  },
  "prediction_artifact": "/Users/winterflw/HateSpeachStudy/outputs/runs/bert_vader_fine_tuned_encoder/seed_52/predictions.pkl"
}