epoch,epoch_seconds,train_loss,train_loss_std,train_cls_loss,train_attention_loss,train_target_loss,train_accuracy,train_grad_norm_mean,train_grad_norm_max,val_loss,val_macro_f1,val_macro_precision,val_macro_recall,val_accuracy,val_f1_hatespeech,val_f1_offensive,val_f1_normal,val_precision_hatespeech,val_precision_offensive,val_precision_normal,val_recall_hatespeech,val_recall_offensive,val_recall_normal,learning_rate,amp_scale,early_stop_counter,val_cm_0_0,val_cm_0_1,val_cm_0_2,val_cm_1_0,val_cm_1_1,val_cm_1_2,val_cm_2_0,val_cm_2_1,val_cm_2_2
1,12.052,2.2607726732889812,0.25402715446777674,1.0043475196475073,1.2564251601696015,0.0,0.4768108389786347,inf,inf,0.8803807934125264,0.6156825901065558,0.6223948575113066,0.6297246436835159,0.6447916666666667,0.7322485207100592,0.4119601328903654,0.7028391167192429,0.6521739130434783,0.523943661971831,0.6910669975186104,0.8347386172006745,0.33941605839416056,0.7150192554557124,1.7777777777777777e-05,32768.0,0,495,49,49,162,186,200,102,120,557
2,10.887,2.045032779943375,0.23882587431190203,0.8463581116426558,1.1986746603534335,0.0,0.6600163775776073,5.895852120717366,15.564916610717773,0.871828826268514,0.6377752874049669,0.6462188619974348,0.6469482308660798,0.6411458333333333,0.7380585516178737,0.5175292153589316,0.6577380952380952,0.6794326241134752,0.47692307692307695,0.7823008849557522,0.8077571669477235,0.5656934306569343,0.5673940949935815,1.3333333333333333e-05,32768.0,0,479,89,25,140,310,98,86,251,442
3,10.89,1.9869810961541676,0.23493784858677286,0.7950299441814422,1.191951152256557,0.0,0.6949303952951686,6.582765958422706,13.527536392211914,0.8800360063711802,0.6378065417911177,0.642059088943433,0.6465791382720267,0.6432291666666666,0.7432950191570882,0.5073339085418465,0.6627906976744186,0.6811797752808989,0.48117839607201307,0.7638190954773869,0.8178752107925801,0.5364963503649635,0.5853658536585366,8.888888888888888e-06,32768.0,0,485,81,27,140,294,114,87,236,456
4,10.908,1.931448229153951,0.24029025190302278,0.7490962088108063,1.182352023181461,0.0,0.7309610660314152,7.03939927646092,13.198280334472656,0.8722699463367463,0.6407684563158988,0.6406798160011352,0.6461811151832824,0.6473958333333333,0.7494071146245059,0.49559082892416223,0.6773074253990284,0.7053571428571429,0.47952218430034127,0.7371601208459214,0.7993254637436762,0.5127737226277372,0.6264441591784339,4.444444444444444e-06,32768.0,1,474,82,37,130,281,137,68,223,488
