epoch,train_loss,val_loss,val_macro_f1,val_macro_precision,val_macro_recall
1,0.9137190818786621,0.7546111762523651,0.6220429271831142,0.6622766940140413,0.6413040679290912
2,0.7031248614901588,0.7573867936929067,0.6601630192046345,0.6607054954716619,0.6664429560301198
3,0.6252781176850909,0.7588958323001862,0.6606056471826635,0.6602567509612715,0.6682049233621176
