epoch,train_loss,val_loss,val_macro_f1,val_macro_precision,val_macro_recall
1,0.9622364115147364,0.8470512052377065,0.6467860572718264,0.6605910988883623,0.6576136669010548
2,0.8025848354612078,0.848889805873235,0.6552852665004781,0.662880551621151,0.6642400340246108
3,0.7435785574572427,0.8639933407306671,0.6512837798954386,0.6560544308090542,0.6613580018714504
