{
  "display_name": "RoBERTa+VADER",
  "model_name": "roberta-base",
  "seed": 52,
  "best_epoch": 3,
  "best_val_macro_f1": 0.6606056471826635,
  "elapsed_seconds": 239.8228018283844,
  "class_weight": {
    "counts": {
      "hatespeech": 4151,
      "offensive": 3830,
      "normal": 5452
    },
    "ratios": {
      "hatespeech": 0.3090151120375195,
      "offensive": 0.28511873743765354,
      "normal": 0.40586615052482694
    },
    "minority_ratio": 0.28511873743765354,
    "use_class_weight": false,
    "threshold": 0.1
  },
  "hyperparams": {
    "split_train": 0.7,
    "split_val": 0.1,
    "split_test": 0.2,
    "max_len": 128,
    "batch_size": 64,
    "epochs": 5,
    "learning_rate": 2e-05,
    "warmup_ratio": 0.1,
    "weight_decay": 0.01,
    "dropout": 0.1,
    "mlp_hidden": 256,
    "early_stopping_patience": 2,
    "early_stopping_min_delta": 0.0001,
    "imbalance_threshold": 0.1,
    "seeds": [
      42,
      52,
      62
    ],
    "tune_learning_rates": [
      1e-05,
      2e-05,
      3e-05
    ],
    "tune_batch_sizes": [
      64
    ],
    "tune_dropouts": [
      0.1,
      0.2,
      0.3
    ],
    "tune_epochs": [
      5
    ],
    "tuning_seed": 42,
    "tuning_max_epochs": 5,
    "xai_sample_size": 24,
    "lime_num_features": 5,
    "lime_num_samples": 500,
    "shap_max_evals": 300,
    "shap_batch_size": 32
  },
  "metrics": {
    "accuracy": 0.6970565251367543,
    "macro_f1": 0.6848832449667216,
    "macro_precision": 0.6844504701054491,
    "macro_recall": 0.6916239473583551,
    "auroc": 0.8528341566885823,
    "per_class_precision": {
      "hatespeech": 0.7075736325385694,
      "offensive": 0.568,
      "normal": 0.7777777777777778
    },
    "per_class_recall": {
      "hatespeech": 0.8507588532883642,
      "offensive": 0.5187214611872146,
      "normal": 0.7053915275994865
    },
    "per_class_f1": {
      "hatespeech": 0.7725880551301685,
      "offensive": 0.5422434367541766,
      "normal": 0.7398182430158196
    },
    "confusion_matrix": [
      [
        1009,
        114,
        63
      ],
      [
        276,
        568,
        251
      ],
      [
        141,
        318,
        1099
      ]
    ],
    "loss": 0.7361565748850505
  },
  "prediction_artifact": "/Users/winterflw/HateSpeachStudy/outputs/runs/roberta_vader/seed_52/predictions.pkl"
}