epoch,epoch_seconds,train_loss,train_loss_std,train_cls_loss,train_attention_loss,train_target_loss,train_accuracy,train_grad_norm_mean,train_grad_norm_max,val_loss,val_macro_f1,val_macro_precision,val_macro_recall,val_accuracy,val_f1_hatespeech,val_f1_offensive,val_f1_normal,val_precision_hatespeech,val_precision_offensive,val_precision_normal,val_recall_hatespeech,val_recall_offensive,val_recall_normal,learning_rate,amp_scale,early_stop_counter,val_cm_0_0,val_cm_0_1,val_cm_0_2,val_cm_1_0,val_cm_1_1,val_cm_1_2,val_cm_2_0,val_cm_2_1,val_cm_2_2
1,12.638,2.1480097645804994,0.272527391055978,0.9803763826688131,1.1676333853176661,0.0,0.5296657485297402,inf,inf,0.8615605930487314,0.6489748677248678,0.6532569548884852,0.6471095021449385,0.6541666666666667,0.7326388888888888,0.5,0.7142857142857143,0.7549194991055456,0.4681528662420382,0.7366984993178718,0.7116357504215851,0.5364963503649635,0.693196405648267,1.7777777777777777e-05,16384.0,0,422,134,37,98,294,156,39,200,540
2,11.872,1.9360996751558213,0.2279301633325577,0.8137183365367707,1.1223813306717645,0.0,0.6925482021886399,3.8896561213902063,8.286797523498535,0.8342793027559916,0.6662277027053807,0.6716082922777865,0.6630758907222781,0.6723958333333333,0.75177304964539,0.516017316017316,0.730892742453436,0.7925233644859813,0.49093904448105435,0.7313624678663239,0.715008431703204,0.5437956204379562,0.730423620025674,1.3333333333333333e-05,16384.0,0,424,126,43,84,298,166,27,183,569
3,11.65,1.8600636016754877,0.22108050788287326,0.744443291425705,1.1156203093982877,0.0,0.7456264423434825,4.500637524468559,12.731800079345703,0.8511841237545014,0.6519871306538435,0.6520756399108518,0.653875360049757,0.659375,0.7514356029532404,0.49428320140721194,0.7102425876010782,0.731629392971246,0.4770797962648557,0.7475177304964539,0.7723440134907251,0.5127737226277372,0.6765083440308087,8.888888888888888e-06,16384.0,0,458,104,31,120,281,147,48,204,527
4,10.446,1.798050668693724,0.2040828567729402,0.6893550852934519,1.1086955856709253,0.0,0.7808382341993598,5.265417880103701,10.611153602600098,0.8753055950005849,0.6580550355630806,0.669273504931549,0.6598193001117237,0.6567708333333333,0.7582697201017812,0.5272296764009471,0.6886657101865137,0.7627986348122867,0.46453407510431155,0.7804878048780488,0.7537942664418212,0.6094890510948905,0.6161745827984596,4.444444444444444e-06,16384.0,1,447,124,22,101,334,113,38,261,480
