comparison,metric,n_pairs,mean_diff,p_value,p_value_holm,effect_size
A_B vs D_B,shap_lime_overlap_at_5,2,0.07000000000000003,0.09033447060173287,,4.949747468305845
A_B vs D_B,rationale_f1_at_5,2,0.020528138528138527,0.4943112087764895,,0.7198583847974683
A_B vs D_B,comprehensiveness,2,-0.05660000000000001,0.2041576644512735,,-2.128842756125456
A_B vs D_B,sufficiency,2,-0.024699999999999986,0.4238553395677668,,-0.9002854379024589
A_B vs D_B,loo_drop,2,-0.03945502204199632,0.24750048482278,,-1.7262458055242937
