run_id,condition,seed,sample_count,shap_lime_overlap_at_5,shap_lime_overlap_at_10,rationale_precision_at_5,rationale_recall_at_5,rationale_f1_at_5,comprehensiveness,sufficiency,loo_drop,topk_jaccard_mean,rank_corr_mean,ci,mss,interaction_strength,attention_entropy
v2_15seed,A_B,182,30,0.3933333333333333,0.15,0.09333333333333334,0.06894201894201894,0.057633364456893876,0.4177,0.3026,0.1554010044535001,,,0.5209614483397044,7.533333333333333,0.06685791114966075,2.717409416039785
v2_15seed,A_B,162,30,0.4066666666666667,0.19007936507936507,0.14,0.12273728479610832,0.09329383470559942,0.2873,0.235,0.10526464427510898,,,0.5903371527734033,6.233333333333333,0.053187358379364016,2.707723152637482
v2_15seed,D_B,182,30,0.45333333333333337,0.20238095238095238,0.14,0.1267851561969209,0.09832600514953457,0.3423,0.2973,0.09978437115748723,,,0.5634057194590444,6.766666666666667,0.0839649498462677,2.7295689702034
v2_15seed,D_B,162,30,0.4866666666666667,0.19973544973544974,0.14,0.12303140244316715,0.09365747106923578,0.2495,0.1909,0.08197123348712922,,,0.573796332566314,6.033333333333333,0.023862560590108235,2.667645188172658
