condition,metric,mean,std,ci_low,ci_high
A_B,topk_jaccard_5,0.40925925925925927,0.27129172726272655,0.312178761450854,0.5063397570676645
A_B,rank_corr,0.5951578947368421,0.5884250541244226,0.3644952735200685,0.8258205159536157
D_B,topk_jaccard_5,0.5797883597883597,0.26165449997133683,0.4861564994757629,0.6734202201009566
D_B,rank_corr,0.5992063492063492,0.6316230504316374,0.3652498972774123,0.8331628011352861
