epoch,train_loss,val_loss,val_macro_f1,val_macro_precision,val_macro_recall,train_attention_loss,train_target_loss
1,1.3259953549930028,0.8649781664212545,0.6194153735113678,0.6358638720002655,0.6363866607189225,1.1842201477005367,0.0
2,1.1469205640611195,0.8520871738592783,0.6529777128212585,0.6508297853321103,0.6572564264476743,1.1361361248152597,0.0
3,1.0723454776264372,0.845711100101471,0.6616313595107077,0.6607374146639632,0.6629116606877153,1.1317245977265493,0.0
4,1.0078844748792195,0.8683597763379415,0.6598908881441098,0.6614298860943073,0.6646559123547194,1.1287834295204708,0.0
5,0.9627544564860208,0.8939134895801544,0.6538459491464704,0.6557823601118958,0.6591394736476047,1.1280690275487446,0.0
