epoch,train_loss,val_loss,val_macro_f1,val_macro_precision,val_macro_recall,train_attention_loss,train_target_loss
1,2.2479062290418717,0.902319626013438,0.598745078814073,0.6168612109928634,0.6195889631791583,1.2524445230052585,0.0
2,2.035868614060538,0.8813434998194377,0.6286430431730783,0.6299270439505432,0.6389236916862894,1.1980551489761897,0.0
3,1.9764879311834063,0.8465232451756796,0.645432065666416,0.6443010374139038,0.6525829091936622,1.1915116259029934,0.0
4,1.9315162391889662,0.8646293918291728,0.6558274745337819,0.6553017091681643,0.6601926445180456,1.1847122433639707,0.0
5,1.8899566446031844,0.8768122812112172,0.6489829615294475,0.6490158920524064,0.6556744244108811,1.1803413053353629,0.0
