epoch,epoch_seconds,train_loss,train_loss_std,train_cls_loss,train_attention_loss,train_target_loss,train_accuracy,train_grad_norm_mean,train_grad_norm_max,val_loss,val_macro_f1,val_macro_precision,val_macro_recall,val_accuracy,val_f1_hatespeech,val_f1_offensive,val_f1_normal,val_precision_hatespeech,val_precision_offensive,val_precision_normal,val_recall_hatespeech,val_recall_offensive,val_recall_normal,learning_rate,amp_scale,early_stop_counter,val_cm_0_0,val_cm_0_1,val_cm_0_2,val_cm_1_0,val_cm_1_1,val_cm_1_2,val_cm_2_0,val_cm_2_1,val_cm_2_2
1,10.407,1.0045935596738542,0.09567350699302639,1.0045935596738542,0.0,0.0,0.5058438174644532,inf,inf,0.8618240276972453,0.6521638877969785,0.6545714347961221,0.653208281121895,0.65625,0.7545909849749582,0.5034013605442177,0.6984993178717599,0.7471074380165289,0.4713375796178344,0.745269286754003,0.7622259696458684,0.5401459854014599,0.6572528883183568,1.7777777777777777e-05,32768.0,0,452,105,36,113,296,139,40,227,512
2,10.457,0.8233137266976492,0.06648660318768186,0.8233137266976492,0.0,0.0,0.6842849698503685,3.5761939820789155,7.247729778289795,0.8367579082647959,0.6521787225023353,0.6688815802214463,0.653824770199225,0.6489583333333333,0.7439446366782007,0.5328244274809161,0.6797671033478894,0.7637655417406749,0.458005249343832,0.7848739495798319,0.7251264755480608,0.6368613138686131,0.5994865211810013,1.3333333333333333e-05,32768.0,0,430,137,26,97,349,102,36,276,467
3,10.684,0.7420351439998263,0.06241515480054338,0.7420351439998263,0.0,0.0,0.7436909104444279,4.033751459348769,8.101720809936523,0.8402185320854187,0.6664229665922832,0.6724251031822951,0.6669638102752194,0.6677083333333333,0.7527801539777588,0.5389025389025389,0.7075862068965517,0.7638888888888888,0.4888558692421991,0.7645305514157973,0.7419898819561551,0.6003649635036497,0.6585365853658537,8.888888888888888e-06,32768.0,0,440,121,32,93,329,126,43,223,513
4,10.262,0.6756911467938196,0.06177846434064888,0.6756911467938196,0.0,0.0,0.7893247971413683,4.945288408370245,9.122187614440918,0.8561286608378093,0.6713747565458488,0.6774428041094707,0.672517793709253,0.6723958333333333,0.7640067911714771,0.5412919051512673,0.7088255733148019,0.7692307692307693,0.49037037037037035,0.7727272727272727,0.7588532883642496,0.6040145985401459,0.6546854942233633,4.444444444444444e-06,32768.0,1,450,111,32,99,331,118,36,233,510
