epoch,train_loss,val_loss,val_macro_f1,val_macro_precision,val_macro_recall,train_attention_loss,train_target_loss
1,1.557482427642459,0.8632885893185933,0.6317870473880943,0.641788650510373,0.644688819933246,1.177072909332457,0.0
2,1.3681461612383525,0.8534610946973165,0.6522360643631119,0.6500981861868013,0.6575205931635483,1.1301559158733914,0.0
3,1.294674251193092,0.8475121875603994,0.6584790559460539,0.6569128432133051,0.6609398415993594,1.1249614562307084,0.0
4,1.2312465417952765,0.868871025244395,0.6655804422294339,0.6663638161495724,0.6702604961733506,1.1215702388967788,0.0
5,1.1869359496093932,0.8899170001347859,0.654415220602112,0.6565065417824545,0.6597225802707262,1.1200904014564697,0.0
