epoch,train_loss,val_loss,val_macro_f1,val_macro_precision,val_macro_recall,train_attention_loss,train_target_loss
1,0.9690883505912055,0.8578446765740713,0.6248303191760939,0.6360660879164994,0.6411815159254769,0.0,0.0
2,0.7984662334124247,0.8460008760293325,0.6651385542315192,0.6634476378789171,0.6676686525118635,0.0,0.0
3,0.7223776380221049,0.841753755013148,0.6615576441395935,0.6604317258244327,0.6632682348614402,0.0,0.0
4,0.6590595963455382,0.874420032898585,0.6610997679727371,0.6609565672744152,0.6669590001574685,0.0,0.0
5,0.6111800227846418,0.8970772763093312,0.6585269338478724,0.6611818914733912,0.6640685433852632,0.0,0.0
