epoch,train_loss,val_loss,val_macro_f1,val_macro_precision,val_macro_recall,train_attention_loss,train_target_loss
1,2.2518410472642807,0.882107937335968,0.6092261200650152,0.6262886885776835,0.6252281830058163,1.2501380690506527,0.0
2,2.042689417089735,0.867818288008372,0.6353390583519842,0.6420272996720623,0.6438146399569321,1.2013653144949958,0.0
3,1.97471360933213,0.8539320826530457,0.6466752778645601,0.645351609930635,0.6517858780810305,1.188873672769183,0.0
4,1.9280206027485076,0.8712825338045757,0.6494990872452444,0.6509792169888872,0.6519663911476515,1.1835242813541775,0.0
5,1.895733210018703,0.880352626244227,0.6474359899451398,0.6462457779956924,0.6516141188230076,1.1826359379859197,0.0
