{
  "display_name": "C_R",
  "model_name": "roberta-base",
  "seed": 42,
  "best_epoch": 5,
  "best_val_macro_f1": 0.6467888147918263,
  "elapsed_seconds": 60.451133728027344,
  "class_weight": {
    "counts": {
      "hatespeech": 4151,
      "offensive": 3830,
      "normal": 5452
    },
    "ratios": {
      "hatespeech": 0.3090151120375195,
      "offensive": 0.28511873743765354,
      "normal": 0.40586615052482694
    },
    "minority_ratio": 0.28511873743765354,
    "use_class_weight": true,
    "threshold": 0.4,
    "weights": {
      "hatespeech": 1.0786958965711073,
      "offensive": 1.1691035683202784,
      "normal": 0.8212888236732697
    }
  },
  "hyperparams": {
    "split_train": 0.7,
    "split_val": 0.1,
    "split_test": 0.2,
    "max_len": 128,
    "batch_size": 64,
    "epochs": 5,
    "learning_rate": 2e-05,
    "warmup_ratio": 0.1,
    "weight_decay": 0.01,
    "dropout": 0.3,
    "mlp_hidden": 256,
    "early_stopping_patience": 2,
    "early_stopping_min_delta": 0.0001,
    "imbalance_threshold": 0.4,
    "seeds": [
      42
    ],
    "tune_learning_rates": [
      1e-05,
      2e-05,
      3e-05
    ],
    "tune_batch_sizes": [
      64
    ],
    "tune_dropouts": [
      0.1,
      0.2,
      0.3
    ],
    "tune_epochs": [
      5
    ],
    "tuning_seed": 42,
    "tuning_max_epochs": 5,
    "xai_sample_size": 500,
    "lime_num_features": 5,
    "lime_num_samples": 500,
    "shap_max_evals": 300,
    "shap_batch_size": 32,
    "v2_enabled": true,
    "alpha_grid": [
      0.0,
      0.1,
      0.3,
      0.5,
      0.7,
      1.0
    ],
    "beta_grid": [
      0.0,
      0.1,
      0.3
    ],
    "attention_loss_alpha": 0.0,
    "target_loss_beta": 0.0,
    "target_labels": [],
    "xai_context_sample_size": 500,
    "xai_ablation_sample_size": 50,
    "xai_interaction_pairs": 50,
    "xai_mss_threshold": 0.8
  },
  "metrics": {
    "accuracy": 0.6730919510289137,
    "macro_f1": 0.6612047023415792,
    "macro_precision": 0.6595039915991233,
    "macro_recall": 0.666968367977035,
    "auroc": 0.8427303215966244,
    "per_class_precision": {
      "hatespeech": 0.706308919506889,
      "offensive": 0.5253411306042886,
      "normal": 0.7468619246861925
    },
    "per_class_recall": {
      "hatespeech": 0.821247892074199,
      "offensive": 0.4922374429223744,
      "normal": 0.6874197689345315
    },
    "per_class_f1": {
      "hatespeech": 0.7594541910331384,
      "offensive": 0.5082508250825083,
      "normal": 0.7159090909090909
    },
    "confusion_matrix": [
      [
        974,
        135,
        77
      ],
      [
        270,
        539,
        286
      ],
      [
        135,
        352,
        1071
      ]
    ],
    "loss": 0.8602931658426921
  },
  "prediction_artifact": "/workspace/HateSpeachStudy/v2/outputs/experiments/v2_15seed/benchmark/runs/c_r/seed_42/predictions.pkl"
}