epoch,epoch_seconds,train_loss,train_loss_std,train_cls_loss,train_attention_loss,train_target_loss,train_accuracy,train_grad_norm_mean,train_grad_norm_max,val_loss,val_macro_f1,val_macro_precision,val_macro_recall,val_accuracy,val_f1_hatespeech,val_f1_offensive,val_f1_normal,val_precision_hatespeech,val_precision_offensive,val_precision_normal,val_recall_hatespeech,val_recall_offensive,val_recall_normal,learning_rate,amp_scale,early_stop_counter,val_cm_0_0,val_cm_0_1,val_cm_0_2,val_cm_1_0,val_cm_1_1,val_cm_1_2,val_cm_2_0,val_cm_2_1,val_cm_2_2
1,10.608,2.143331029301598,0.2714139415327339,0.9759761801787785,1.1673548576377688,0.0,0.5306335144792674,inf,inf,0.8551379958788554,0.6474658690403757,0.6518431403851269,0.6465564900307682,0.6645833333333333,0.7380330722367275,0.46853823814133594,0.7358262967430639,0.762589928057554,0.49896907216494846,0.6939704209328783,0.715008431703204,0.4416058394160584,0.7830551989730423,1.7777777777777777e-05,32768.0,0,424,114,55,92,242,214,40,129,610
2,10.802,1.927690029144287,0.2280670054769801,0.8074377207528978,1.120252309526716,0.0,0.6983547978858036,3.535444904509045,6.419395446777344,0.8426579793294271,0.660341689253829,0.6726494239865289,0.6633807900367037,0.6588541666666666,0.7527426160337553,0.5403288958496476,0.6879535558780842,0.7533783783783784,0.4732510288065844,0.7913188647746243,0.7521079258010118,0.6295620437956204,0.6084724005134788,1.3333333333333333e-05,32768.0,0,446,124,23,101,345,102,45,260,474
3,10.396,1.8504018601917085,0.24531695148897636,0.7398295737448193,1.110572281905583,0.0,0.7457753294126405,4.0053629829770045,6.648555278778076,0.8451912025610606,0.6625830661183674,0.6649238125581584,0.6648334561315709,0.6807291666666667,0.76095947063689,0.4879518072289157,0.7388379204892966,0.7467532467532467,0.5424107142857143,0.705607476635514,0.7757166947723441,0.44343065693430656,0.7753530166880617,8.888888888888888e-06,32768.0,0,460,75,58,111,243,194,45,130,604
4,10.445,1.7880655175163633,0.24110981852466812,0.6775878647963206,1.110477655558359,0.0,0.7926747561974242,4.6914204404467625,8.28409194946289,0.8624591767787934,0.6699144806315657,0.6689409565268587,0.6712598392848145,0.68125,0.7586776859504132,0.5167910447761194,0.7342747111681643,0.7439222042139384,0.5286259541984732,0.7342747111681643,0.7740303541315345,0.5054744525547445,0.7342747111681643,4.444444444444444e-06,32768.0,1,459,87,47,111,277,160,47,160,572
