epoch,epoch_seconds,train_loss,train_loss_std,train_cls_loss,train_attention_loss,train_target_loss,train_accuracy,train_grad_norm_mean,train_grad_norm_max,val_loss,val_macro_f1,val_macro_precision,val_macro_recall,val_accuracy,val_f1_hatespeech,val_f1_offensive,val_f1_normal,val_precision_hatespeech,val_precision_offensive,val_precision_normal,val_recall_hatespeech,val_recall_offensive,val_recall_normal,learning_rate,amp_scale,early_stop_counter,val_cm_0_0,val_cm_0_1,val_cm_0_2,val_cm_1_0,val_cm_1_1,val_cm_1_2,val_cm_2_0,val_cm_2_1,val_cm_2_2
1,10.925,0.9962984786147163,0.1004599303190809,0.9962984786147163,0.0,0.0,0.49341174718975656,inf,inf,0.8890728016694387,0.6259598633453749,0.6332315200509103,0.6223053102799309,0.6375,0.7140287769784173,0.4652455977757183,0.698605215281989,0.7649325626204239,0.4726930320150659,0.6620689655172414,0.6694772344013491,0.458029197080292,0.7394094993581515,1.7777777777777777e-05,32768.0,0,397,134,62,65,251,232,57,146,576
2,10.652,0.8433577191262018,0.0673302100521177,0.8433577191262018,0.0,0.0,0.6647807637906648,5.229705577804928,15.912703514099121,0.8593021333217621,0.642055619494789,0.6433118350352323,0.644231016021645,0.6463541666666667,0.731023102310231,0.5111492281303602,0.6839945280437757,0.715670436187399,0.48220064724919093,0.7320644216691069,0.7470489038785835,0.5437956204379562,0.6418485237483954,1.3333333333333333e-05,32768.0,0,443,113,37,104,298,146,72,207,500
3,10.682,0.7868287651311784,0.06686164840854589,0.7868287651311784,0.0,0.0,0.7083302315193926,6.101152497246152,12.923973083496094,0.8650669753551483,0.6388847061783037,0.6372581203508684,0.6424774733086921,0.6479166666666667,0.7345629510825983,0.49225159525979945,0.6898395721925134,0.7003058103975535,0.4918032786885246,0.7196652719665272,0.7723440134907251,0.4927007299270073,0.6623876765083441,8.888888888888888e-06,32768.0,0,458,91,44,121,270,157,75,188,516
4,10.807,0.7426540689808981,0.07000006895915728,0.7426540689808981,0.0,0.0,0.7414576044070572,6.824088012604486,12.886561393737793,0.8903067668279012,0.6373523629289467,0.6417782907468258,0.6434500388251426,0.6401041666666667,0.7356687898089171,0.5154811715481171,0.6609071274298056,0.6968325791855203,0.4760432766615147,0.7524590163934426,0.7790893760539629,0.5620437956204379,0.5892169448010269,4.444444444444444e-06,32768.0,1,462,94,37,126,308,114,75,245,459
