epoch,train_loss,val_loss,val_macro_f1,val_macro_precision,val_macro_recall
1,0.93540795757657,0.7767630279064178,0.6502331171242562,0.6505968157254914,0.6545807000210054
2,0.7120977884247189,0.7508560101191203,0.6546869334691845,0.654667602630629,0.6554072093997448
3,0.6028572393315179,0.756142238775889,0.6573835754070283,0.6587099962615612,0.6569303154752003
4,0.5122285908176786,0.7843749026457468,0.6682533393254898,0.6664604495045082,0.6715824542642338
