epoch,train_loss,val_loss,val_macro_f1,val_macro_precision,val_macro_recall
1,1.0149442962237767,0.8862104217211405,0.6062553032150313,0.620854983641989,0.6123889806256778
2,0.8400754769643147,0.8419741829236348,0.6504121997021385,0.6550278120442267,0.6511443732311757
3,0.7805207754884448,0.8386874298254648,0.6695742022489503,0.6729824331473618,0.6677111864356502
4,0.741537416548956,0.8426338911056519,0.670658082411479,0.6720752814679307,0.673197341020631
5,0.7152708300522396,0.8448454141616821,0.6668956428256158,0.669244686393143,0.668767495140912
