{
  "display_name": "BERT+VADER (Fine-tuned Encoder)",
  "model_name": "bert-base-uncased",
  "seed": 42,
  "best_epoch": 4,
  "best_val_macro_f1": 0.6682533393254898,
  "elapsed_seconds": 290.0149381160736,
  "class_weight": {
    "counts": {
      "hatespeech": 4151,
      "offensive": 3830,
      "normal": 5452
    },
    "ratios": {
      "hatespeech": 0.3090151120375195,
      "offensive": 0.28511873743765354,
      "normal": 0.40586615052482694
    },
    "minority_ratio": 0.28511873743765354,
    "use_class_weight": false,
    "threshold": 0.1
  },
  "hyperparams": {
    "split_train": 0.7,
    "split_val": 0.1,
    "split_test": 0.2,
    "max_len": 128,
    "batch_size": 64,
    "epochs": 5,
    "learning_rate": 2e-05,
    "warmup_ratio": 0.1,
    "weight_decay": 0.01,
    "dropout": 0.1,
    "mlp_hidden": 256,
    "early_stopping_patience": 2,
    "early_stopping_min_delta": 0.0001,
    "imbalance_threshold": 0.1,
    "seeds": [
      42,
      52,
      62
    ],
    "tune_learning_rates": [
      1e-05,
      2e-05,
      3e-05
    ],
    "tune_batch_sizes": [
      64
    ],
    "tune_dropouts": [
      0.1,
      0.2,
      0.3
    ],
    "tune_epochs": [
      5
    ],
    "tuning_seed": 42,
    "tuning_max_epochs": 5,
    "xai_sample_size": 24,
    "lime_num_features": 5,
    "lime_num_samples": 500,
    "shap_max_evals": 300,
    "shap_batch_size": 32
  },
  "metrics": {
    "accuracy": 0.690804897108622,
    "macro_f1": 0.680488114309965,
    "macro_precision": 0.6788335479149815,
    "macro_recall": 0.6835219755240259,
    "auroc": 0.8528764399389942,
    "per_class_precision": {
      "hatespeech": 0.7366795366795367,
      "offensive": 0.553314121037464,
      "normal": 0.7465069860279441
    },
    "per_class_recall": {
      "hatespeech": 0.8043844856661045,
      "offensive": 0.5260273972602739,
      "normal": 0.7201540436456996
    },
    "per_class_f1": {
      "hatespeech": 0.7690447400241838,
      "offensive": 0.5393258426966292,
      "normal": 0.733093760209082
    },
    "confusion_matrix": [
      [
        954,
        147,
        85
      ],
      [
        223,
        576,
        296
      ],
      [
        118,
        318,
        1122
      ]
    ],
    "loss": 0.7556997577349345
  },
  "prediction_artifact": "/Users/winterflw/HateSpeachStudy/outputs/runs/bert_vader_fine_tuned_encoder/seed_42/predictions.pkl"
}