{
  "display_name": "BERT+VADER (Fine-tuned Encoder)",
  "model_name": "bert-base-uncased",
  "seed": 42,
  "best_epoch": 4,
  "best_val_macro_f1": 0.670658082411479,
  "elapsed_seconds": 361.0107340812683,
  "class_weight": {
    "counts": {
      "hatespeech": 4151,
      "offensive": 3830,
      "normal": 5452
    },
    "ratios": {
      "hatespeech": 0.3090151120375195,
      "offensive": 0.28511873743765354,
      "normal": 0.40586615052482694
    },
    "minority_ratio": 0.28511873743765354,
    "use_class_weight": true,
    "threshold": 0.4,
    "weights": {
      "hatespeech": 1.0786958965711073,
      "offensive": 1.1691035683202784,
      "normal": 0.8212888236732697
    }
  },
  "hyperparams": {
    "split_train": 0.7,
    "split_val": 0.1,
    "split_test": 0.2,
    "max_len": 128,
    "batch_size": 64,
    "epochs": 5,
    "learning_rate": 1e-05,
    "warmup_ratio": 0.1,
    "weight_decay": 0.01,
    "dropout": 0.1,
    "mlp_hidden": 256,
    "early_stopping_patience": 2,
    "early_stopping_min_delta": 0.0001,
    "imbalance_threshold": 0.4,
    "seeds": [
      42,
      52,
      62
    ],
    "tune_learning_rates": [
      1e-05,
      2e-05,
      3e-05
    ],
    "tune_batch_sizes": [
      64
    ],
    "tune_dropouts": [
      0.1,
      0.2,
      0.3
    ],
    "tune_epochs": [
      5
    ],
    "tuning_seed": 42,
    "tuning_max_epochs": 5,
    "xai_sample_size": 50,
    "lime_num_features": 5,
    "lime_num_samples": 500,
    "shap_max_evals": 300,
    "shap_batch_size": 32
  },
  "metrics": {
    "accuracy": 0.6900234436051055,
    "macro_f1": 0.6845193473116584,
    "macro_precision": 0.6837014863008014,
    "macro_recall": 0.6876806740884133,
    "auroc": 0.8497687645285327,
    "per_class_precision": {
      "hatespeech": 0.7460567823343849,
      "offensive": 0.5427350427350427,
      "normal": 0.7623126338329764
    },
    "per_class_recall": {
      "hatespeech": 0.7976391231028668,
      "offensive": 0.5799086757990868,
      "normal": 0.6854942233632862
    },
    "per_class_f1": {
      "hatespeech": 0.7709861450692747,
      "offensive": 0.5607064017660044,
      "normal": 0.7218654950996959
    },
    "confusion_matrix": [
      [
        946,
        162,
        78
      ],
      [
        205,
        635,
        255
      ],
      [
        117,
        373,
        1068
      ]
    ],
    "loss": 0.8203296144803365
  },
  "prediction_artifact": "/Users/winterflw/HateSpeachStudy/outputs/runs/bert_vader_fine_tuned_encoder/seed_42/predictions.pkl"
}