epoch,train_loss,val_loss,val_macro_f1,val_macro_precision,val_macro_recall,train_attention_loss,train_target_loss
1,2.1422464064189364,0.8508932828903198,0.646741464091058,0.6450618125140014,0.6506242853393557,1.1668163447153002,0.0
2,1.9210757783481054,0.8568151930967967,0.6450314459554343,0.642942907040955,0.64991525976187,1.1178496664478665,0.0
3,1.8407141469773791,0.8399994452794393,0.667976600539791,0.6676617883625277,0.668335871016096,1.1105538155351367,0.0
4,1.7750340524173918,0.8663850903511048,0.6683170634935567,0.6691898176836014,0.6711877981262394,1.1050775437127975,0.0
5,1.727459482351939,0.8813665926456451,0.6658806917449928,0.666373741382929,0.669023137164117,1.1026689705394563,0.0
