epoch,train_loss,val_loss,val_macro_f1,val_macro_precision,val_macro_recall,train_attention_loss,train_target_loss
1,0.9851005261852628,0.8954813539981842,0.6054612489533374,0.6173173518574091,0.6195352749965518,0.0,0.0
2,0.8291157986436571,0.8574125548203786,0.6557759419667889,0.6552604652744302,0.658326736243012,0.0,0.0
3,0.7615837398029509,0.855086890856425,0.6533543424370073,0.6527689117528027,0.6556503830394337,0.0,0.0
4,0.7075868827956063,0.8784922103087107,0.6463151964348798,0.6453328176979882,0.6501542210920364,0.0,0.0
5,0.6607624841587884,0.8959596653779348,0.6483209791872947,0.6466501933368259,0.6534514047247718,0.0,0.0
