epoch,train_loss,val_loss,val_macro_f1,val_macro_precision,val_macro_recall,train_attention_loss,train_target_loss
1,0.9580798418748946,0.8542067209879557,0.6351909482559638,0.6402671929612429,0.6451875960933933,0.0,0.0
2,0.7801204990772974,0.8348939677079519,0.6670180025465845,0.6651327838827839,0.6716871510264838,0.0,0.0
3,0.6736885505063194,0.8621944526831309,0.6593423395430882,0.6615149060340142,0.6580667923707261,0.0,0.0
4,0.5804915243671054,0.905286063750585,0.6571314184000709,0.657157728235298,0.6580915500586413,0.0,0.0
