epoch,epoch_seconds,train_loss,train_loss_std,train_cls_loss,train_attention_loss,train_target_loss,train_accuracy,train_grad_norm_mean,train_grad_norm_max,val_loss,val_macro_f1,val_macro_precision,val_macro_recall,val_accuracy,val_f1_hatespeech,val_f1_offensive,val_f1_normal,val_precision_hatespeech,val_precision_offensive,val_precision_normal,val_recall_hatespeech,val_recall_offensive,val_recall_normal,learning_rate,amp_scale,early_stop_counter,val_cm_0_0,val_cm_0_1,val_cm_0_2,val_cm_1_0,val_cm_1_1,val_cm_1_2,val_cm_2_0,val_cm_2_1,val_cm_2_2
1,10.654,2.132961162499019,0.28151228005549794,0.9642468790213267,1.1687142809232076,0.0,0.5377056502642745,inf,inf,0.877603660027186,0.6376695963800448,0.650426429927701,0.6362123614343073,0.6604166666666667,0.7295825771324864,0.44132397191574724,0.7421022400919012,0.7897838899803536,0.48997772828507796,0.6715176715176715,0.6779089376053963,0.40145985401459855,0.8292682926829268,1.7777777777777777e-05,16384.0,0,402,126,65,77,220,251,30,103,646
2,10.519,1.9385867765971592,0.1938863165094483,0.8118797537826357,1.1267070230983554,0.0,0.6926970892577979,3.9278871365955896,8.135801315307617,0.8505151093006134,0.6560285408558059,0.6653694772382557,0.6551760669798455,0.65625,0.7410636442894507,0.5248796147672552,0.7021423635107118,0.7671480144404332,0.4684813753581662,0.7604790419161677,0.7166947723440135,0.5967153284671532,0.6521181001283697,1.3333333333333333e-05,16384.0,0,425,139,29,90,327,131,39,232,508
3,10.52,1.859660484109606,0.2152303649625628,0.7453713354610262,1.1142891426881154,0.0,0.740564281992109,4.518166418302627,10.02965259552002,0.852234258254369,0.6593254310749458,0.6642576889220569,0.6608263120230184,0.6614583333333334,0.7537688442211056,0.522746071133168,0.7014613778705637,0.7487520798668885,0.47806354009077157,0.7659574468085106,0.7588532883642496,0.5766423357664233,0.6469833119383825,8.888888888888888e-06,16384.0,0,450,117,26,104,316,128,47,228,504
4,10.531,1.7930341448102678,0.2238198197128207,0.6829010367393493,1.1101331089224133,0.0,0.7860492816198913,4.9620350644702,11.189980506896973,0.8771779259045919,0.6628501798647907,0.6642387976783307,0.6617038194473359,0.6713541666666667,0.7592116538131962,0.503584229390681,0.7257546563904945,0.7717770034843205,0.49471830985915494,0.7262210796915167,0.7470489038785835,0.5127737226277372,0.7252888318356868,4.444444444444444e-06,16384.0,1,443,110,40,94,281,173,37,177,565
