epoch,train_loss,val_loss,val_macro_f1,val_macro_precision,val_macro_recall,train_attention_loss,train_target_loss
1,2.2484151068187894,0.9047068277994792,0.6037277509039579,0.6141146933972416,0.618870617587043,1.2527217785517375,0.0
2,2.0394850855781916,0.8522615194320678,0.6392605388338676,0.6374603109170914,0.6430607590109306,1.2000443112282526,0.0
3,1.973370197273436,0.8615769584973653,0.6291962185673478,0.630335736931939,0.6397542342954343,1.1925587134701865,0.0
4,1.9270577430725098,0.8689061423142751,0.6377248924438311,0.6411064333526654,0.6425692539896338,1.1833854567436946,0.0
