epoch,epoch_seconds,train_loss,train_loss_std,train_cls_loss,train_attention_loss,train_target_loss,train_accuracy,train_grad_norm_mean,train_grad_norm_max,val_loss,val_macro_f1,val_macro_precision,val_macro_recall,val_accuracy,val_f1_hatespeech,val_f1_offensive,val_f1_normal,val_precision_hatespeech,val_precision_offensive,val_precision_normal,val_recall_hatespeech,val_recall_offensive,val_recall_normal,learning_rate,amp_scale,early_stop_counter,val_cm_0_0,val_cm_0_1,val_cm_0_2,val_cm_1_0,val_cm_1_1,val_cm_1_2,val_cm_2_0,val_cm_2_1,val_cm_2_2
1,10.249,0.9812883763086229,0.10286839694962631,0.9812883763086229,0.0,0.0,0.5156703640288841,inf,inf,0.853744790951411,0.6446255987998385,0.6487251449115856,0.6488422598295038,0.6671875,0.7475409836065574,0.4557752341311134,0.7305605786618445,0.7272727272727273,0.5302663438256658,0.6886363636363636,0.7689713322091062,0.39963503649635035,0.7779204107830552,1.7777777777777777e-05,32768.0,0,456,75,62,117,219,212,54,119,606
2,10.237,0.8100091508456639,0.06650169170936594,0.8100091508456639,0.0,0.0,0.6982059108166456,3.544179489499047,6.216898441314697,0.8417907814184825,0.6500352488049795,0.6506219204578975,0.6565092293663607,0.659375,0.7453703703703703,0.5,0.7047353760445683,0.6870554765291608,0.49464285714285716,0.7701674277016742,0.8145025295109612,0.5054744525547445,0.6495507060333762,1.3333333333333333e-05,32768.0,0,483,85,25,145,277,126,75,198,506
3,10.21,0.734054556347075,0.07365614539853875,0.734054556347075,0.0,0.0,0.7518796992481203,4.1799927121117,7.412229537963867,0.8605230808258056,0.6470042685179864,0.6471463473435599,0.6564843716048213,0.6677083333333333,0.7537764350453172,0.46091370558375633,0.7263226649248857,0.6826265389876881,0.5194508009153318,0.7393617021276596,0.8414839797639123,0.4142335766423358,0.7137355584082157,8.888888888888888e-06,32768.0,0,499,60,34,159,227,162,73,150,556
4,10.213,0.6674303206659499,0.07677785675493323,0.6674303206659499,0.0,0.0,0.7988535695674831,4.823906434149969,9.905774116516113,0.872040190299352,0.6597708924474368,0.6605248004164466,0.6648908299204145,0.6666666666666666,0.7626582278481012,0.5105263157894737,0.7061281337047354,0.7183308494783904,0.49155405405405406,0.771689497716895,0.8128161888701517,0.531021897810219,0.6508344030808729,4.444444444444444e-06,32768.0,1,482,86,25,132,291,125,57,215,507
