epoch,train_loss,val_loss,val_macro_f1,val_macro_precision,val_macro_recall,train_attention_loss,train_target_loss
1,1.0149476020109085,0.8861886938412984,0.6067662414977953,0.6214546984043988,0.6129510941726144,0.0,0.0
2,0.8400769852456592,0.8420015076796213,0.6504121997021385,0.6550278120442267,0.6511443732311757,0.0,0.0
3,0.7805064522084736,0.8386934359868368,0.6697606315253374,0.6734586122631333,0.6677573453947964,0.0,0.0
4,0.7415110270182291,0.8427324851353963,0.6696578406529303,0.6710739371172546,0.6723415429889664,0.0,0.0
5,0.7152232275122687,0.8448082367579143,0.6679692758418709,0.6702953702652265,0.6699378811939312,0.0,0.0
