epoch,train_loss,val_loss,val_macro_f1,val_macro_precision,val_macro_recall,train_attention_loss,train_target_loss
1,0.9723589196091607,0.9193982303142547,0.5802177986639281,0.6178068401171114,0.600403639325873,0.0,0.0
2,0.8264432708422343,0.8581026117006938,0.6375441753291713,0.6379778339846245,0.6444863393893624,0.0,0.0
3,0.7638402771382105,0.8750399112701416,0.6357526321572234,0.6368138263835973,0.6455224608744654,0.0,0.0
4,0.710209268047696,0.8856653114159901,0.6361305979444404,0.6403030954988786,0.6417133664184108,0.0,0.0
