epoch,epoch_seconds,train_loss,train_loss_std,train_cls_loss,train_attention_loss,train_target_loss,train_accuracy,train_grad_norm_mean,train_grad_norm_max,val_loss,val_macro_f1,val_macro_precision,val_macro_recall,val_accuracy,val_f1_hatespeech,val_f1_offensive,val_f1_normal,val_precision_hatespeech,val_precision_offensive,val_precision_normal,val_recall_hatespeech,val_recall_offensive,val_recall_normal,learning_rate,amp_scale,early_stop_counter,val_cm_0_0,val_cm_0_1,val_cm_0_2,val_cm_1_0,val_cm_1_1,val_cm_1_2,val_cm_2_0,val_cm_2_1,val_cm_2_2
1,11.115,2.254479744320824,0.2559833638480767,0.9975802080971854,1.2568995387781234,0.0,0.5110548648849847,inf,inf,0.8744333386421204,0.632628807334634,0.6306924031933727,0.6359250421587793,0.6432291666666666,0.7310789049919485,0.4795539033457249,0.6872536136662286,0.699537750385208,0.48863636363636365,0.7039030955585465,0.7655986509274874,0.4708029197080292,0.6713735558408216,1.7777777777777777e-05,32768.0,0,454,94,45,115,258,175,80,176,523
2,10.896,2.0433048384530204,0.24122137207355684,0.8440047369116829,1.1993000992706844,0.0,0.662324127149557,5.867535267557416,14.523483276367188,0.8840380946795146,0.6280204508013516,0.6425793538680589,0.6412173699348505,0.6317708333333333,0.7333831217326363,0.5169842584921293,0.633693972179289,0.6581769436997319,0.47344461305007585,0.7961165048543689,0.8279932546374368,0.5693430656934306,0.5263157894736842,1.3333333333333333e-05,32768.0,0,491,80,22,153,312,83,102,267,410
3,10.912,1.9854081363905043,0.23299243873834227,0.7933342249620529,1.192073906319482,0.0,0.7001414427157001,6.548642216409956,13.897465705871582,0.8922761638959249,0.635508574213271,0.6462930652996688,0.6461971295966653,0.6395833333333333,0.7367624810892587,0.5146689019279128,0.6550943396226415,0.6680384087791496,0.475968992248062,0.7948717948717948,0.821247892074199,0.5602189781021898,0.5571245186136072,8.888888888888888e-06,32768.0,1,487,86,20,149,307,92,93,252,434
