epoch,train_loss,val_loss,val_macro_f1,val_macro_precision,val_macro_recall,train_attention_loss,train_target_loss
1,1.0149393842333838,0.8857990602652231,0.6079942269371242,0.6229334485575719,0.6145912758542775,0.0,0.0
2,0.8400892734527587,0.8419401586055756,0.6511181394640375,0.6559866453348627,0.6517988046964046,0.0,0.0
3,0.7804193638619923,0.8389541784922282,0.6680476200637862,0.6715833844093478,0.6661129013667987,0.0,0.0
4,0.7414911829289936,0.8429799993832906,0.6699093044518976,0.6715700237485281,0.6723877019481127,0.0,0.0
5,0.7150843807629177,0.84508296251297,0.6675107705690603,0.6698015431047327,0.669509982178099,0.0,0.0
