epoch,train_loss,val_loss,val_macro_f1,val_macro_precision,val_macro_recall,train_attention_loss,train_target_loss
1,0.9800263546762013,0.8672150850296021,0.625883645111648,0.6376799055678631,0.638656605717458,0.0,0.0
2,0.8064598100525993,0.8518820504347483,0.6526188320402065,0.650599768976638,0.6589090765128537,0.0,0.0
3,0.7316517063549587,0.846836366256078,0.6610363504799289,0.6602581793834096,0.6619428202802485,0.0,0.0
4,0.6663156114873432,0.8750445067882537,0.6625345009816824,0.6623164867403964,0.6682888561641116,0.0,0.0
5,0.6192884509052549,0.8988305946191152,0.6602664168683051,0.6619310439671953,0.6657717042954817,0.0,0.0
