epoch,train_loss,val_loss,val_macro_f1,val_macro_precision,val_macro_recall,train_attention_loss,train_target_loss
1,0.9816661834716797,0.9016086379686992,0.5983447361995645,0.6298466361354785,0.6113273245653144,0.0,0.0
2,0.8303733269373575,0.8914060811201732,0.6072727237686107,0.630003913019055,0.6242481817557387,0.0,0.0
3,0.7647316177686055,0.8579732914765675,0.647543755247746,0.6479430462702662,0.652897368172712,0.0,0.0
4,0.7059715222744715,0.8770543873310089,0.657641534657353,0.6576982198666791,0.6593582477576122,0.0,0.0
5,0.660228999313854,0.9080884893735249,0.6392545024041557,0.6390462541274289,0.642728992561933,0.0,0.0
