epoch,train_loss,val_loss,val_macro_f1,val_macro_precision,val_macro_recall
1,0.9110278172152383,0.7736811816692353,0.6439421289898095,0.6432675652965467,0.6480776157018718
2,0.7009386542297545,0.7358526587486267,0.6571304010184559,0.6650789807378535,0.6582060250673789
3,0.6165503990082514,0.7485087345043818,0.658529973675091,0.6580851663611802,0.6610745038282559
4,0.5492705055645534,0.7791198621193568,0.6621115569734254,0.6606698308493663,0.6658183109524204
