epoch,train_loss,val_loss,val_macro_f1,val_macro_precision,val_macro_recall
1,0.9656168230942317,0.8752187689145406,0.6307951097057868,0.6507850338887066,0.6396740871733019
2,0.8077379743258158,0.8415443340937296,0.6676467573034249,0.6692118113316782,0.66662033126192
3,0.7408761291276841,0.8473501563072204,0.6591280957074303,0.6575749687646861,0.6630496398305495
4,0.6914936607792264,0.8761666635672252,0.6683174625869626,0.6698196487467287,0.6719763545830141
