{
  "display_name": "RoBERTa+VADER",
  "model_name": "roberta-base",
  "seed": 62,
  "best_epoch": 4,
  "best_val_macro_f1": 0.6621115569734254,
  "elapsed_seconds": 733.3551540374756,
  "class_weight": {
    "counts": {
      "hatespeech": 4151,
      "offensive": 3830,
      "normal": 5452
    },
    "ratios": {
      "hatespeech": 0.3090151120375195,
      "offensive": 0.28511873743765354,
      "normal": 0.40586615052482694
    },
    "minority_ratio": 0.28511873743765354,
    "use_class_weight": false,
    "threshold": 0.1
  },
  "hyperparams": {
    "split_train": 0.7,
    "split_val": 0.1,
    "split_test": 0.2,
    "max_len": 128,
    "batch_size": 64,
    "epochs": 5,
    "learning_rate": 2e-05,
    "warmup_ratio": 0.1,
    "weight_decay": 0.01,
    "dropout": 0.1,
    "mlp_hidden": 256,
    "early_stopping_patience": 2,
    "early_stopping_min_delta": 0.0001,
    "imbalance_threshold": 0.1,
    "seeds": [
      42,
      52,
      62
    ],
    "tune_learning_rates": [
      1e-05,
      2e-05,
      3e-05
    ],
    "tune_batch_sizes": [
      64
    ],
    "tune_dropouts": [
      0.1,
      0.2,
      0.3
    ],
    "tune_epochs": [
      5
    ],
    "tuning_seed": 42,
    "tuning_max_epochs": 5,
    "xai_sample_size": 24,
    "lime_num_features": 5,
    "lime_num_samples": 500,
    "shap_max_evals": 300,
    "shap_batch_size": 32
  },
  "metrics": {
    "accuracy": 0.6975774941390988,
    "macro_f1": 0.6895053245600756,
    "macro_precision": 0.6879417692451107,
    "macro_recall": 0.6937943871670242,
    "auroc": 0.8563961840896336,
    "per_class_precision": {
      "hatespeech": 0.7384731670445956,
      "offensive": 0.5539437896645513,
      "normal": 0.7714083510261854
    },
    "per_class_recall": {
      "hatespeech": 0.8237774030354131,
      "offensive": 0.5579908675799087,
      "normal": 0.699614890885751
    },
    "per_class_f1": {
      "hatespeech": 0.7787963332004783,
      "offensive": 0.5559599636032757,
      "normal": 0.7337596768764726
    },
    "confusion_matrix": [
      [
        977,
        136,
        73
      ],
      [
        234,
        611,
        250
      ],
      [
        112,
        356,
        1090
      ]
    ],
    "loss": 0.747933854162693
  },
  "prediction_artifact": "/Users/winterflw/HateSpeachStudy/outputs/runs/roberta_vader/seed_62/predictions.pkl"
}