{
  "display_name": "RoBERTa+VADER",
  "model_name": "roberta-base",
  "seed": 62,
  "best_epoch": 4,
  "best_val_macro_f1": 0.6683174625869626,
  "elapsed_seconds": 312.4383797645569,
  "class_weight": {
    "counts": {
      "hatespeech": 4151,
      "offensive": 3830,
      "normal": 5452
    },
    "ratios": {
      "hatespeech": 0.3090151120375195,
      "offensive": 0.28511873743765354,
      "normal": 0.40586615052482694
    },
    "minority_ratio": 0.28511873743765354,
    "use_class_weight": true,
    "threshold": 0.4,
    "weights": {
      "hatespeech": 1.0786958965711073,
      "offensive": 1.1691035683202784,
      "normal": 0.8212888236732697
    }
  },
  "hyperparams": {
    "split_train": 0.7,
    "split_val": 0.1,
    "split_test": 0.2,
    "max_len": 128,
    "batch_size": 64,
    "epochs": 5,
    "learning_rate": 2e-05,
    "warmup_ratio": 0.1,
    "weight_decay": 0.01,
    "dropout": 0.3,
    "mlp_hidden": 256,
    "early_stopping_patience": 2,
    "early_stopping_min_delta": 0.0001,
    "imbalance_threshold": 0.4,
    "seeds": [
      42,
      52,
      62
    ],
    "tune_learning_rates": [
      1e-05,
      2e-05,
      3e-05
    ],
    "tune_batch_sizes": [
      64
    ],
    "tune_dropouts": [
      0.1,
      0.2,
      0.3
    ],
    "tune_epochs": [
      5
    ],
    "tuning_seed": 42,
    "tuning_max_epochs": 5,
    "xai_sample_size": 50,
    "lime_num_features": 5,
    "lime_num_samples": 500,
    "shap_max_evals": 300,
    "shap_batch_size": 32
  },
  "metrics": {
    "accuracy": 0.7001823391508205,
    "macro_f1": 0.6948035239202325,
    "macro_precision": 0.6946948244560059,
    "macro_recall": 0.6989047466253607,
    "auroc": 0.8538813033919811,
    "per_class_precision": {
      "hatespeech": 0.7470997679814385,
      "offensive": 0.5478991596638656,
      "normal": 0.7890855457227138
    },
    "per_class_recall": {
      "hatespeech": 0.8145025295109612,
      "offensive": 0.5954337899543379,
      "normal": 0.686777920410783
    },
    "per_class_f1": {
      "hatespeech": 0.7793465106897943,
      "offensive": 0.5706783369803063,
      "normal": 0.7343857240905971
    },
    "confusion_matrix": [
      [
        966,
        157,
        63
      ],
      [
        220,
        652,
        223
      ],
      [
        107,
        381,
        1070
      ]
    ],
    "loss": 0.8391399304072062
  },
  "prediction_artifact": "/Users/winterflw/HateSpeachStudy/outputs/runs/roberta_vader/seed_62/predictions.pkl"
}