epoch,train_loss,val_loss,val_macro_f1,val_macro_precision,val_macro_recall,train_attention_loss,train_target_loss
1,1.0209438820679984,0.8931783179442088,0.6039004198640437,0.6218639155996241,0.610702729524427,0.0,0.0
2,0.8452783794630141,0.8460466285546621,0.6517349298296766,0.6565035368405292,0.6533718343427365,0.0,0.0
3,0.783632968437104,0.8417928159236908,0.6624122268571851,0.6649178663713547,0.6607056008473855,0.0,0.0
4,0.745628885995774,0.8459489603837331,0.6648101399611684,0.6660936264849638,0.6678151168446206,0.0,0.0
5,0.7198066106864385,0.8484569132328034,0.6656684941252292,0.6682864068872734,0.6669050433561866,0.0,0.0
