epoch,train_loss,val_loss,val_macro_f1,val_macro_precision,val_macro_recall
1,0.9421310416289739,0.7701882700125376,0.6427905291727933,0.6433668315304234,0.6482967874728596
2,0.7151311071146103,0.7504953583081563,0.6554200304646495,0.6551043016190774,0.6559734957534574
3,0.6051717247281756,0.7532304247220357,0.6566250513745517,0.6577797206087977,0.656968039281236
4,0.5155727518456322,0.7845337470372518,0.6610106328061544,0.6594932547333006,0.6638428167918927
