epoch,train_loss,val_loss,val_macro_f1,val_macro_precision,val_macro_recall
1,1.0201787889003753,0.8912546157836914,0.608937599352272,0.6244907535873843,0.6149562851811131
2,0.8456549948170071,0.8459203839302063,0.650005787723121,0.6548318448662106,0.6516140793202613
3,0.7844217192559015,0.8400585234165192,0.6650714723317388,0.667087424754973,0.6636503831131721
4,0.7458322820209321,0.8451993525028229,0.6645679462726602,0.6655152734152315,0.6672739963738691
5,0.7198661943276723,0.8471418142318725,0.6699703819297472,0.6717123575804603,0.6716075806444485
