epoch,epoch_seconds,train_loss,train_loss_std,train_cls_loss,train_attention_loss,train_target_loss,train_accuracy,train_grad_norm_mean,train_grad_norm_max,val_loss,val_macro_f1,val_macro_precision,val_macro_recall,val_accuracy,val_f1_hatespeech,val_f1_offensive,val_f1_normal,val_precision_hatespeech,val_precision_offensive,val_precision_normal,val_recall_hatespeech,val_recall_offensive,val_recall_normal,learning_rate,amp_scale,early_stop_counter,val_cm_0_0,val_cm_0_1,val_cm_0_2,val_cm_1_0,val_cm_1_1,val_cm_1_2,val_cm_2_0,val_cm_2_1,val_cm_2_2
1,12.064,0.9856302809147608,0.0970447163668667,0.9856302809147608,0.0,0.0,0.5150748157522519,inf,inf,0.8721085985501608,0.629049317197663,0.6329182371427619,0.6389525826782343,0.6380208333333334,0.7404637247569185,0.4785714285714286,0.6681127982646421,0.6653225806451613,0.46853146853146854,0.7649006622516556,0.8347386172006745,0.48905109489051096,0.5930680359435173,1.7777777777777777e-05,32768.0,0,495,75,23,161,268,119,88,229,462
2,11.794,0.8149695393585024,0.07221883372633482,0.8149695393585024,0.0,0.0,0.6908360008933224,3.9965670608338857,8.044320106506348,0.8443088610967,0.6618272034638301,0.663601318741308,0.6618795724330179,0.6671875,0.7611814345991561,0.5090595340811044,0.7152406417112299,0.7618243243243243,0.4828150572831424,0.7461645746164575,0.760539629005059,0.5383211678832117,0.686777920410783,1.3333333333333333e-05,32768.0,0,451,116,26,97,295,156,44,200,535
3,10.334,0.7391138925438836,0.0690901033583105,0.7391138925438836,0.0,0.0,0.7478597483808531,4.675245894704546,9.081750869750977,0.8663362085819244,0.6435041609737525,0.6583737223603964,0.6491507552106085,0.6416666666666667,0.760655737704918,0.5151750972762645,0.6546816479400749,0.7400318979266348,0.4491180461329715,0.7859712230215827,0.7824620573355818,0.6040145985401459,0.5609756097560976,8.888888888888888e-06,32768.0,0,464,111,18,116,331,101,47,295,437
4,10.301,0.679098511877514,0.06873937587348379,0.679098511877514,0.0,0.0,0.7879848135189459,5.4265075819832935,9.361255645751953,0.8865747014681499,0.661329578116407,0.6610199865393112,0.6618294197462126,0.6703125,0.7581589958158996,0.5027027027027027,0.7231270358306189,0.7524916943521595,0.49644128113879005,0.7341269841269841,0.7639123102866779,0.5091240875912408,0.7124518613607189,4.444444444444444e-06,32768.0,1,453,100,40,108,279,161,41,183,555
