epoch,train_loss,val_loss,val_macro_f1,val_macro_precision,val_macro_recall
1,0.9744429718880426,0.8535135726133982,0.6483050410278731,0.6489885021852558,0.6518908039592096
2,0.8028826052234286,0.8372781912485758,0.6661654200224475,0.6652435245458502,0.66940505629992
3,0.7187209024315788,0.8464344660441081,0.6700388057309397,0.6705852388689681,0.6695401267238624
4,0.6502209178039006,0.8680755535761515,0.662188764409108,0.6635492335920737,0.666585695253893
