epoch,train_loss,val_loss,val_macro_f1,val_macro_precision,val_macro_recall
1,0.9352291291668302,0.7778931359450022,0.6455235252833962,0.645879391466231,0.651107176128425
2,0.7119762068703062,0.7508972068627675,0.6517738711863118,0.651771123423133,0.6528608979204948
3,0.6028745392958323,0.756094096104304,0.655875149777217,0.6573689209941631,0.6554453414008264
4,0.512857786672456,0.7836354623238245,0.6649134665914752,0.6631132327602617,0.6684739396984889
