epoch,train_loss,val_loss,val_macro_f1,val_macro_precision,val_macro_recall,train_attention_loss,train_target_loss
1,0.9744512257121858,0.8530752579371135,0.6486452277644615,0.6491123996810289,0.6521383294847914,0.0,0.0
2,0.802876394419443,0.8368623832861583,0.6631026862673393,0.6620585403808619,0.6659610501761936,0.0,0.0
3,0.7187371035416921,0.8463546792666118,0.6690275994293181,0.6696205818019937,0.6684830516653206,0.0,0.0
4,0.6501523982910883,0.8681159218152364,0.6634137389322362,0.6648699132461068,0.6678022402660586,0.0,0.0
