epoch,train_loss,val_loss,val_macro_f1,val_macro_precision,val_macro_recall
1,0.9142409838381268,0.7573285003503164,0.6376196250863011,0.659252409505382,0.6521768486127876
2,0.6955342207636152,0.739098463455836,0.6664321071401038,0.6664655259997327,0.6703115837584869
3,0.6135971540496463,0.7384239951769511,0.6708823282303088,0.6754321157634653,0.675173859619048
4,0.5445276761338824,0.7735879758993784,0.6755580511743671,0.6749752169038664,0.6821199619718121
5,0.4935237025930768,0.7781551390886307,0.683310790283849,0.6815853685802725,0.6876532709851478
