epoch,train_loss,val_loss,val_macro_f1,val_macro_precision,val_macro_recall
1,0.956758630559558,0.8571125765641531,0.6196162547655505,0.6437509396862003,0.6410512450852197
2,0.7923797462667738,0.8287870327631632,0.6779774483222947,0.6761015300488985,0.6819606315945589
3,0.7291481350149427,0.8332836349805196,0.6770210392467274,0.675052019288256,0.6810796676799331
4,0.677162655478432,0.8539490322271983,0.680460574960296,0.6806881068003051,0.6863271400874886
