epoch,train_loss,val_loss,val_macro_f1,val_macro_precision,val_macro_recall,train_attention_loss,train_target_loss
1,0.9931434486593519,0.95591894586881,0.5584529689842211,0.5856875169463571,0.5860155066082117,0.0,0.0
2,0.8366534105369023,0.8798866868019104,0.640953825554217,0.6416265859016006,0.6481493382049595,0.0,0.0
3,0.7827031598204658,0.8569574554761251,0.6470968368275264,0.6451157711882771,0.6515178071770559,0.0,0.0
4,0.7406515496117728,0.869083038965861,0.6487949101091652,0.6475029960586504,0.6528978158705043,0.0,0.0
5,0.7061332007249196,0.8792016804218292,0.6489507407601598,0.6481976991498165,0.6538372280486754,0.0,0.0
