epoch,train_loss,val_loss,val_macro_f1,val_macro_precision,val_macro_recall,train_attention_loss,train_target_loss
1,0.9790153767381395,0.8576648135979971,0.6366236538372968,0.64723564143854,0.6462790780440327,0.0,0.0
2,0.805420914718083,0.8493629316488902,0.6589300285385115,0.6576681458879975,0.66349835284345,0.0,0.0
3,0.7300827857993898,0.8505952755610148,0.6593555687147422,0.6579077419302862,0.6615525555308935,0.0,0.0
4,0.665717263448806,0.8805876493453979,0.6603111876000961,0.6603500086277408,0.6662835756160544,0.0,0.0
