epoch,train_loss,val_loss,val_macro_f1,val_macro_precision,val_macro_recall,train_attention_loss,train_target_loss
1,1.014937732900892,0.886104957262675,0.6077870881147436,0.6226600398111668,0.6140753212664873,0.0,0.0
2,0.840114589816048,0.8419297496477763,0.6503608049503662,0.6550073759437937,0.6510101587000715,0.0,0.0
3,0.7805054156553177,0.8387252708276113,0.6706448069238092,0.6741144600377255,0.6687473579575652,0.0,0.0
4,0.7415686241218022,0.8427145044008891,0.6701684008218832,0.6716658863377577,0.6726352274736945,0.0,0.0
5,0.7152185505344755,0.8448406855265299,0.6669704154738888,0.6693748556567231,0.6688136541000582,0.0,0.0
