{
  "display_name": "TF-IDF + LR",
  "seed": 42,
  "best_c": 0.5,
  "best_val_macro_f1": 0.6314146081515185,
  "class_weight": {
    "counts": {
      "hatespeech": 4151,
      "offensive": 3830,
      "normal": 5452
    },
    "ratios": {
      "hatespeech": 0.3090151120375195,
      "offensive": 0.28511873743765354,
      "normal": 0.40586615052482694
    },
    "minority_ratio": 0.28511873743765354,
    "use_class_weight": true,
    "threshold": 0.4,
    "weights": {
      "hatespeech": 1.0786958965711073,
      "offensive": 1.1691035683202784,
      "normal": 0.8212888236732697
    }
  },
  "metrics": {
    "accuracy": 0.648866892419901,
    "macro_f1": 0.6400258937794545,
    "macro_precision": 0.640251262638038,
    "macro_recall": 0.6401590153889675,
    "auroc": 0.8158285211669067,
    "per_class_precision": {
      "hatespeech": 0.7270450751252087,
      "offensive": 0.5197685631629702,
      "normal": 0.6739401496259352
    },
    "per_class_recall": {
      "hatespeech": 0.7344013490725126,
      "offensive": 0.4922374429223744,
      "normal": 0.6938382541720154
    },
    "per_class_f1": {
      "hatespeech": 0.7307046979865772,
      "offensive": 0.5056285178236398,
      "normal": 0.6837444655281467
    },
    "confusion_matrix": [
      [
        871,
        161,
        154
      ],
      [
        187,
        539,
        369
      ],
      [
        140,
        337,
        1081
      ]
    ]
  }
}