{
  "display_name": "D_R",
  "model_name": "roberta-base",
  "seed": 102,
  "best_epoch": 5,
  "best_val_macro_f1": 0.644434739264656,
  "elapsed_seconds": 59.07746982574463,
  "class_weight": {
    "counts": {
      "hatespeech": 4151,
      "offensive": 3830,
      "normal": 5452
    },
    "ratios": {
      "hatespeech": 0.3090151120375195,
      "offensive": 0.28511873743765354,
      "normal": 0.40586615052482694
    },
    "minority_ratio": 0.28511873743765354,
    "use_class_weight": true,
    "threshold": 0.4,
    "weights": {
      "hatespeech": 1.0786958965711073,
      "offensive": 1.1691035683202784,
      "normal": 0.8212888236732697
    }
  },
  "hyperparams": {
    "split_train": 0.7,
    "split_val": 0.1,
    "split_test": 0.2,
    "max_len": 128,
    "batch_size": 64,
    "epochs": 5,
    "learning_rate": 2e-05,
    "warmup_ratio": 0.1,
    "weight_decay": 0.01,
    "dropout": 0.3,
    "mlp_hidden": 256,
    "early_stopping_patience": 2,
    "early_stopping_min_delta": 0.0001,
    "imbalance_threshold": 0.4,
    "seeds": [
      102
    ],
    "tune_learning_rates": [
      1e-05,
      2e-05,
      3e-05
    ],
    "tune_batch_sizes": [
      64
    ],
    "tune_dropouts": [
      0.1,
      0.2,
      0.3
    ],
    "tune_epochs": [
      5
    ],
    "tuning_seed": 42,
    "tuning_max_epochs": 5,
    "xai_sample_size": 500,
    "lime_num_features": 5,
    "lime_num_samples": 500,
    "shap_max_evals": 300,
    "shap_batch_size": 32,
    "v2_enabled": true,
    "alpha_grid": [
      0.0,
      0.1,
      0.3,
      0.5,
      0.7,
      1.0
    ],
    "beta_grid": [
      0.0,
      0.1,
      0.3
    ],
    "attention_loss_alpha": 1.0,
    "target_loss_beta": 0.0,
    "target_labels": [],
    "xai_context_sample_size": 500,
    "xai_ablation_sample_size": 50,
    "xai_interaction_pairs": 50,
    "xai_mss_threshold": 0.8
  },
  "metrics": {
    "accuracy": 0.6845532690804897,
    "macro_f1": 0.6762203085250137,
    "macro_precision": 0.6747057926476084,
    "macro_recall": 0.6817573727275222,
    "auroc": 0.8490831407000119,
    "per_class_precision": {
      "hatespeech": 0.7245949926362297,
      "offensive": 0.5392335766423357,
      "normal": 0.76028880866426
    },
    "per_class_recall": {
      "hatespeech": 0.8296795952782462,
      "offensive": 0.5397260273972603,
      "normal": 0.6758664955070603
    },
    "per_class_f1": {
      "hatespeech": 0.7735849056603774,
      "offensive": 0.539479689639434,
      "normal": 0.7155963302752294
    },
    "confusion_matrix": [
      [
        984,
        139,
        63
      ],
      [
        235,
        591,
        269
      ],
      [
        139,
        366,
        1053
      ]
    ],
    "loss": 0.8398328691720962
  },
  "prediction_artifact": "/workspace/HateSpeachStudy/v2/outputs/experiments/v2_15seed/benchmark/runs/d_r/seed_102/predictions.pkl"
}