epoch,epoch_seconds,train_loss,train_loss_std,train_cls_loss,train_attention_loss,train_target_loss,train_accuracy,train_grad_norm_mean,train_grad_norm_max,val_loss,val_macro_f1,val_macro_precision,val_macro_recall,val_accuracy,val_f1_hatespeech,val_f1_offensive,val_f1_normal,val_precision_hatespeech,val_precision_offensive,val_precision_normal,val_recall_hatespeech,val_recall_offensive,val_recall_normal,learning_rate,amp_scale,early_stop_counter,val_cm_0_0,val_cm_0_1,val_cm_0_2,val_cm_1_0,val_cm_1_1,val_cm_1_2,val_cm_2_0,val_cm_2_1,val_cm_2_2
1,11.0,2.253513286794935,0.29061041077161365,1.0003419606458572,1.25317131962095,0.0,0.48447852304027395,4.202123904512042,13.658268928527832,0.8755248804887136,0.6336013338462276,0.6333777080515162,0.638760417618189,0.6411458333333333,0.7248427672955975,0.4968722073279714,0.6790890269151139,0.678939617083947,0.4868651488616462,0.7343283582089553,0.7774030354131535,0.5072992700729927,0.631578947368421,1.7777777777777777e-05,65536.0,0,461,97,35,127,278,143,91,196,492
2,12.032,2.0319963472230094,0.24476462726873568,0.8348914878708976,1.197104857649122,0.0,0.6702151418149334,inf,inf,0.8517955482006073,0.6446617506898839,0.6455327976022184,0.6470206802197008,0.6494791666666667,0.7329498767460969,0.5125107851596203,0.6885245901639344,0.7147435897435898,0.486088379705401,0.7357664233576642,0.7521079258010118,0.541970802919708,0.6469833119383825,1.3333333333333333e-05,32768.0,0,446,108,39,109,297,142,69,206,504
3,10.918,1.9716934328987485,0.23474807543451037,0.7843469015189579,1.1873465296768007,0.0,0.706766917293233,6.351380376588731,12.530123710632324,0.8567653556664785,0.6576726972291262,0.6608893678237121,0.6561580025477375,0.6625,0.7441457068516912,0.5185185185185185,0.7103538663171691,0.7660714285714286,0.4910277324632953,0.7255689424364123,0.7234401349072512,0.5492700729927007,0.6957637997432606,8.888888888888888e-06,32768.0,0,429,120,44,86,301,161,45,192,542
4,10.889,1.9292511684553963,0.23651102504696686,0.7429015173798516,1.1863496544815244,0.0,0.737065435866895,6.978227533612933,13.709861755371094,0.879904317855835,0.6414970203445913,0.6476808577684171,0.6475023174549516,0.6432291666666666,0.7457898957497995,0.516872427983539,0.6618287373004355,0.7110091743119266,0.4707646176911544,0.7612687813021702,0.7841483979763912,0.572992700729927,0.5853658536585366,4.444444444444444e-06,32768.0,1,465,102,26,117,314,117,72,251,456
