metric,factor,sum_sq,df,F,p_value,eta_squared,partial_eta_squared
macro_f1,C(backbone),0.003948336019042193,1.0,91.84493101941992,3.0225135639564555e-16,0.3896,0.4506
macro_f1,C(attention_loss),0.0009677644792638103,1.0,22.511828125153208,6.207299337168102e-06,0.0955,0.1674
macro_f1,C(vader),1.7497855962036248e-05,1.0,0.40702953499150774,0.5247833279118879,0.0017,0.0036
macro_f1,C(backbone):C(attention_loss),0.00013124482963067802,1.0,3.052975295402873,0.08333034770146519,0.0129,0.0265
macro_f1,C(backbone):C(vader),6.696780349133709e-06,1.0,0.15577836492437083,0.6938239946349399,0.0007,0.0014
macro_f1,C(attention_loss):C(vader),0.00024345275142939924,1.0,5.663120122928476,0.019015495477494843,0.024,0.0481
macro_f1,C(backbone):C(attention_loss):C(vader),4.965719644831516e-06,1.0,0.11551098387820757,0.7345916750280921,0.0005,0.001
macro_f1,Residual,0.004814785413026473,112.0,,,,
