family,metric,factor,sum_sq,df,F,p_value,eta_squared,partial_eta_squared
RoBERTa,macro_f1,C(attention_loss),0.0009058950081376872,1.0,23.109403149129086,1.1896024454745652e-05,0.2759,0.2921
RoBERTa,macro_f1,C(vader),2.2922256860200554e-05,1.0,0.5847473163134511,0.4476680091528971,0.007,0.0103
RoBERTa,macro_f1,C(attention_loss):C(vader),0.00015897873525111284,1.0,4.05555130788206,0.048840504591679955,0.0484,0.0675
RoBERTa,macro_f1,Residual,0.002195215520207943,56.0,,,,
