family,metric,factor,sum_sq,df,F,p_value,eta_squared,partial_eta_squared
BERT,macro_f1,C(attention_loss),0.0001931143007568366,1.0,4.128311625519212,0.0469260830140554,0.0665,0.0687
BERT,macro_f1,C(vader),1.2723794509813854e-06,1.0,0.027200361956478496,0.8695966669353273,0.0004,0.0005
BERT,macro_f1,C(attention_loss):C(vader),8.943973582311615e-05,1.0,1.9120028901788408,0.17223028695368287,0.0308,0.033
BERT,macro_f1,Residual,0.002619569892818529,56.0,,,,
