condition,backbone,n_seeds,macro_f1_mean,macro_f1_std,macro_f1_ci_low,macro_f1_ci_high,weighted_f1_mean,accuracy_mean,best_seed,median_seed,failed_seed_count
A_B,BERT,15,0.6797501865352156,0.007606191218443749,0.6761899974344436,0.6832177621825243,0.6875654440516256,0.6878701050620821,162,142,0
B_B,BERT,15,0.685780115774346,0.005993749356719612,0.6829493463307063,0.6883668089863013,0.6934837986713931,0.6926630198836503,162,172,0
C_B,BERT,15,0.6824832879726664,0.00875465084198987,0.6777580234074849,0.6862664307225712,0.6902814664644922,0.6905444126074498,112,152,0
D_B,BERT,15,0.6836295099908941,0.004085223082459761,0.6815763046650128,0.6856431597565841,0.6910171933330221,0.6903360250065121,182,72,0
A_R,RoBERTa,15,0.6653070707786412,0.0071562630841051,0.6617395199255,0.6685470522498735,0.6722855756499423,0.6725709820265694,72,162,0
B_R,RoBERTa,15,0.6763339105402845,0.004019859755519004,0.6742794083850566,0.6781741951424717,0.683580019906504,0.68314665277416,72,92,0
C_R,RoBERTa,15,0.6697988010050228,0.0064801682776171555,0.6665754874316517,0.6730012853352055,0.6776613792722302,0.6785273942867066,142,102,0
D_R,RoBERTa,15,0.6743145479704992,0.00688746353145185,0.6706708468550617,0.6775098452240894,0.6813002099803779,0.6808022922636103,162,102,0
