{
  "display_name": "D_B",
  "model_name": "bert-base-uncased",
  "seed": 152,
  "best_epoch": 4,
  "best_val_macro_f1": 0.6634724641410955,
  "elapsed_seconds": 57.43044066429138,
  "class_weight": {
    "counts": {
      "hatespeech": 4151,
      "offensive": 3830,
      "normal": 5452
    },
    "ratios": {
      "hatespeech": 0.3090151120375195,
      "offensive": 0.28511873743765354,
      "normal": 0.40586615052482694
    },
    "minority_ratio": 0.28511873743765354,
    "use_class_weight": true,
    "threshold": 0.4,
    "weights": {
      "hatespeech": 1.0786958965711073,
      "offensive": 1.1691035683202784,
      "normal": 0.8212888236732697
    }
  },
  "hyperparams": {
    "split_train": 0.7,
    "split_val": 0.1,
    "split_test": 0.2,
    "max_len": 128,
    "batch_size": 64,
    "epochs": 5,
    "learning_rate": 2e-05,
    "warmup_ratio": 0.1,
    "weight_decay": 0.01,
    "dropout": 0.3,
    "mlp_hidden": 256,
    "early_stopping_patience": 2,
    "early_stopping_min_delta": 0.0001,
    "imbalance_threshold": 0.4,
    "seeds": [
      152
    ],
    "tune_learning_rates": [
      1e-05,
      2e-05,
      3e-05
    ],
    "tune_batch_sizes": [
      64
    ],
    "tune_dropouts": [
      0.1,
      0.2,
      0.3
    ],
    "tune_epochs": [
      5
    ],
    "tuning_seed": 42,
    "tuning_max_epochs": 5,
    "xai_sample_size": 500,
    "lime_num_features": 5,
    "lime_num_samples": 500,
    "shap_max_evals": 300,
    "shap_batch_size": 32,
    "v2_enabled": true,
    "alpha_grid": [
      0.0,
      0.1,
      0.3,
      0.5,
      0.7,
      1.0
    ],
    "beta_grid": [
      0.0,
      0.1,
      0.3
    ],
    "attention_loss_alpha": 1.0,
    "target_loss_beta": 0.0,
    "target_labels": [],
    "xai_context_sample_size": 500,
    "xai_ablation_sample_size": 50,
    "xai_interaction_pairs": 50,
    "xai_mss_threshold": 0.8
  },
  "metrics": {
    "accuracy": 0.6913258661109664,
    "macro_f1": 0.679174695634693,
    "macro_precision": 0.678974145729036,
    "macro_recall": 0.6801273666707348,
    "auroc": 0.8504568740316155,
    "per_class_precision": {
      "hatespeech": 0.7561374795417348,
      "offensive": 0.5488647581441264,
      "normal": 0.7319201995012469
    },
    "per_class_recall": {
      "hatespeech": 0.7790893760539629,
      "offensive": 0.5077625570776255,
      "normal": 0.7535301668806161
    },
    "per_class_f1": {
      "hatespeech": 0.7674418604651163,
      "offensive": 0.5275142314990512,
      "normal": 0.7425679949399114
    },
    "confusion_matrix": [
      [
        924,
        174,
        88
      ],
      [
        197,
        556,
        342
      ],
      [
        101,
        283,
        1174
      ]
    ],
    "loss": 0.8452869176864624
  },
  "prediction_artifact": "/workspace/HateSpeachStudy/v2/outputs/experiments/v2_15seed/benchmark/runs/d_b/seed_152/predictions.pkl"
}