epoch,epoch_seconds,train_loss,train_loss_std,train_cls_loss,train_attention_loss,train_target_loss,train_accuracy,train_grad_norm_mean,train_grad_norm_max,val_loss,val_macro_f1,val_macro_precision,val_macro_recall,val_accuracy,val_f1_hatespeech,val_f1_offensive,val_f1_normal,val_precision_hatespeech,val_precision_offensive,val_precision_normal,val_recall_hatespeech,val_recall_offensive,val_recall_normal,learning_rate,amp_scale,early_stop_counter,val_cm_0_0,val_cm_0_1,val_cm_0_2,val_cm_1_0,val_cm_1_1,val_cm_1_2,val_cm_2_0,val_cm_2_1,val_cm_2_2
1,10.904,2.1358770830290656,0.2515407413227621,0.9653472996893383,1.1705297773792631,0.0,0.53956673862875,inf,inf,0.8426241854826609,0.6501246358314215,0.6501987130074026,0.6540856489698418,0.66875,0.751417004048583,0.4695304695304695,0.729426433915212,0.7227414330218068,0.5187637969094923,0.7090909090909091,0.7824620573355818,0.42883211678832117,0.7509627727856226,1.7777777777777777e-05,32768.0,0,464,86,43,116,235,197,62,132,585
2,9.708,1.9170419102623348,0.23423660409143607,0.7961369139807565,1.1209049994037266,0.0,0.7005881039231743,3.828402716772897,6.975764274597168,0.8324370344479879,0.6612120028714493,0.6646650821827306,0.6612543901179677,0.6640625,0.7619047619047619,0.518955349620893,0.7027758970886933,0.7684391080617495,0.48200312989045385,0.7435530085959885,0.7554806070826307,0.5620437956204379,0.6662387676508345,1.3333333333333333e-05,32768.0,0,448,110,35,96,308,144,39,221,519
3,10.447,1.8423654437065125,0.22059966398063363,0.7290500805491493,1.1133153637250264,0.0,0.7512841509714882,4.331003668194725,8.052783012390137,0.8602469265460968,0.6578671367861276,0.6613235649633481,0.6604317849273289,0.6609375,0.7594728171334432,0.5167785234899329,0.697350069735007,0.7423510466988728,0.4782608695652174,0.7633587786259542,0.7774030354131535,0.5620437956204379,0.6418485237483954,8.888888888888888e-06,32768.0,0,461,102,30,115,308,125,45,234,500
4,10.503,1.7753127381915137,0.2358565350432407,0.6694853186607361,1.1058274232205891,0.0,0.7917069902478969,5.120472057660421,12.244771957397461,0.892957329750061,0.6545355508882026,0.6539045228905421,0.6555369825053976,0.6666666666666666,0.7639699749791493,0.4821763602251407,0.7174603174603175,0.7557755775577558,0.49613899613899615,0.7097989949748744,0.7723440134907251,0.46897810218978103,0.7252888318356868,4.444444444444444e-06,32768.0,1,458,86,49,109,257,182,39,175,565
