epoch,epoch_seconds,train_loss,train_loss_std,train_cls_loss,train_attention_loss,train_target_loss,train_accuracy,train_grad_norm_mean,train_grad_norm_max,val_loss,val_macro_f1,val_macro_precision,val_macro_recall,val_accuracy,val_f1_hatespeech,val_f1_offensive,val_f1_normal,val_precision_hatespeech,val_precision_offensive,val_precision_normal,val_recall_hatespeech,val_recall_offensive,val_recall_normal,learning_rate,amp_scale,early_stop_counter,val_cm_0_0,val_cm_0_1,val_cm_0_2,val_cm_1_0,val_cm_1_1,val_cm_1_2,val_cm_2_0,val_cm_2_1,val_cm_2_2
1,10.334,0.9886149065835136,0.09404356630092094,0.9886149065835136,0.0,0.0,0.5211047420531527,inf,inf,0.8986406803131104,0.5814568095348677,0.6269520209450032,0.6028164881429583,0.6421875,0.7475642161204605,0.2717678100263852,0.7250384024577573,0.7873134328358209,0.49047619047619045,0.6030664395229983,0.7116357504215851,0.18795620437956204,0.9088575096277278,1.7777777777777777e-05,32768.0,0,422,67,104,83,103,362,31,40,708
2,10.296,0.8247646825654166,0.0709056718261597,0.8247646825654166,0.0,0.0,0.6857738405419489,3.3117789637474786,9.486252784729004,0.8303810834884644,0.6625575011504935,0.6623827549560578,0.6627524593527668,0.6729166666666667,0.7603027754415476,0.5013774104683195,0.7259923175416133,0.7583892617449665,0.5046210720887245,0.7241379310344828,0.7622259696458684,0.4981751824817518,0.7278562259306803,1.3333333333333333e-05,32768.0,0,452,95,46,105,273,170,39,173,567
3,10.434,0.7435451564334687,0.07099237201475297,0.7435451564334687,0.0,0.0,0.7459242164817985,3.930619412376767,7.6613264083862305,0.8468841036160787,0.6665424099562233,0.6680314574526848,0.6654247793259396,0.6739583333333333,0.7553648068669528,0.5200356188780053,0.7242268041237113,0.7692307692307693,0.5078260869565218,0.7270375161707633,0.7419898819561551,0.5328467153284672,0.7214377406931964,8.888888888888888e-06,32768.0,0,440,107,46,91,292,165,41,176,562
4,10.328,0.6843843329520453,0.071993801065975,0.6843843329520453,0.0,0.0,0.7875381523114717,4.4862427870432535,10.050715446472168,0.8732594013214111,0.6638068528536262,0.6656654111880825,0.6657722020300861,0.6677083333333333,0.7595356550580431,0.5264054514480409,0.7054794520547946,0.7471451876019576,0.4936102236421725,0.7562408223201175,0.7723440134907251,0.5638686131386861,0.6611039794608472,4.444444444444444e-06,32768.0,1,458,100,35,108,309,131,47,217,515
