epoch,train_loss,val_loss,val_macro_f1,val_macro_precision,val_macro_recall
1,0.928928294919786,0.7788318634033203,0.6246277651430191,0.6265118917407606,0.6348094187630682
2,0.7003975157226835,0.7262795229752859,0.6632383371223112,0.668649392573253,0.6598795892032506
3,0.5957785619156701,0.7430267175038655,0.661196437885765,0.6606834142031345,0.661854854247849
4,0.5033780726648512,0.7878098428249359,0.6660393161551128,0.6656127995754318,0.6685577829609244
