epoch,train_loss,val_loss,val_macro_f1,val_macro_precision,val_macro_recall
1,1.0129649204867226,0.881242158015569,0.6431233799108055,0.6423984517539747,0.6445836860072692
2,0.8359774458976019,0.8367052714029948,0.6602328465052616,0.6696458515957752,0.65793680068321
3,0.7733881771564484,0.8412727534770965,0.6656949233529016,0.6683987097220528,0.6646234858669734
4,0.7339218721503303,0.8432758549849192,0.6688613437094876,0.6714625748653124,0.6703994707853936
