{
  "display_name": "BERT+VADER",
  "model_name": "bert-base-uncased",
  "seed": 62,
  "best_epoch": 4,
  "best_val_macro_f1": 0.6660393161551128,
  "elapsed_seconds": 466.15721011161804,
  "class_weight": {
    "counts": {
      "hatespeech": 4151,
      "offensive": 3830,
      "normal": 5452
    },
    "ratios": {
      "hatespeech": 0.3090151120375195,
      "offensive": 0.28511873743765354,
      "normal": 0.40586615052482694
    },
    "minority_ratio": 0.28511873743765354,
    "use_class_weight": false,
    "threshold": 0.1
  },
  "hyperparams": {
    "split_train": 0.7,
    "split_val": 0.1,
    "split_test": 0.2,
    "max_len": 128,
    "batch_size": 64,
    "epochs": 5,
    "learning_rate": 2e-05,
    "warmup_ratio": 0.1,
    "weight_decay": 0.01,
    "dropout": 0.1,
    "mlp_hidden": 256,
    "early_stopping_patience": 2,
    "early_stopping_min_delta": 0.0001,
    "imbalance_threshold": 0.1,
    "seeds": [
      42,
      52,
      62
    ],
    "tune_learning_rates": [
      1e-05,
      2e-05,
      3e-05
    ],
    "tune_batch_sizes": [
      64
    ],
    "tune_dropouts": [
      0.1,
      0.2,
      0.3
    ],
    "tune_epochs": [
      5
    ],
    "tuning_seed": 42,
    "tuning_max_epochs": 5,
    "xai_sample_size": 24,
    "lime_num_features": 5,
    "lime_num_samples": 500,
    "shap_max_evals": 300,
    "shap_batch_size": 32
  },
  "metrics": {
    "accuracy": 0.6895024746027612,
    "macro_f1": 0.6828743868438312,
    "macro_precision": 0.6821400810004054,
    "macro_recall": 0.6846381979833955,
    "auroc": 0.8529193159548146,
    "per_class_precision": {
      "hatespeech": 0.7568881685575365,
      "offensive": 0.5338541666666666,
      "normal": 0.755677907777013
    },
    "per_class_recall": {
      "hatespeech": 0.7875210792580101,
      "offensive": 0.5616438356164384,
      "normal": 0.7047496790757382
    },
    "per_class_f1": {
      "hatespeech": 0.771900826446281,
      "offensive": 0.5473965287049399,
      "normal": 0.7293258053802724
    },
    "confusion_matrix": [
      [
        934,
        170,
        82
      ],
      [
        207,
        615,
        273
      ],
      [
        93,
        367,
        1098
      ]
    ],
    "loss": 0.7589791531364123
  },
  "prediction_artifact": "/Users/winterflw/HateSpeachStudy/outputs/runs/bert_vader/seed_62/predictions.pkl"
}