epoch,train_loss,val_loss,val_macro_f1,val_macro_precision,val_macro_recall,train_attention_loss,train_target_loss
1,1.0083808617932455,0.8954333424568176,0.5987475185588208,0.5966785736651391,0.6065855808012692,0.0,0.0
2,0.862771364336922,0.8504777193069458,0.6546846972793721,0.6533376733357087,0.6589683806692372,0.0,0.0
3,0.7972639021419343,0.8460750758647919,0.6636796646502803,0.6621561939017844,0.6667708683278288,0.0,0.0
4,0.7597915249211448,0.8515910108884176,0.6563198412478464,0.6554400075539387,0.6584862061966357,0.0,0.0
5,0.7369699302173797,0.8538878937562306,0.6594438260909342,0.6579103545043944,0.6618880470888749,0.0,0.0
