epoch,train_loss,val_loss,val_macro_f1,val_macro_precision,val_macro_recall
1,0.9902038855212075,0.8625677645206451,0.6185607899861646,0.6355854385653442,0.6363152463372567
2,0.8148269451799847,0.8347021102905273,0.6628603681920442,0.6612112017089352,0.6685532019591024
3,0.7666560218447731,0.8294149299462636,0.6726938140055233,0.6712101909579969,0.6760039150276542
4,0.7358725459802719,0.840471088886261,0.6754881277541339,0.6740174731686922,0.6800476689647943
5,0.7143633805570149,0.8430036803086599,0.6763287256353753,0.6756945795779892,0.6811549862496996
