epoch,train_loss,val_loss,val_macro_f1,val_macro_precision,val_macro_recall
1,0.964153280996141,0.7797872006893158,0.6111055668018842,0.6534769284057709,0.6260563541334201
2,0.7316764828704653,0.7415710190931956,0.6522655847917233,0.6527940469952235,0.6591108907770815
3,0.6674790033272334,0.7306348065535228,0.6658466355004461,0.665666235250976,0.6670272767043134
4,0.6276295380932945,0.7388724446296692,0.6649598820084683,0.6675807074441579,0.6704417150223736
5,0.5976302972861699,0.7430224239826202,0.6716242844112644,0.6706245143745143,0.675605483743864
