epoch,train_loss,val_loss,val_macro_f1,val_macro_precision,val_macro_recall
1,0.9335361086186909,0.7887860357761383,0.6278815088967877,0.62697432303291,0.6380223614723879
2,0.7041587132783164,0.7264311889807383,0.6631518803044562,0.6672646572597153,0.660546578591554
3,0.5926484769298916,0.7497545162836711,0.669946879268278,0.6712345404492431,0.6704164701339197
4,0.5001930451109295,0.7870663901170095,0.6747083393723069,0.6738106925746522,0.6761006743713982
