epoch,train_loss,val_loss,val_macro_f1,val_macro_precision,val_macro_recall
1,0.9845871593270983,0.8870824495951335,0.6162803798517942,0.6185105979498631,0.6302983302183837
2,0.8147320003736587,0.8227465808391571,0.6654601547224396,0.6672004017965273,0.6646779404028597
3,0.732779609305518,0.8406485895315806,0.6603543346230459,0.658691355020599,0.6651091958353761
4,0.6651927261125474,0.8661584913730621,0.6695165089498062,0.6681918923404991,0.6715909789569028
