{
  "display_name": "BERT+MLP",
  "model_name": "bert-base-uncased",
  "seed": 62,
  "best_epoch": 4,
  "best_val_macro_f1": 0.6695165089498062,
  "elapsed_seconds": 289.94371795654297,
  "class_weight": {
    "counts": {
      "hatespeech": 4151,
      "offensive": 3830,
      "normal": 5452
    },
    "ratios": {
      "hatespeech": 0.3090151120375195,
      "offensive": 0.28511873743765354,
      "normal": 0.40586615052482694
    },
    "minority_ratio": 0.28511873743765354,
    "use_class_weight": true,
    "threshold": 0.4,
    "weights": {
      "hatespeech": 1.0786958965711073,
      "offensive": 1.1691035683202784,
      "normal": 0.8212888236732697
    }
  },
  "hyperparams": {
    "split_train": 0.7,
    "split_val": 0.1,
    "split_test": 0.2,
    "max_len": 128,
    "batch_size": 64,
    "epochs": 5,
    "learning_rate": 2e-05,
    "warmup_ratio": 0.1,
    "weight_decay": 0.01,
    "dropout": 0.1,
    "mlp_hidden": 256,
    "early_stopping_patience": 2,
    "early_stopping_min_delta": 0.0001,
    "imbalance_threshold": 0.4,
    "seeds": [
      42,
      52,
      62
    ],
    "tune_learning_rates": [
      1e-05,
      2e-05,
      3e-05
    ],
    "tune_batch_sizes": [
      64
    ],
    "tune_dropouts": [
      0.1,
      0.2,
      0.3
    ],
    "tune_epochs": [
      5
    ],
    "tuning_seed": 42,
    "tuning_max_epochs": 5,
    "xai_sample_size": 50,
    "lime_num_features": 5,
    "lime_num_samples": 500,
    "shap_max_evals": 300,
    "shap_batch_size": 32
  },
  "metrics": {
    "accuracy": 0.6874185985933837,
    "macro_f1": 0.67826085055253,
    "macro_precision": 0.6770385071932637,
    "macro_recall": 0.6798771307384657,
    "auroc": 0.8488244604506061,
    "per_class_precision": {
      "hatespeech": 0.7473853580048271,
      "offensive": 0.5406654343807763,
      "normal": 0.7430647291941875
    },
    "per_class_recall": {
      "hatespeech": 0.7833052276559865,
      "offensive": 0.5342465753424658,
      "normal": 0.7220795892169448
    },
    "per_class_f1": {
      "hatespeech": 0.7649238369699465,
      "offensive": 0.5374368396876436,
      "normal": 0.732421875
    },
    "confusion_matrix": [
      [
        929,
        175,
        82
      ],
      [
        203,
        585,
        307
      ],
      [
        111,
        322,
        1125
      ]
    ],
    "loss": 0.8465230037768682
  },
  "prediction_artifact": "/Users/winterflw/HateSpeachStudy/outputs/runs/bert_mlp/seed_62/predictions.pkl"
}