epoch,train_loss,val_loss,val_macro_f1,val_macro_precision,val_macro_recall,train_attention_loss,train_target_loss
1,0.9746423332464127,0.9117370784282685,0.5952794580325921,0.6143316774141209,0.6162954546185945,0.0,0.0
2,0.8260151743888855,0.8658742388089498,0.6435145308960986,0.6444998373682685,0.6528389989146594,0.0,0.0
3,0.7602299673216684,0.8487817784150441,0.6510135340900874,0.6499764790966273,0.6524327302859873,0.0,0.0
4,0.7060858848549071,0.8776212751865387,0.6510148633286733,0.6497737756065548,0.6531077966691674,0.0,0.0
5,0.6562369006020682,0.9008256117502849,0.6462863507567272,0.6445117644383308,0.650305345432108,0.0,0.0
