epoch,epoch_seconds,train_loss,train_loss_std,train_cls_loss,train_attention_loss,train_target_loss,train_accuracy,train_grad_norm_mean,train_grad_norm_max,val_loss,val_macro_f1,val_macro_precision,val_macro_recall,val_accuracy,val_f1_hatespeech,val_f1_offensive,val_f1_normal,val_precision_hatespeech,val_precision_offensive,val_precision_normal,val_recall_hatespeech,val_recall_offensive,val_recall_normal,learning_rate,amp_scale,early_stop_counter,val_cm_0_0,val_cm_0_1,val_cm_0_2,val_cm_1_0,val_cm_1_1,val_cm_1_2,val_cm_2_0,val_cm_2_1,val_cm_2_2
1,11.958,0.9888876276356834,0.09363600822946098,0.9888876276356834,0.0,0.0,0.4951239484850741,3.081284780729385,9.342585563659668,0.8855878611405691,0.6160144497144063,0.6146977727808117,0.6195726511784193,0.6244791666666667,0.7320997586484312,0.4524236983842011,0.6635198921105866,0.7,0.4452296819787986,0.6988636363636364,0.7672849915682968,0.45985401459854014,0.631578947368421,1.7777777777777777e-05,65536.0,0,455,99,39,123,252,173,72,215,492
2,12.162,0.8444550976866767,0.06689233460470456,0.8444550976866767,0.0,0.0,0.6616541353383458,inf,inf,0.8557152847448984,0.6381628178185792,0.6416821723759536,0.6434543907110356,0.6411458333333333,0.7323717948717948,0.5164003364171573,0.6657163221667854,0.6977099236641221,0.4789391575663027,0.7483974358974359,0.7706576728499157,0.5602189781021898,0.5994865211810013,1.3333333333333333e-05,32768.0,0,457,100,36,120,307,121,78,234,467
3,10.771,0.7894980643476759,0.0666861649175683,0.7894980643476759,0.0,0.0,0.7071391349661282,6.1402105013529455,13.805686950683594,0.8614998737970988,0.6377959963086295,0.645436223260374,0.6415123185074628,0.6385416666666667,0.7265238879736409,0.517799352750809,0.6690647482014388,0.7101449275362319,0.46511627906976744,0.7610474631751227,0.7436762225969646,0.583941605839416,0.5969191270860077,8.888888888888888e-06,32768.0,0,441,120,32,114,320,114,66,248,465
4,10.728,0.7460665427503131,0.0667568554612748,0.7460665427503131,0.0,0.0,0.7366932181939998,6.952626630238124,13.354713439941406,0.8811508854230244,0.6438689980350097,0.6440972453811779,0.6500322063257727,0.6520833333333333,0.7354538401861909,0.5053956834532374,0.6907574704656011,0.6810344827586207,0.49822695035460995,0.753030303030303,0.7993254637436762,0.5127737226277372,0.637997432605905,4.444444444444444e-06,32768.0,1,474,85,34,138,281,129,84,198,497
