{
  "display_name": "C_R",
  "model_name": "roberta-base",
  "seed": 82,
  "best_epoch": 4,
  "best_val_macro_f1": 0.6438689980350097,
  "elapsed_seconds": 50.36561369895935,
  "class_weight": {
    "counts": {
      "hatespeech": 4151,
      "offensive": 3830,
      "normal": 5452
    },
    "ratios": {
      "hatespeech": 0.3090151120375195,
      "offensive": 0.28511873743765354,
      "normal": 0.40586615052482694
    },
    "minority_ratio": 0.28511873743765354,
    "use_class_weight": true,
    "threshold": 0.4,
    "weights": {
      "hatespeech": 1.0786958965711073,
      "offensive": 1.1691035683202784,
      "normal": 0.8212888236732697
    }
  },
  "hyperparams": {
    "split_train": 0.7,
    "split_val": 0.1,
    "split_test": 0.2,
    "max_len": 128,
    "batch_size": 64,
    "epochs": 5,
    "learning_rate": 2e-05,
    "warmup_ratio": 0.1,
    "weight_decay": 0.01,
    "dropout": 0.3,
    "mlp_hidden": 256,
    "early_stopping_patience": 2,
    "early_stopping_min_delta": 0.0001,
    "imbalance_threshold": 0.4,
    "seeds": [
      82
    ],
    "tune_learning_rates": [
      1e-05,
      2e-05,
      3e-05
    ],
    "tune_batch_sizes": [
      64
    ],
    "tune_dropouts": [
      0.1,
      0.2,
      0.3
    ],
    "tune_epochs": [
      5
    ],
    "tuning_seed": 42,
    "tuning_max_epochs": 5,
    "xai_sample_size": 500,
    "lime_num_features": 5,
    "lime_num_samples": 500,
    "shap_max_evals": 300,
    "shap_batch_size": 32,
    "v2_enabled": true,
    "alpha_grid": [
      0.0,
      0.1,
      0.3,
      0.5,
      0.7,
      1.0
    ],
    "beta_grid": [
      0.0,
      0.1,
      0.3
    ],
    "attention_loss_alpha": 0.0,
    "target_loss_beta": 0.0,
    "target_labels": [],
    "xai_context_sample_size": 500,
    "xai_ablation_sample_size": 50,
    "xai_interaction_pairs": 50,
    "xai_mss_threshold": 0.8
  },
  "metrics": {
    "accuracy": 0.6764782495441521,
    "macro_f1": 0.6683079517362546,
    "macro_precision": 0.6664803277585549,
    "macro_recall": 0.6733275057722644,
    "auroc": 0.8439736029235206,
    "per_class_precision": {
      "hatespeech": 0.7202380952380952,
      "offensive": 0.5368324125230203,
      "normal": 0.7423704755145494
    },
    "per_class_recall": {
      "hatespeech": 0.8161888701517707,
      "offensive": 0.5324200913242009,
      "normal": 0.6713735558408216
    },
    "per_class_f1": {
      "hatespeech": 0.7652173913043478,
      "offensive": 0.5346171480972031,
      "normal": 0.7050893158072127
    },
    "confusion_matrix": [
      [
        968,
        130,
        88
      ],
      [
        237,
        583,
        275
      ],
      [
        139,
        373,
        1046
      ]
    ],
    "loss": 0.8461860249439875
  },
  "prediction_artifact": "/workspace/HateSpeachStudy/v2/outputs/experiments/v2_15seed/benchmark/runs/c_r/seed_82/predictions.pkl"
}