epoch,epoch_seconds,train_loss,train_loss_std,train_cls_loss,train_attention_loss,train_target_loss,train_accuracy,train_grad_norm_mean,train_grad_norm_max,val_loss,val_macro_f1,val_macro_precision,val_macro_recall,val_accuracy,val_f1_hatespeech,val_f1_offensive,val_f1_normal,val_precision_hatespeech,val_precision_offensive,val_precision_normal,val_recall_hatespeech,val_recall_offensive,val_recall_normal,learning_rate,amp_scale,early_stop_counter,val_cm_0_0,val_cm_0_1,val_cm_0_2,val_cm_1_0,val_cm_1_1,val_cm_1_2,val_cm_2_0,val_cm_2_1,val_cm_2_2
1,11.025,0.992060501234872,0.1001702797048736,0.992060501234872,0.0,0.0,0.5307079580138465,2.264014712969462,5.613221168518066,0.864695276816686,0.6288552685507335,0.6535813870310939,0.6384824394254222,0.625,0.7557377049180328,0.5196733481811433,0.6111547525530243,0.7352472089314195,0.4380475594493116,0.7874493927125507,0.7774030354131535,0.6386861313868614,0.4993581514762516,1.7777777777777777e-05,65536.0,0,461,115,17,110,350,88,56,334,389
2,12.053,0.8145336094356719,0.06471766848136279,0.8145336094356719,0.0,0.0,0.6903893396858483,3.4942002500806537,6.847248554229736,0.8327274759610493,0.6606664494963571,0.6719171548336638,0.6661994742690092,0.6609375,0.7548701298701299,0.5383386581469649,0.6887905604719764,0.7276995305164319,0.4786931818181818,0.8093587521663779,0.7841483979763912,0.614963503649635,0.5994865211810013,1.3333333333333333e-05,65536.0,0,465,108,20,121,337,90,53,259,467
3,11.774,0.7291050232592083,0.0626509010116927,0.7291050232592083,0.0,0.0,0.7531452393359637,inf,inf,0.8436622520287832,0.6621307628795048,0.6639155074293086,0.6621146295750836,0.6671875,0.7497879558948262,0.5224137931034483,0.7141905396402398,0.7542662116040956,0.4950980392156863,0.7423822714681441,0.7453625632377741,0.5529197080291971,0.6880616174582799,8.888888888888888e-06,32768.0,0,442,108,43,102,303,143,42,201,536
4,11.709,0.6602153332460494,0.06677066343128163,0.6602153332460494,0.0,0.0,0.802203528623539,4.957661935261318,9.736845016479492,0.8795664171377818,0.6619996326963661,0.6634264240428805,0.6610073122901782,0.66875,0.7585616438356164,0.5124113475177305,0.7150259067357513,0.7704347826086957,0.4982758620689655,0.7215686274509804,0.7470489038785835,0.5273722627737226,0.7086007702182285,4.444444444444444e-06,32768.0,1,443,103,47,93,289,166,39,188,552
