epoch,train_loss,val_loss,val_macro_f1,val_macro_precision,val_macro_recall,train_attention_loss,train_target_loss
1,2.1374371256147113,0.8552419622739156,0.6342994591814868,0.6483013544077997,0.6466314794109816,1.1694053777626583,0.0
2,1.923323020480928,0.8526099522908529,0.6502698716512608,0.6490904914669648,0.6576212066585808,1.120622759489786,0.0
3,1.8455871951012384,0.844718744357427,0.659332794978449,0.6592742595326596,0.6598788228499707,1.113357556150073,0.0
4,1.7809449695405506,0.8641251564025879,0.6618645656931127,0.663196180973314,0.6663885014942336,1.1085003753503164,0.0
5,1.735153099468776,0.8827569524447123,0.6664613600848058,0.6671323388733971,0.6712715018123044,1.1059958199659983,0.0
