epoch,train_loss,val_loss,val_macro_f1,val_macro_precision,val_macro_recall
1,1.0137863414628165,0.8990489105383556,0.5779855471495713,0.6228378217995223,0.6004041225761372
2,0.8506356917676472,0.8565871198972066,0.646189208879849,0.6468546405247874,0.6508922667037719
3,0.7871141158399128,0.833859920501709,0.666598409956093,0.6668220553270512,0.6678448136925915
4,0.7469720448766436,0.8454397161801656,0.6541005081092622,0.6529727605706305,0.6582086256648491
5,0.7238815452371324,0.8468780438105266,0.655956898092202,0.6564164912253939,0.6597019453527749
