epoch,train_loss,val_loss,val_macro_f1,val_macro_precision,val_macro_recall
1,0.97660950251988,0.8230983674526214,0.5318175645791644,0.6022763851162476,0.5745466202643179
2,0.7669266260805584,0.7661003430684408,0.6421478560215602,0.6405772274852518,0.647008380381236
3,0.6830947928485416,0.734274133046468,0.6630459471080948,0.6650321346473003,0.6639442861797636
4,0.6305595715840657,0.7445402890443802,0.6585144211668482,0.6576743400773847,0.6625510427495193
5,0.599327455673899,0.7466316948334376,0.6561688929654315,0.6541979197583075,0.6599624764992237
