epoch,train_loss,val_loss,val_macro_f1,val_macro_precision,val_macro_recall,train_attention_loss,train_target_loss
1,1.013936007590521,0.898907725016276,0.5780131719491918,0.620132039255995,0.5986967888591427,0.0,0.0
2,0.8502076387405395,0.8567745705445607,0.6418844017139704,0.6420431132182541,0.6464539856709424,0.0,0.0
3,0.7867390067804427,0.8334512670834859,0.6668182354983757,0.6664054709563874,0.667731681777231,0.0,0.0
4,0.7473046728542873,0.8431832452615102,0.6583800131894058,0.6576615941747012,0.6623532222129506,0.0,0.0
5,0.7243211530503773,0.8452471892038981,0.656197143335407,0.6569615273730681,0.6596600487399633,0.0,0.0
