epoch,train_loss,val_loss,val_macro_f1,val_macro_precision,val_macro_recall,train_attention_loss,train_target_loss
1,0.9744181950887044,0.9133264422416687,0.592119841639749,0.6177766647951614,0.615842747878035,0.0,0.0
2,0.8249828429449172,0.8661157151063283,0.64217586436059,0.6418040005264855,0.6506366141465013,0.0,0.0
3,0.7608991532098679,0.8459461629390717,0.6528340247339129,0.6523460326082483,0.6538549937504811,0.0,0.0
4,0.705256888412294,0.8804251809914907,0.6500283798680329,0.6484228803448956,0.6524534547434969,0.0,0.0
5,0.6572704116503397,0.8986157337824504,0.6462461954712765,0.6444764058838497,0.6507079890254207,0.0,0.0
