epoch,train_loss,val_loss,val_macro_f1,val_macro_precision,val_macro_recall
1,0.9140433084397089,0.7581532657146454,0.6346738959814658,0.6548726006891104,0.6498108210842296
2,0.6951814347789401,0.7388800581296285,0.6690951000452995,0.6689766147665627,0.6728788883139222
3,0.6131669610738755,0.7385625104109447,0.6716882073446092,0.6759146971012163,0.6753584954556331
4,0.5442296384345917,0.773547335465749,0.6736055354451888,0.6727375369382301,0.6800937778871284
5,0.4932967843044372,0.7782766163349152,0.6811470653898041,0.6793923261204906,0.685580927941318
