epoch,train_loss,val_loss,val_macro_f1,val_macro_precision,val_macro_recall
1,0.9567487183071318,0.85600213209788,0.6204283176527097,0.6440178242809821,0.6411435630035122
2,0.792501928125109,0.8283391773700715,0.6774617835822162,0.6755567721540902,0.6814655805433952
3,0.7290104928470793,0.8332813898722331,0.6778840407747366,0.675991787125597,0.6819144726354126
4,0.6770555130073003,0.8545946856339772,0.6775700751093496,0.6779712535404215,0.6835793725022447
