epoch,epoch_seconds,train_loss,train_loss_std,train_cls_loss,train_attention_loss,train_target_loss,train_accuracy,train_grad_norm_mean,train_grad_norm_max,val_loss,val_macro_f1,val_macro_precision,val_macro_recall,val_accuracy,val_f1_hatespeech,val_f1_offensive,val_f1_normal,val_precision_hatespeech,val_precision_offensive,val_precision_normal,val_recall_hatespeech,val_recall_offensive,val_recall_normal,learning_rate,amp_scale,early_stop_counter,val_cm_0_0,val_cm_0_1,val_cm_0_2,val_cm_1_0,val_cm_1_1,val_cm_1_2,val_cm_2_0,val_cm_2_1,val_cm_2_2
1,9.867,0.97554792818569,0.09713041096964398,0.97554792818569,0.0,0.0,0.5368123278493263,inf,inf,0.8653058111667633,0.6292135814926095,0.6457118879418987,0.6347199410922406,0.6265625,0.7522633744855967,0.5003849114703618,0.6349924585218703,0.7347266881028939,0.43275632490013316,0.7696526508226691,0.7706576728499157,0.593065693430657,0.540436456996149,1.7777777777777777e-05,16384.0,0,457,118,18,115,325,108,50,308,421
2,10.133,0.8212468961874644,0.06690263900739521,0.8212468961874644,0.0,0.0,0.6831683168316832,inf,inf,0.8333750049273173,0.6660619059629788,0.6645660962365315,0.670562744853494,0.6760416666666667,0.7666666666666667,0.5086599817684594,0.7228590694538098,0.7241379310344828,0.5081967213114754,0.7613636363636364,0.8145025295109612,0.5091240875912408,0.6880616174582799,1.3333333333333333e-05,8192.0,0,483,78,32,133,279,136,51,192,536
3,9.664,0.7401626916158767,0.06825796005595272,0.7401626916158767,0.0,0.0,0.7462219906201146,4.19433269614265,7.958563327789307,0.8551834225654602,0.666187476836761,0.6681606559655341,0.6661417423219315,0.6708333333333333,0.7589134125636672,0.524505588993981,0.715143428952635,0.764102564102564,0.4959349593495935,0.7444444444444445,0.7537942664418212,0.5565693430656934,0.6880616174582799,8.888888888888888e-06,8192.0,0,447,103,43,102,305,141,36,207,536
4,9.988,0.6767191892578488,0.06808494994375071,0.6767191892578488,0.0,0.0,0.7925258691282662,4.9489793187096005,10.437729835510254,0.8689144432544709,0.6664024511466015,0.6653391428445914,0.6693128279211858,0.675,0.7649918962722853,0.5112107623318386,0.7230046948356808,0.7363494539781591,0.5026455026455027,0.7570224719101124,0.7959527824620574,0.5200729927007299,0.6919127086007703,4.444444444444444e-06,8192.0,1,472,84,37,127,285,136,42,198,539
