{
  "display_name": "A_B",
  "model_name": "bert-base-uncased",
  "seed": 72,
  "best_epoch": 4,
  "best_val_macro_f1": 0.6664024511466015,
  "elapsed_seconds": 44.775304317474365,
  "class_weight": {
    "counts": {
      "hatespeech": 4151,
      "offensive": 3830,
      "normal": 5452
    },
    "ratios": {
      "hatespeech": 0.3090151120375195,
      "offensive": 0.28511873743765354,
      "normal": 0.40586615052482694
    },
    "minority_ratio": 0.28511873743765354,
    "use_class_weight": true,
    "threshold": 0.4,
    "weights": {
      "hatespeech": 1.0786958965711073,
      "offensive": 1.1691035683202784,
      "normal": 0.8212888236732697
    }
  },
  "hyperparams": {
    "split_train": 0.7,
    "split_val": 0.1,
    "split_test": 0.2,
    "max_len": 128,
    "batch_size": 64,
    "epochs": 5,
    "learning_rate": 2e-05,
    "warmup_ratio": 0.1,
    "weight_decay": 0.01,
    "dropout": 0.3,
    "mlp_hidden": 256,
    "early_stopping_patience": 2,
    "early_stopping_min_delta": 0.0001,
    "imbalance_threshold": 0.4,
    "seeds": [
      72
    ],
    "tune_learning_rates": [
      1e-05,
      2e-05,
      3e-05
    ],
    "tune_batch_sizes": [
      64
    ],
    "tune_dropouts": [
      0.1,
      0.2,
      0.3
    ],
    "tune_epochs": [
      5
    ],
    "tuning_seed": 42,
    "tuning_max_epochs": 5,
    "xai_sample_size": 500,
    "lime_num_features": 5,
    "lime_num_samples": 500,
    "shap_max_evals": 300,
    "shap_batch_size": 32,
    "v2_enabled": true,
    "alpha_grid": [
      0.0,
      0.1,
      0.3,
      0.5,
      0.7,
      1.0
    ],
    "beta_grid": [
      0.0,
      0.1,
      0.3
    ],
    "attention_loss_alpha": 0.0,
    "target_loss_beta": 0.0,
    "target_labels": [],
    "xai_context_sample_size": 500,
    "xai_ablation_sample_size": 50,
    "xai_interaction_pairs": 50,
    "xai_mss_threshold": 0.8
  },
  "metrics": {
    "accuracy": 0.6840323000781453,
    "macro_f1": 0.6745854860153194,
    "macro_precision": 0.6726623093733624,
    "macro_recall": 0.6780234311605832,
    "auroc": 0.8501927580572515,
    "per_class_precision": {
      "hatespeech": 0.7382602001539645,
      "offensive": 0.5360149672591207,
      "normal": 0.7437117607070021
    },
    "per_class_recall": {
      "hatespeech": 0.8086003372681282,
      "offensive": 0.5232876712328767,
      "normal": 0.7021822849807445
    },
    "per_class_f1": {
      "hatespeech": 0.7718309859154929,
      "offensive": 0.5295748613678374,
      "normal": 0.722350610762628
    },
    "confusion_matrix": [
      [
        959,
        143,
        84
      ],
      [
        229,
        573,
        293
      ],
      [
        111,
        353,
        1094
      ]
    ],
    "loss": 0.8429964433113734
  },
  "prediction_artifact": "/workspace/HateSpeachStudy/v2/outputs/experiments/v2_15seed/benchmark/runs/a_b/seed_72/predictions.pkl"
}