epoch,train_loss,val_loss,val_macro_f1,val_macro_precision,val_macro_recall
1,0.9733696367059436,0.8574527184168498,0.6411790387777048,0.6421118409970376,0.6503892677000364
2,0.8010145229952675,0.8469362576802572,0.6581470639277532,0.6572222122627686,0.6604280598183453
3,0.7215064976896558,0.8403669695059458,0.6662612763451091,0.6659165172225393,0.6674128314095418
4,0.6544577587218512,0.8736543635527293,0.6593788793756636,0.6605317555138344,0.6666357979038863
5,0.6056764385529927,0.8803776482741038,0.6652367028365577,0.6655667655384345,0.6691112822756334
