epoch,train_loss,val_loss,val_macro_f1,val_macro_precision,val_macro_recall
1,0.9218577367918832,0.7656607151031494,0.6182053543578697,0.6502427658714943,0.6392482765359949
2,0.6972050269444784,0.7515951951344808,0.6516340183724676,0.6520994904206432,0.657160562499515
3,0.5861016893670672,0.7478784143924713,0.6617193164324447,0.6618937792335796,0.6626856654756694
4,0.493744486002695,0.799173292517662,0.6562319793616268,0.654882893299666,0.6620680123840793
5,0.4278859664996465,0.8158318837483723,0.6585983232118858,0.6571822484254296,0.661434892650523
