epoch,train_loss,val_loss,val_macro_f1,val_macro_precision,val_macro_recall,train_attention_loss,train_target_loss
1,0.9734261027404241,0.8588157554467519,0.6461384784299935,0.6474863657741602,0.653150001403401,0.0,0.0
2,0.8094714326517922,0.8573419332504273,0.6466219839705624,0.6447776733189956,0.6507543270636839,0.0,0.0
3,0.7289780650820051,0.8340132852395375,0.6711869441088077,0.6720979822642401,0.6726857383187337,0.0,0.0
4,0.6651432210490817,0.8713127036889394,0.6540360449545207,0.6544469391816702,0.6618115144680362,0.0,0.0
5,0.6161560085557756,0.8760807991027832,0.6598089573829325,0.6605494119725576,0.6633306768526448,0.0,0.0
