epoch,train_loss,val_loss,val_macro_f1,val_macro_precision,val_macro_recall,train_attention_loss,train_target_loss
1,2.13540959301449,0.8536938528219858,0.6356419383392281,0.6455995888755124,0.6481538191331574,1.1694822416419075,0.0
2,1.9229875723520915,0.8557320733865103,0.651749867291452,0.6501391935337093,0.6578772568768316,1.1210000878288633,0.0
3,1.84676487048467,0.8431439677874247,0.6682346974496217,0.66836987019121,0.6681179527989268,1.1137733064946673,0.0
4,1.782976513817197,0.8663401305675507,0.6646724643464602,0.6664608376060054,0.6694046981416859,1.108927102599825,0.0
5,1.7379442640713283,0.8815803329149882,0.6658399245604586,0.6666437148959976,0.6711790943544534,1.1064271203109197,0.0
