epoch,train_loss,val_loss,val_macro_f1,val_macro_precision,val_macro_recall,train_attention_loss,train_target_loss
1,2.2488090901147753,0.8778826018174489,0.6217322008686734,0.630699564446925,0.6273328840659652,1.2530343958309718,0.0
2,2.0390267082623073,0.8540816704432169,0.6510545840680037,0.6518210890047862,0.65329314882222,1.200345707791192,0.0
3,1.974615494410197,0.8506825745105744,0.6428124329987207,0.6423768046569155,0.6502632197033674,1.1927948233627137,0.0
4,1.9275391340255736,0.8665047645568847,0.6491120334232607,0.6496133893983357,0.6526376428822895,1.1834910937717982,0.0
5,1.8907221953074138,0.879544343551,0.6475869353179203,0.6477678602965296,0.6530693960494104,1.1805270893233164,0.0
