epoch,epoch_seconds,train_loss,train_loss_std,train_cls_loss,train_attention_loss,train_target_loss,train_accuracy,train_grad_norm_mean,train_grad_norm_max,val_loss,val_macro_f1,val_macro_precision,val_macro_recall,val_accuracy,val_f1_hatespeech,val_f1_offensive,val_f1_normal,val_precision_hatespeech,val_precision_offensive,val_precision_normal,val_recall_hatespeech,val_recall_offensive,val_recall_normal,learning_rate,amp_scale,early_stop_counter,val_cm_0_0,val_cm_0_1,val_cm_0_2,val_cm_1_0,val_cm_1_1,val_cm_1_2,val_cm_2_0,val_cm_2_1,val_cm_2_2
1,11.003,2.250039964062827,0.2944565683267786,0.9952619328385308,1.2547780323596227,0.0,0.4859673937318544,inf,inf,0.9060557246208191,0.571543641483601,0.6237008850349813,0.5943711169886633,0.5703125,0.7233704292527822,0.49654218533886585,0.49471830985915494,0.6842105263157895,0.3997772828507795,0.7871148459383753,0.7672849915682968,0.6551094890510949,0.3607188703465982,1.7777777777777777e-05,32768.0,0,455,126,12,125,359,64,85,413,281
2,10.994,2.038469245887938,0.2407390018751957,0.8385694029785338,1.1998998468830473,0.0,0.6684284969850368,5.728749082202003,13.29633903503418,0.8474337796370188,0.6367851196793816,0.6350532472027799,0.6431528478132941,0.6526041666666667,0.7402799377916018,0.46588693957115007,0.7041884816753927,0.6868686868686869,0.5,0.7182910547396528,0.8026981450252951,0.43613138686131386,0.6906290115532734,1.3333333333333333e-05,32768.0,0,476,80,37,135,239,174,82,159,538
3,10.904,1.9763745160329909,0.23190542945192874,0.7827117956819989,1.1936627192156655,0.0,0.706320256085759,6.56957764057886,13.184640884399414,0.8711885631084442,0.6303642327181604,0.6328521285585245,0.6406391023981607,0.6416666666666667,0.7326440177252584,0.483271375464684,0.675177304964539,0.6517739816031537,0.49242424242424243,0.7543581616481775,0.836424957841484,0.4744525547445255,0.6110397946084724,8.888888888888888e-06,32768.0,0,496,66,31,164,260,124,101,202,476
4,11.082,1.9295332136608305,0.2318899488489756,0.7447273467268263,1.1848058564322335,0.0,0.733789920345418,7.518157849993025,15.89114761352539,0.8703104575475057,0.6406220858207314,0.6398626053526747,0.6445454644666292,0.6489583333333333,0.7396166134185304,0.4883720930232558,0.6938775510204082,0.7025796661608498,0.4789473684210526,0.7380607814761215,0.7807757166947723,0.4981751824817518,0.6546854942233633,4.444444444444444e-06,32768.0,1,463,93,37,131,273,144,65,204,510
