epoch,epoch_seconds,train_loss,train_loss_std,train_cls_loss,train_attention_loss,train_target_loss,train_accuracy,train_grad_norm_mean,train_grad_norm_max,val_loss,val_macro_f1,val_macro_precision,val_macro_recall,val_accuracy,val_f1_hatespeech,val_f1_offensive,val_f1_normal,val_precision_hatespeech,val_precision_offensive,val_precision_normal,val_recall_hatespeech,val_recall_offensive,val_recall_normal,learning_rate,amp_scale,early_stop_counter,val_cm_0_0,val_cm_0_1,val_cm_0_2,val_cm_1_0,val_cm_1_1,val_cm_1_2,val_cm_2_0,val_cm_2_1,val_cm_2_2
1,10.312,0.9877295014404115,0.088499978076511,0.9877295014404115,0.0,0.0,0.5102359860046155,inf,inf,0.8624521434307099,0.6406866451274195,0.6433353052671235,0.6406706901109251,0.6578125,0.7399141630901288,0.45542635658914726,0.7267194157029824,0.7534965034965035,0.4855371900826446,0.6909722222222222,0.7268128161888702,0.42883211678832117,0.766367137355584,1.7777777777777777e-05,16384.0,0,431,114,48,94,235,219,47,135,597
2,10.397,0.8201373029322852,0.0650884235790755,0.8201373029322852,0.0,0.0,0.6874115983026874,3.742420768737793,9.243817329406738,0.836430964867274,0.6476934611339572,0.6594441550183395,0.6496631242657854,0.6458333333333334,0.7542372881355932,0.5168892380204242,0.6719538572458543,0.75809199318569,0.45379310344827584,0.7664473684210527,0.7504215851602024,0.6003649635036497,0.5982028241335045,1.3333333333333333e-05,16384.0,0,445,121,27,104,329,115,38,275,466
3,10.392,0.7410049202896299,0.07372447766853567,0.7410049202896299,0.0,0.0,0.7464453212238517,4.450536874362401,12.529829025268555,0.8490352114041646,0.6589721382067838,0.6569611571433197,0.66286527261264,0.671875,0.7584,0.4948064211520302,0.7237099934683213,0.7214611872146118,0.512720156555773,0.7367021276595744,0.7993254637436762,0.4781021897810219,0.711168164313222,8.888888888888888e-06,16384.0,0,474,79,40,128,262,158,55,170,554
4,10.336,0.6788025884401231,0.07387136999767814,0.6788025884401231,0.0,0.0,0.7899203454180005,5.047369534628732,9.25297737121582,0.8776343206564585,0.6584187269165876,0.6569789087340201,0.6603569140553548,0.6697916666666667,0.7547169811320755,0.494921514312096,0.7256176853055917,0.7348242811501597,0.5009345794392523,0.7351778656126482,0.7757166947723441,0.48905109489051096,0.7163029525032092,4.444444444444444e-06,16384.0,1,460,96,37,116,268,164,50,171,558
