epoch,train_loss,val_loss,val_macro_f1,val_macro_precision,val_macro_recall,train_attention_loss,train_target_loss
1,0.9718066187131973,0.8928001503149668,0.5889589979607108,0.6524536737772032,0.6146329828539067,0.0,0.0
2,0.8294072193758828,0.8807031412919363,0.6269008810699686,0.6375880711197753,0.6412383129742235,0.0,0.0
3,0.7665486840974717,0.8534324208895365,0.6526685592252377,0.6520078090008895,0.6574028907804313,0.0,0.0
4,0.7068325814746675,0.881397400299708,0.6603539769167833,0.6604894580595354,0.6625966249685683,0.0,0.0
5,0.6616598648684365,0.9072689990202586,0.6532679095664365,0.6531437838319806,0.6574952086987239,0.0,0.0
