epoch,train_loss,val_loss,val_macro_f1,val_macro_precision,val_macro_recall,train_attention_loss,train_target_loss
1,2.249126186257317,0.9007184902826945,0.5989629263472219,0.6112538210270014,0.6180364789112192,1.2522833784421286,0.0
2,2.035009068534488,0.8718803385893504,0.636389135336429,0.6389998640029072,0.6471380139105182,1.1969898584343137,0.0
3,1.9776804356347948,0.8534516255060832,0.6404362145880217,0.6410589682648506,0.6496672365016838,1.1906538707869394,0.0
4,1.933139589854649,0.8687426666418712,0.6432986183336615,0.6414184455223737,0.6480273734755081,1.1846217163971493,0.0
5,1.8904576982770647,0.8827722628911336,0.6422050641117578,0.6424403589966041,0.6498389562569603,1.1801487210251036,0.0
