epoch,train_loss,val_loss,val_macro_f1,val_macro_precision,val_macro_recall,train_attention_loss,train_target_loss
1,1.0265446486927214,0.924369074900945,0.5542285517440227,0.5725619102176869,0.5846993330361568,0.0,0.0
2,0.8658338101137252,0.8773068090279897,0.6271925426309125,0.6297078622981999,0.6343984795930155,0.0,0.0
3,0.8139114257835206,0.8623155196507771,0.6457479864161905,0.6450033809007213,0.6479316491037194,0.0,0.0
4,0.7847983996073405,0.8688586672147115,0.6502567094387991,0.6488659159464891,0.6540475670055722,0.0,0.0
5,0.7617973299253554,0.8717588245868683,0.6480330030615976,0.647291370481917,0.6525202486205944,0.0,0.0
