epoch,epoch_seconds,train_loss,train_loss_std,train_cls_loss,train_attention_loss,train_target_loss,train_accuracy,train_grad_norm_mean,train_grad_norm_max,val_loss,val_macro_f1,val_macro_precision,val_macro_recall,val_accuracy,val_f1_hatespeech,val_f1_offensive,val_f1_normal,val_precision_hatespeech,val_precision_offensive,val_precision_normal,val_recall_hatespeech,val_recall_offensive,val_recall_normal,learning_rate,amp_scale,early_stop_counter,val_cm_0_0,val_cm_0_1,val_cm_0_2,val_cm_1_0,val_cm_1_1,val_cm_1_2,val_cm_2_0,val_cm_2_1,val_cm_2_2
1,10.625,0.9866539787678491,0.10306905282243221,0.9866539787678491,0.0,0.0,0.5074071316906127,2.6918331810406277,7.390138149261475,0.8805751542250315,0.6247201425303037,0.6268575185277162,0.6310928608071695,0.6463541666666667,0.722397476340694,0.445369406867846,0.7063935443823712,0.6785185185185185,0.5181598062953995,0.6838942307692307,0.7723440134907251,0.3905109489051095,0.730423620025674,1.7777777777777777e-05,65536.0,0,458,71,64,135,214,199,82,128,569
2,10.569,0.8318000606128148,0.06298288277947157,0.8318000606128148,0.0,0.0,0.6736395444055684,inf,inf,0.8577998638153076,0.6414401797306958,0.6409839771376604,0.6456067123319468,0.6484375,0.7380191693290735,0.5,0.6863013698630137,0.701062215477997,0.4862068965517241,0.73568281938326,0.7790893760539629,0.5145985401459854,0.6431322207958922,1.3333333333333333e-05,32768.0,0,462,95,36,122,282,144,75,203,501
3,10.624,0.7764373591967991,0.06940669250038221,0.7764373591967991,0.0,0.0,0.7130201741978709,6.2565349578857425,13.043048858642578,0.8632764796415965,0.6415177544986851,0.6407910673259415,0.6442855600970897,0.6489583333333333,0.7353896103896104,0.49644128113879005,0.692722371967655,0.7089201877934272,0.484375,0.7290780141843972,0.7639123102866779,0.5091240875912408,0.6598202824133504,8.888888888888888e-06,32768.0,0,453,98,42,120,279,149,66,199,514
4,10.816,0.7281586590267363,0.07027071698216837,0.7281586590267363,0.0,0.0,0.7527730216630686,7.250765146527971,13.52450180053711,0.894070565700531,0.6333020882056787,0.6365667490479806,0.6409789958788471,0.6385416666666667,0.7368421052631579,0.5021570319240725,0.6609071274298056,0.6809728183118741,0.4762684124386252,0.7524590163934426,0.8026981450252951,0.531021897810219,0.5892169448010269,4.444444444444444e-06,32768.0,1,476,78,39,145,291,112,78,242,459
