epoch,train_loss,val_loss,val_macro_f1,val_macro_precision,val_macro_recall,train_attention_loss,train_target_loss
1,0.9900638058072044,0.8834207495053609,0.6223581135440228,0.6247457633118318,0.6314058766192182,0.0,0.0
2,0.8210539471535455,0.8320044656594594,0.6572740072240671,0.6605374110167455,0.6556631305756908,0.0,0.0
3,0.7410547826971327,0.8419246892134349,0.6639223605435886,0.6624555219933171,0.6666113983742049,0.0,0.0
4,0.6739180783430735,0.8715872923533122,0.6646822926245054,0.6641286779094372,0.6660159129071258,0.0,0.0
