epoch,train_loss,val_loss,val_macro_f1,val_macro_precision,val_macro_recall
1,0.903854877608163,0.7630800525347392,0.6227498616590653,0.6526697745134592,0.6385942532658119
2,0.6844907903955096,0.7530419131120046,0.6533919914542082,0.6541381263373212,0.6583561144354956
3,0.5495288015831085,0.7846970578034719,0.6603585618852862,0.6638316191097821,0.6593678469249827
4,0.4230449155682609,0.8546293596426646,0.6520912775384964,0.6500431177446102,0.6568496995871441
