epoch,train_loss,val_loss,val_macro_f1,val_macro_precision,val_macro_recall
1,1.0223561573596227,0.9057594656944274,0.5830866540889881,0.6166889277674311,0.5938436249654133
2,0.8554926957402911,0.8578335106372833,0.6373852466706348,0.6369179391597828,0.6413907909417379
3,0.7922020037968953,0.8362429757912954,0.6618979212759418,0.6620388267422872,0.6619302623571741
4,0.7537172817048572,0.8448943456013998,0.6589278084726288,0.657460832881691,0.6632719994731703
5,0.7288076338313875,0.8446980853875478,0.6568634111696253,0.6564088629794081,0.6605326670410369
