epoch,epoch_seconds,train_loss,train_loss_std,train_cls_loss,train_attention_loss,train_target_loss,train_accuracy,train_grad_norm_mean,train_grad_norm_max,val_loss,val_macro_f1,val_macro_precision,val_macro_recall,val_accuracy,val_f1_hatespeech,val_f1_offensive,val_f1_normal,val_precision_hatespeech,val_precision_offensive,val_precision_normal,val_recall_hatespeech,val_recall_offensive,val_recall_normal,learning_rate,amp_scale,early_stop_counter,val_cm_0_0,val_cm_0_1,val_cm_0_2,val_cm_1_0,val_cm_1_1,val_cm_1_2,val_cm_2_0,val_cm_2_1,val_cm_2_2
1,11.009,2.2514891851515997,0.2630854823118188,1.0004903932412466,1.2509987870852153,0.0,0.5013027618551329,4.077246912604287,15.117208480834961,0.8842768669128418,0.6176560547150319,0.6332222384600638,0.6239037638938335,0.6494791666666667,0.7286559594251902,0.40404040404040403,0.7202718006795017,0.7305084745762712,0.5247813411078717,0.6443768996960486,0.7268128161888702,0.3284671532846715,0.8164313222079589,1.7777777777777777e-05,65536.0,0,431,82,80,97,180,271,62,81,636
2,10.872,2.034578351179759,0.24458766603266646,0.8344705817245301,1.2001077691713968,0.0,0.6771383905307824,inf,inf,0.8621065815289816,0.6429345466320484,0.6511346396762261,0.6516550305006762,0.6458333333333334,0.745920745920746,0.5211618257261411,0.6617210682492581,0.69164265129683,0.4779299847792998,0.7838312829525483,0.8094435075885329,0.572992700729927,0.5725288831835686,1.3333333333333333e-05,32768.0,0,480,87,26,137,314,97,77,256,446
3,11.067,1.9711962035724095,0.2387997086846619,0.7838993921166375,1.1872968148617518,0.0,0.7110101987642373,6.487696335429237,14.50285530090332,0.8647132019201914,0.6431920248188592,0.6452355151686646,0.6506107819838846,0.65,0.7447956823438705,0.5048372911169745,0.6799431009957326,0.6860795454545454,0.4872665534804754,0.7623604465709729,0.8145025295109612,0.5237226277372263,0.613607188703466,8.888888888888888e-06,32768.0,0,483,80,30,142,287,119,79,222,478
4,10.945,1.9233413066182818,0.2549401201277396,0.7399069573198046,1.1834343473116558,0.0,0.7424998138911636,7.168801019305275,13.143869400024414,0.8758408486843109,0.6446590633698956,0.6463004893916428,0.6492100093301801,0.6494791666666667,0.7445956765412329,0.5073086844368013,0.6820728291316527,0.7088414634146342,0.4796747967479675,0.7503852080123267,0.7841483979763912,0.5383211678832117,0.6251604621309371,4.444444444444444e-06,32768.0,1,465,97,31,122,295,131,69,223,487
