epoch,train_loss,val_loss,val_macro_f1,val_macro_precision,val_macro_recall
1,0.9846074598176139,0.8164841969807942,0.5676787032923853,0.6091509682639632,0.5970902477162975
2,0.7670896677743821,0.7613628228505452,0.6494041245991079,0.6482499802553021,0.6508554382933208
3,0.6899701903263727,0.7501173357168833,0.6566675301218255,0.6604790525593462,0.6544638535307268
4,0.6393826281740552,0.7550062298774719,0.6626730399249419,0.6617894084122735,0.6636920506100549
5,0.607717299319449,0.7591352959473928,0.6625505814554463,0.6624105243005681,0.6628237841948743
