epoch,train_loss,val_loss,val_macro_f1,val_macro_precision,val_macro_recall
1,1.015157957871755,0.8867187281449636,0.6054697371208281,0.6210145710309268,0.6118940191140728
2,0.8401387007463545,0.8419333616892497,0.651358767744522,0.6558583202656166,0.6521805447530906
3,0.7803888550826481,0.8390521307786306,0.6679197278278167,0.6712530385975363,0.6660667424076525
4,0.7416320326782408,0.8431937495867411,0.6701266089507428,0.6716574520238575,0.6726352274736945
5,0.7152472759996141,0.8453823208808899,0.6676451564804481,0.6700726975523724,0.6695561411372452
