epoch,epoch_seconds,train_loss,train_loss_std,train_cls_loss,train_attention_loss,train_target_loss,train_accuracy,train_grad_norm_mean,train_grad_norm_max,val_loss,val_macro_f1,val_macro_precision,val_macro_recall,val_accuracy,val_f1_hatespeech,val_f1_offensive,val_f1_normal,val_precision_hatespeech,val_precision_offensive,val_precision_normal,val_recall_hatespeech,val_recall_offensive,val_recall_normal,learning_rate,amp_scale,early_stop_counter,val_cm_0_0,val_cm_0_1,val_cm_0_2,val_cm_1_0,val_cm_1_1,val_cm_1_2,val_cm_2_0,val_cm_2_1,val_cm_2_2
1,12.298,1.0046940059888931,0.09384871576006489,1.0046940059888931,0.0,0.0,0.47971413682721653,inf,inf,0.9322164118289947,0.5987239034342139,0.6261189457870344,0.5952658094244146,0.6229166666666667,0.683495145631068,0.4064711830131446,0.7062053816584294,0.8054919908466819,0.4557823129251701,0.6170825335892515,0.5935919055649241,0.36678832116788324,0.8254172015404364,1.7777777777777777e-05,32768.0,0,352,135,106,54,201,293,31,105,643
2,10.564,0.843298660005842,0.05988647463463612,0.843298660005842,0.0,0.0,0.6642596590486116,5.225407604944138,10.770038604736328,0.866269197066625,0.6359681846526896,0.6410586540006106,0.6426403997526243,0.6390625,0.7271293375394322,0.5184563758389261,0.6623188405797101,0.682962962962963,0.4798136645962733,0.7603993344425957,0.7774030354131535,0.5638686131386861,0.5866495507060334,1.3333333333333333e-05,32768.0,0,461,102,30,125,309,114,89,233,457
3,10.876,0.7857850114504497,0.06790901465137628,0.7857850114504497,0.0,0.0,0.7114568599717115,5.819166610354469,12.321722984313965,0.8739920636018117,0.642732668298171,0.649826111152832,0.6516382997708257,0.6453125,0.7398753894080997,0.5320033250207814,0.656319290465632,0.6874095513748191,0.48854961832061067,0.7735191637630662,0.8010118043844857,0.583941605839416,0.5699614890885751,8.888888888888888e-06,32768.0,0,475,87,31,129,320,99,87,248,444
4,12.156,0.7461711415222713,0.06976474650070481,0.7461711415222713,0.0,0.0,0.7384054194893174,7.220974502109346,16.068405151367188,0.8888973891735077,0.6318202653408521,0.6336914245409392,0.6403371223366926,0.6395833333333333,0.7382039573820396,0.4915405164737311,0.6657163221667854,0.6726768377253814,0.48,0.7483974358974359,0.8178752107925801,0.5036496350364964,0.5994865211810013,4.444444444444444e-06,32768.0,1,485,73,35,150,276,122,86,226,467
