epoch,epoch_seconds,train_loss,train_loss_std,train_cls_loss,train_attention_loss,train_target_loss,train_accuracy,train_grad_norm_mean,train_grad_norm_max,val_loss,val_macro_f1,val_macro_precision,val_macro_recall,val_accuracy,val_f1_hatespeech,val_f1_offensive,val_f1_normal,val_precision_hatespeech,val_precision_offensive,val_precision_normal,val_recall_hatespeech,val_recall_offensive,val_recall_normal,learning_rate,amp_scale,early_stop_counter,val_cm_0_0,val_cm_0_1,val_cm_0_2,val_cm_1_0,val_cm_1_1,val_cm_1_2,val_cm_2_0,val_cm_2_1,val_cm_2_2
1,10.565,2.1357076111293973,0.2624570301111376,0.9713953727767581,1.1643122474352519,0.0,0.556390977443609,inf,inf,0.8507405877113342,0.6465067699834582,0.6514927443793377,0.6487696419308316,0.6484375,0.7549668874172185,0.5028949545078577,0.6816584680252986,0.7414634146341463,0.4599092284417549,0.7531055900621118,0.7689713322091062,0.5547445255474452,0.6225930680359435,1.7777777777777777e-05,32768.0,0,456,114,23,108,304,136,51,243,485
2,10.543,1.9269335883004324,0.2234178657723239,0.8071211976664406,1.1198123843896957,0.0,0.6945581776222735,3.5612730344136554,6.988403797149658,0.8422561248143514,0.6509258236464119,0.6608438054042097,0.6588620721949349,0.653125,0.7545098039215686,0.5241605241605242,0.6741071428571429,0.7052785923753666,0.475482912332838,0.8017699115044248,0.8111298482293423,0.583941605839416,0.5815147625160462,1.3333333333333333e-05,32768.0,0,481,97,15,131,320,97,70,256,453
3,10.486,1.8470349555923826,0.2241821930830597,0.7395349902766092,1.1074999630451203,0.0,0.7419787091491103,4.060884401911781,7.720871448516846,0.8449146151542664,0.6624167958942963,0.6644834589279034,0.6611210709824481,0.6744791666666666,0.753448275862069,0.49814126394052044,0.7356608478802993,0.7707231040564374,0.5075757575757576,0.7151515151515152,0.7369308600337268,0.48905109489051096,0.7573812580231065,8.888888888888888e-06,32768.0,0,437,103,53,98,268,182,32,157,590
4,10.508,1.7845704027584621,0.24244765494607215,0.6799615859985352,1.104608815056937,0.0,0.785230402739522,4.533417659714108,8.245550155639648,0.8638423641522726,0.6608370669298278,0.6611825401232493,0.6608897389493661,0.6682291666666667,0.7554806070826307,0.5102222222222222,0.7168083714846305,0.7554806070826307,0.49740034662045063,0.7306666666666667,0.7554806070826307,0.5237226277372263,0.7034659820282413,4.444444444444444e-06,32768.0,1,448,102,43,102,287,159,43,188,548
