epoch,epoch_seconds,train_loss,train_loss_std,train_cls_loss,train_attention_loss,train_target_loss,train_accuracy,train_grad_norm_mean,train_grad_norm_max,val_loss,val_macro_f1,val_macro_precision,val_macro_recall,val_accuracy,val_f1_hatespeech,val_f1_offensive,val_f1_normal,val_precision_hatespeech,val_precision_offensive,val_precision_normal,val_recall_hatespeech,val_recall_offensive,val_recall_normal,learning_rate,amp_scale,early_stop_counter,val_cm_0_0,val_cm_0_1,val_cm_0_2,val_cm_1_0,val_cm_1_1,val_cm_1_2,val_cm_2_0,val_cm_2_1,val_cm_2_2
1,10.544,2.1317427300271534,0.25808187964434093,0.9653095310642605,1.1664332000982194,0.0,0.5359934489689571,2.740644945984795,6.057775497436523,0.8581043223539988,0.6507195102204778,0.6586227445365719,0.6470432455051919,0.6640625,0.7423423423423423,0.4771668219944082,0.7326493663246831,0.7969052224371374,0.4876190476190476,0.6913439635535308,0.6947723440134908,0.46715328467153283,0.7792041078305519,1.7777777777777777e-05,65536.0,0,412,131,50,71,256,221,34,138,607
2,10.543,1.9274283278556097,0.2060511244010848,0.8067913308030084,1.1206369987555913,0.0,0.6970148142633812,3.5598251899083455,7.164976119995117,0.8461748898029328,0.6578858299652429,0.655876067843277,0.6615604929493997,0.66875,0.7608346709470305,0.4976873265494912,0.7151354923992069,0.7258805513016845,0.5046904315196998,0.7370572207084468,0.7993254637436762,0.4908759124087591,0.6944801026957638,1.3333333333333333e-05,65536.0,0,474,85,34,120,269,159,59,179,541
3,10.563,1.8570389679500034,0.2258319625949574,0.7390561918417613,1.1179827735537575,0.0,0.7485297401920643,4.052000605492365,8.193924903869629,0.8524486243724823,0.6546151144346622,0.6531475421285845,0.661585250637315,0.6677083333333333,0.7611710323574731,0.4868421052631579,0.7158322056833559,0.700709219858156,0.501937984496124,0.7567954220314735,0.8330522765598651,0.4726277372262774,0.6790757381258024,8.888888888888888e-06,65536.0,0,494,69,30,149,259,140,62,188,529
4,10.62,1.7904139501707894,0.23407501782472567,0.6824398344471341,1.1079741148721605,0.0,0.7911114419712648,4.591769660086859,8.899266242980957,0.8689385036627452,0.6622249348407506,0.6666707654799412,0.6667071727828059,0.6645833333333333,0.7662337662337663,0.5291181364392679,0.6913229018492176,0.7386541471048513,0.48623853211009177,0.7751196172248804,0.7959527824620574,0.5802919708029197,0.6238767650834403,4.444444444444444e-06,65536.0,1,472,95,26,115,318,115,52,241,486
