epoch,epoch_seconds,train_loss,train_loss_std,train_cls_loss,train_attention_loss,train_target_loss,train_accuracy,train_grad_norm_mean,train_grad_norm_max,val_loss,val_macro_f1,val_macro_precision,val_macro_recall,val_accuracy,val_f1_hatespeech,val_f1_offensive,val_f1_normal,val_precision_hatespeech,val_precision_offensive,val_precision_normal,val_recall_hatespeech,val_recall_offensive,val_recall_normal,learning_rate,amp_scale,early_stop_counter,val_cm_0_0,val_cm_0_1,val_cm_0_2,val_cm_1_0,val_cm_1_1,val_cm_1_2,val_cm_2_0,val_cm_2_1,val_cm_2_2
1,10.434,2.2485703837303888,0.2762664483772112,1.0001362831819625,1.2484341002645947,0.0,0.48820069976922503,4.035012532132012,11.324898719787598,0.8807413876056671,0.6354877344393276,0.6361429874548054,0.6355189025724121,0.6479166666666667,0.7252747252747253,0.47780925401322,0.7033792240300375,0.7271186440677966,0.49510763209393344,0.6862026862026862,0.7234401349072512,0.46167883211678834,0.7214377406931964,1.7777777777777777e-05,65536.0,0,429,104,60,98,253,197,63,154,562
2,10.386,2.036956592400869,0.2412499224040429,0.8397197572957902,1.1972368351050786,0.0,0.6664185215514032,inf,inf,0.8570539255936941,0.6397203599285657,0.6417282103145739,0.6448430531394579,0.6453125,0.7304347826086957,0.5056277056277056,0.6830985915492958,0.6875,0.48105436573311366,0.7566302652106084,0.7790893760539629,0.5328467153284672,0.6225930680359435,1.3333333333333333e-05,32768.0,0,462,96,35,135,292,121,75,219,485
3,10.528,1.970020740372794,0.23859887202857635,0.7836953393050603,1.18632540731203,0.0,0.7071391349661282,6.414854296048483,15.103215217590332,0.8575008829434713,0.6584368520250695,0.6592472737135747,0.6578150940383682,0.6666666666666666,0.7427597955706985,0.5120859444941809,0.7204648160103292,0.7504302925989673,0.5026362038664324,0.7246753246753247,0.7352445193929174,0.5218978102189781,0.7163029525032092,8.888888888888888e-06,32768.0,0,436,109,48,98,286,164,47,174,558
4,10.391,1.9254922673815773,0.2543531832775052,0.7438978067466191,1.1815944634732747,0.0,0.7351299039678404,7.170538167726426,15.969648361206055,0.8807696799437205,0.6448187918364082,0.6436891827986307,0.6495841200897817,0.6604166666666667,0.731284475965327,0.4834307992202729,0.7197411003236246,0.6863905325443787,0.5188284518828452,0.7258485639686684,0.7824620573355818,0.45255474452554745,0.7137355584082157,4.444444444444444e-06,32768.0,1,464,83,46,136,248,164,76,147,556
