epoch,epoch_seconds,train_loss,train_loss_std,train_cls_loss,train_attention_loss,train_target_loss,train_accuracy,train_grad_norm_mean,train_grad_norm_max,val_loss,val_macro_f1,val_macro_precision,val_macro_recall,val_accuracy,val_f1_hatespeech,val_f1_offensive,val_f1_normal,val_precision_hatespeech,val_precision_offensive,val_precision_normal,val_recall_hatespeech,val_recall_offensive,val_recall_normal,learning_rate,amp_scale,early_stop_counter,val_cm_0_0,val_cm_0_1,val_cm_0_2,val_cm_1_0,val_cm_1_1,val_cm_1_2,val_cm_2_0,val_cm_2_1,val_cm_2_2
1,10.618,2.142626777149382,0.2470064532713553,0.972945065157754,1.1696817131269546,0.0,0.5401622869053823,inf,inf,0.867663194735845,0.6435516619689624,0.6580259134287613,0.6452187361083656,0.6703125,0.7460595446584939,0.4418356456776948,0.7427597955706985,0.7759562841530054,0.532133676092545,0.6659877800407332,0.718381112984823,0.3777372262773723,0.8395378690629012,1.7777777777777777e-05,32768.0,0,426,92,75,88,207,253,35,90,654
2,10.511,1.9417160289628166,0.2279420299672189,0.8207785084134056,1.120937524239222,0.0,0.6883793642522147,3.42534548611868,7.523979663848877,0.8233160456021626,0.6717616137075985,0.6726436806990067,0.6716373670319781,0.678125,0.7565733672603902,0.5325131810193322,0.7261982928430729,0.7610921501706485,0.5135593220338983,0.7432795698924731,0.7521079258010118,0.5529197080291971,0.7098844672657253,1.3333333333333333e-05,32768.0,0,446,104,43,97,303,148,43,183,553
3,10.556,1.853404664993286,0.21205964365060473,0.7418102250212715,1.1115944382690248,0.0,0.7437653539790069,3.839442861647833,9.385309219360352,0.8433285832405091,0.6690975769019092,0.672824643353804,0.6685162050036001,0.6723958333333333,0.7555938037865749,0.5350210970464135,0.7166778298727394,0.7715289982425307,0.4976452119309262,0.7492997198879552,0.7403035413153457,0.5784671532846716,0.686777920410783,8.888888888888888e-06,32768.0,0,439,116,38,90,317,141,40,204,535
4,10.481,1.79643303666796,0.22399573394124825,0.684956738778523,1.1114762993085952,0.0,0.7849326286012059,4.340918764613924,7.484006404876709,0.8623362759749095,0.662639292990396,0.6691955706919842,0.6662501641931654,0.6640625,0.7522633744855967,0.5375816993464052,0.6980728051391863,0.7347266881028939,0.48668639053254437,0.7861736334405145,0.7706576728499157,0.6003649635036497,0.6277278562259306,4.444444444444444e-06,32768.0,1,457,109,27,113,329,106,52,238,489
