{
  "display_name": "D_B",
  "model_name": "bert-base-uncased",
  "seed": 162,
  "best_epoch": 2,
  "best_val_macro_f1": 0.6717616137075985,
  "elapsed_seconds": 45.617130517959595,
  "class_weight": {
    "counts": {
      "hatespeech": 4151,
      "offensive": 3830,
      "normal": 5452
    },
    "ratios": {
      "hatespeech": 0.3090151120375195,
      "offensive": 0.28511873743765354,
      "normal": 0.40586615052482694
    },
    "minority_ratio": 0.28511873743765354,
    "use_class_weight": true,
    "threshold": 0.4,
    "weights": {
      "hatespeech": 1.0786958965711073,
      "offensive": 1.1691035683202784,
      "normal": 0.8212888236732697
    }
  },
  "hyperparams": {
    "split_train": 0.7,
    "split_val": 0.1,
    "split_test": 0.2,
    "max_len": 128,
    "batch_size": 64,
    "epochs": 5,
    "learning_rate": 2e-05,
    "warmup_ratio": 0.1,
    "weight_decay": 0.01,
    "dropout": 0.3,
    "mlp_hidden": 256,
    "early_stopping_patience": 2,
    "early_stopping_min_delta": 0.0001,
    "imbalance_threshold": 0.4,
    "seeds": [
      162
    ],
    "tune_learning_rates": [
      1e-05,
      2e-05,
      3e-05
    ],
    "tune_batch_sizes": [
      64
    ],
    "tune_dropouts": [
      0.1,
      0.2,
      0.3
    ],
    "tune_epochs": [
      5
    ],
    "tuning_seed": 42,
    "tuning_max_epochs": 5,
    "xai_sample_size": 500,
    "lime_num_features": 5,
    "lime_num_samples": 500,
    "shap_max_evals": 300,
    "shap_batch_size": 32,
    "v2_enabled": true,
    "alpha_grid": [
      0.0,
      0.1,
      0.3,
      0.5,
      0.7,
      1.0
    ],
    "beta_grid": [
      0.0,
      0.1,
      0.3
    ],
    "attention_loss_alpha": 1.0,
    "target_loss_beta": 0.0,
    "target_labels": [],
    "xai_context_sample_size": 500,
    "xai_ablation_sample_size": 50,
    "xai_interaction_pairs": 50,
    "xai_mss_threshold": 0.8
  },
  "metrics": {
    "accuracy": 0.6900234436051055,
    "macro_f1": 0.6829363225924397,
    "macro_precision": 0.6827597099088205,
    "macro_recall": 0.6833387364780977,
    "auroc": 0.8507776527264629,
    "per_class_precision": {
      "hatespeech": 0.7669740150880134,
      "offensive": 0.5379188712522046,
      "normal": 0.7433862433862434
    },
    "per_class_recall": {
      "hatespeech": 0.7715008431703204,
      "offensive": 0.5570776255707762,
      "normal": 0.7214377406931964
    },
    "per_class_f1": {
      "hatespeech": 0.7692307692307693,
      "offensive": 0.5473306415432929,
      "normal": 0.7322475570032573
    },
    "confusion_matrix": [
      [
        915,
        187,
        84
      ],
      [
        181,
        610,
        304
      ],
      [
        97,
        337,
        1124
      ]
    ],
    "loss": 0.8077293197313945
  },
  "prediction_artifact": "/workspace/HateSpeachStudy/v2/outputs/experiments/v2_15seed/benchmark/runs/d_b/seed_162/predictions.pkl"
}