epoch,epoch_seconds,train_loss,train_loss_std,train_cls_loss,train_attention_loss,train_target_loss,train_accuracy,train_grad_norm_mean,train_grad_norm_max,val_loss,val_macro_f1,val_macro_precision,val_macro_recall,val_accuracy,val_f1_hatespeech,val_f1_offensive,val_f1_normal,val_precision_hatespeech,val_precision_offensive,val_precision_normal,val_recall_hatespeech,val_recall_offensive,val_recall_normal,learning_rate,amp_scale,early_stop_counter,val_cm_0_0,val_cm_0_1,val_cm_0_2,val_cm_1_0,val_cm_1_1,val_cm_1_2,val_cm_2_0,val_cm_2_1,val_cm_2_2
1,11.207,0.9901287743023464,0.10034497174723943,0.9901287743023464,0.0,0.0,0.5242313705054716,3.2500732329629716,9.558836936950684,0.8826070447762807,0.6260816602195138,0.6332370644415888,0.6273881549919434,0.6260416666666667,0.7137989778534923,0.5080645161290323,0.6563814866760168,0.7211703958691911,0.4552023121387283,0.723338485316847,0.7065767284991569,0.5748175182481752,0.6007702182284981,1.7777777777777777e-05,65536.0,0,419,130,44,98,315,135,64,247,468
2,12.335,0.8313309941973005,0.07185982231585095,0.8313309941973005,0.0,0.0,0.67579840690836,inf,inf,0.8767941415309906,0.6314854967397715,0.642091890285834,0.6406557541225185,0.6328125,0.731974921630094,0.5218800648298217,0.6406015037593985,0.6837481698389458,0.46938775510204084,0.7731397459165155,0.7875210792580101,0.5875912408759124,0.5468549422336328,1.3333333333333333e-05,32768.0,0,467,103,23,124,322,102,92,261,426
3,12.066,0.7787672479947408,0.06524673959226042,0.7787672479947408,0.0,0.0,0.7136157224745031,6.326716723896208,14.045724868774414,0.8793483396371206,0.6444673897539891,0.6531349835185561,0.6500571536268707,0.6447916666666667,0.7430894308943089,0.5265700483091788,0.6637426900584795,0.717425431711146,0.4711815561959654,0.7707979626485568,0.7706576728499157,0.5967153284671532,0.582798459563543,8.888888888888888e-06,32768.0,0,457,106,30,116,327,105,64,261,454
4,11.81,0.7333749771118164,0.0656940363807693,0.7333749771118164,0.0,0.0,0.7479341919154321,6.987192771548316,13.275214195251465,0.8788883050282796,0.650847950373271,0.650141950004019,0.6530237348248685,0.6572916666666667,0.7471264367816092,0.5106382978723404,0.6947791164658634,0.728,0.496551724137931,0.7258741258741259,0.7672849915682968,0.5255474452554745,0.6662387676508345,4.444444444444444e-06,32768.0,1,455,90,48,112,288,148,58,202,519
