epoch,epoch_seconds,train_loss,train_loss_std,train_cls_loss,train_attention_loss,train_target_loss,train_accuracy,train_grad_norm_mean,train_grad_norm_max,val_loss,val_macro_f1,val_macro_precision,val_macro_recall,val_accuracy,val_f1_hatespeech,val_f1_offensive,val_f1_normal,val_precision_hatespeech,val_precision_offensive,val_precision_normal,val_recall_hatespeech,val_recall_offensive,val_recall_normal,learning_rate,amp_scale,early_stop_counter,val_cm_0_0,val_cm_0_1,val_cm_0_2,val_cm_1_0,val_cm_1_1,val_cm_1_2,val_cm_2_0,val_cm_2_1,val_cm_2_2
1,9.516,0.9805227540788196,0.10473617976953009,0.9805227540788196,0.0,0.0,0.529144643787687,2.192127318325497,6.0926079750061035,0.8492376546065012,0.6534389366934182,0.6629954789119511,0.6521347044494319,0.6536458333333334,0.74235807860262,0.5172690763052209,0.7006896551724138,0.769927536231884,0.4619799139167862,0.7570789865871833,0.7166947723440135,0.5875912408759124,0.6521181001283697,1.7777777777777777e-05,65536.0,0,425,142,26,89,322,137,38,233,508
2,10.2,0.804086281855901,0.06621017842994259,0.804086281855901,0.0,0.0,0.7008114345269113,3.4624993908972965,7.6580891609191895,0.8398051341374715,0.6558508153623599,0.6627496829200662,0.6598275061489054,0.6572916666666667,0.7522485690923958,0.5261437908496732,0.6891600861450108,0.7301587301587301,0.47633136094674555,0.7817589576547231,0.7757166947723441,0.5875912408759124,0.6161745827984596,1.3333333333333333e-05,65536.0,0,460,110,23,115,322,111,55,244,480
3,9.519,0.7282550831635793,0.06478388647160958,0.7282550831635793,0.0,0.0,0.7541874488200699,3.976071008046468,7.261682510375977,0.8411177357037862,0.6614869105494418,0.6625389692569293,0.6626429630068315,0.6671875,0.7554076539101497,0.5142857142857142,0.7147673634524613,0.7454844006568144,0.48929159802306427,0.7528409090909091,0.7655986509274874,0.541970802919708,0.6803594351732991,8.888888888888888e-06,65536.0,0,454,105,34,111,297,140,44,205,530
4,9.49,0.6611683424030032,0.06865788346722336,0.6611683424030032,0.0,0.0,0.7984813518945879,inf,inf,0.8854809840520222,0.6645548021217155,0.6648714901422014,0.6642668616564363,0.6734375,0.7586790855207451,0.5108695652173914,0.7241157556270097,0.7619047619047619,0.5071942446043165,0.7255154639175257,0.7554806070826307,0.5145985401459854,0.7227214377406932,4.444444444444444e-06,32768.0,1,448,101,44,97,282,169,43,173,563
