epoch,train_loss,val_loss,val_macro_f1,val_macro_precision,val_macro_recall,train_attention_loss,train_target_loss
1,0.9897695203622182,0.8605205674966176,0.6398054669376441,0.640492928512574,0.6393866349051945,0.0,0.0
2,0.8170603405861627,0.8428289731343587,0.6570070587157332,0.6607476819490936,0.6634307531103264,0.0,0.0
3,0.7352079258078621,0.8571887373924255,0.6523960843158746,0.6510558878460923,0.6595592456317481,0.0,0.0
4,0.6692832100959051,0.8773136576016743,0.6641115353315162,0.6624189102387866,0.6671525188449564,0.0,0.0
