epoch,epoch_seconds,train_loss,train_loss_std,train_cls_loss,train_attention_loss,train_target_loss,train_accuracy,train_grad_norm_mean,train_grad_norm_max,val_loss,val_macro_f1,val_macro_precision,val_macro_recall,val_accuracy,val_f1_hatespeech,val_f1_offensive,val_f1_normal,val_precision_hatespeech,val_precision_offensive,val_precision_normal,val_recall_hatespeech,val_recall_offensive,val_recall_normal,learning_rate,amp_scale,early_stop_counter,val_cm_0_0,val_cm_0_1,val_cm_0_2,val_cm_1_0,val_cm_1_1,val_cm_1_2,val_cm_2_0,val_cm_2_1,val_cm_2_2
1,10.65,2.135378500961122,0.27239209782653484,0.9700514262630826,1.1653270653315952,0.0,0.5354723442269039,2.464364801134382,6.271646499633789,0.8514881591002147,0.6464192030128991,0.6578760296868322,0.6443949774375323,0.6453125,0.7393617021276596,0.5135135135135135,0.686382393397524,0.7794392523364486,0.45492957746478874,0.7392592592592593,0.7032040472175379,0.5894160583941606,0.6405648267008985,1.7777777777777777e-05,65536.0,0,417,144,32,81,323,144,37,243,499
2,10.572,1.9151931359654382,0.2284204498802017,0.7974100740182968,1.1177830610956465,0.0,0.7010347651306484,3.4503860042208716,6.172906398773193,0.8450316290060679,0.6506871504825483,0.6589908879673486,0.654470447855856,0.6510416666666666,0.7528830313014827,0.5209677419354839,0.6782106782106783,0.7359098228663447,0.4667630057803468,0.7742998352553542,0.7706576728499157,0.5894160583941606,0.6033376123234917,1.3333333333333333e-05,65536.0,0,457,109,27,115,323,110,49,260,470
3,10.525,1.8401526286488488,0.24477931374244682,0.7313871624923888,1.1087654715492612,0.0,0.7524008039901735,inf,inf,0.851364004611969,0.6474330577050057,0.6469275240161648,0.6533512784302781,0.6677083333333333,0.7583465818759937,0.45656565656565656,0.7273869346733668,0.7172932330827068,0.5113122171945701,0.7121771217712177,0.8043844856661045,0.4124087591240876,0.7432605905006419,8.888888888888888e-06,32768.0,0,477,65,51,139,226,183,49,151,579
4,10.585,1.779139038494655,0.2447004742292871,0.670702425355003,1.1084366137073154,0.0,0.7940891833544257,4.641039825621105,9.79413890838623,0.8694235543409984,0.6564903331876547,0.6558487609830062,0.6583556272349568,0.6640625,0.756578947368421,0.50355871886121,0.7093333333333334,0.7383627608346709,0.4913194444444444,0.7378640776699029,0.7757166947723441,0.5164233576642335,0.6829268292682927,4.444444444444444e-06,32768.0,1,460,93,40,116,283,149,47,200,532
