epoch,train_loss,val_loss,val_macro_f1,val_macro_precision,val_macro_recall
1,0.9140359055428278,0.7575809001922608,0.6339760994198494,0.6542318111207066,0.6492025485781469
2,0.6954039778028216,0.7392312268416087,0.6675424122096194,0.6675697541075629,0.6716161843426104
3,0.6130813273645582,0.7385991096496582,0.6706500847790045,0.6748454226651902,0.6743223239337182
4,0.544222611614636,0.7734685162703197,0.6735375607701234,0.6727895367389181,0.6800937778871284
5,0.49357120863028936,0.7781946142514546,0.6813994520180087,0.6795869996424387,0.6857613014315684
