epoch,train_loss,val_loss,val_macro_f1,val_macro_precision,val_macro_recall
1,0.9629931833062854,0.8693192780017853,0.6122767535215669,0.6386684018153607,0.6352785770807373
2,0.7932810786224547,0.834068355957667,0.6744695096234038,0.672807162315267,0.6799928957734206
3,0.7309515638010843,0.834905606508255,0.6735750493095204,0.6722035660923392,0.6762556133600123
4,0.6781688216186705,0.8606355905532836,0.6797807100872602,0.6793193077529455,0.6846870479453839
