{
  "display_name": "RoBERTa+VADER",
  "model_name": "roberta-base",
  "seed": 42,
  "best_epoch": 5,
  "best_val_macro_f1": 0.6813994520180087,
  "elapsed_seconds": 397.9771509170532,
  "class_weight": {
    "counts": {
      "hatespeech": 4151,
      "offensive": 3830,
      "normal": 5452
    },
    "ratios": {
      "hatespeech": 0.3090151120375195,
      "offensive": 0.28511873743765354,
      "normal": 0.40586615052482694
    },
    "minority_ratio": 0.28511873743765354,
    "use_class_weight": false,
    "threshold": 0.1
  },
  "hyperparams": {
    "split_train": 0.7,
    "split_val": 0.1,
    "split_test": 0.2,
    "max_len": 128,
    "batch_size": 64,
    "epochs": 5,
    "learning_rate": 2e-05,
    "warmup_ratio": 0.1,
    "weight_decay": 0.01,
    "dropout": 0.1,
    "mlp_hidden": 256,
    "early_stopping_patience": 2,
    "early_stopping_min_delta": 0.0001,
    "imbalance_threshold": 0.1,
    "seeds": [
      42,
      52,
      62
    ],
    "tune_learning_rates": [
      1e-05,
      2e-05,
      3e-05
    ],
    "tune_batch_sizes": [
      64
    ],
    "tune_dropouts": [
      0.1,
      0.2,
      0.3
    ],
    "tune_epochs": [
      5
    ],
    "tuning_seed": 42,
    "tuning_max_epochs": 5,
    "xai_sample_size": 24,
    "lime_num_features": 5,
    "lime_num_samples": 500,
    "shap_max_evals": 300,
    "shap_batch_size": 32
  },
  "metrics": {
    "accuracy": 0.6962750716332379,
    "macro_f1": 0.6845801681065109,
    "macro_precision": 0.6831831831831833,
    "macro_recall": 0.6886099873107071,
    "auroc": 0.854557545214421,
    "per_class_precision": {
      "hatespeech": 0.7319819819819819,
      "offensive": 0.5675675675675675,
      "normal": 0.75
    },
    "per_class_recall": {
      "hatespeech": 0.8220910623946037,
      "offensive": 0.5178082191780822,
      "normal": 0.7259306803594352
    },
    "per_class_f1": {
      "hatespeech": 0.7744241461477362,
      "offensive": 0.5415472779369628,
      "normal": 0.7377690802348337
    },
    "confusion_matrix": [
      [
        975,
        121,
        90
      ],
      [
        241,
        567,
        287
      ],
      [
        116,
        311,
        1131
      ]
    ],
    "loss": 0.7730566099286079
  },
  "prediction_artifact": "/Users/winterflw/HateSpeachStudy/outputs/runs/roberta_vader/seed_42/predictions.pkl"
}