{
  "display_name": "RoBERTa+VADER",
  "model_name": "roberta-base",
  "seed": 42,
  "best_epoch": 4,
  "best_val_macro_f1": 0.6797807100872602,
  "elapsed_seconds": 311.7166349887848,
  "class_weight": {
    "counts": {
      "hatespeech": 4151,
      "offensive": 3830,
      "normal": 5452
    },
    "ratios": {
      "hatespeech": 0.3090151120375195,
      "offensive": 0.28511873743765354,
      "normal": 0.40586615052482694
    },
    "minority_ratio": 0.28511873743765354,
    "use_class_weight": true,
    "threshold": 0.4,
    "weights": {
      "hatespeech": 1.0786958965711073,
      "offensive": 1.1691035683202784,
      "normal": 0.8212888236732697
    }
  },
  "hyperparams": {
    "split_train": 0.7,
    "split_val": 0.1,
    "split_test": 0.2,
    "max_len": 128,
    "batch_size": 64,
    "epochs": 5,
    "learning_rate": 2e-05,
    "warmup_ratio": 0.1,
    "weight_decay": 0.01,
    "dropout": 0.3,
    "mlp_hidden": 256,
    "early_stopping_patience": 2,
    "early_stopping_min_delta": 0.0001,
    "imbalance_threshold": 0.4,
    "seeds": [
      42,
      52,
      62
    ],
    "tune_learning_rates": [
      1e-05,
      2e-05,
      3e-05
    ],
    "tune_batch_sizes": [
      64
    ],
    "tune_dropouts": [
      0.1,
      0.2,
      0.3
    ],
    "tune_epochs": [
      5
    ],
    "tuning_seed": 42,
    "tuning_max_epochs": 5,
    "xai_sample_size": 50,
    "lime_num_features": 5,
    "lime_num_samples": 500,
    "shap_max_evals": 300,
    "shap_batch_size": 32
  },
  "metrics": {
    "accuracy": 0.6902839281062777,
    "macro_f1": 0.6821524644799583,
    "macro_precision": 0.6806255173435843,
    "macro_recall": 0.6880166222789024,
    "auroc": 0.853231241101485,
    "per_class_precision": {
      "hatespeech": 0.7289377289377289,
      "offensive": 0.5484460694698354,
      "normal": 0.7644927536231884
    },
    "per_class_recall": {
      "hatespeech": 0.8389544688026982,
      "offensive": 0.547945205479452,
      "normal": 0.6771501925545571
    },
    "per_class_f1": {
      "hatespeech": 0.7800862406899255,
      "offensive": 0.5481955230698949,
      "normal": 0.7181756296800544
    },
    "confusion_matrix": [
      [
        995,
        122,
        69
      ],
      [
        239,
        600,
        256
      ],
      [
        131,
        372,
        1055
      ]
    ],
    "loss": 0.8527751435836156
  },
  "prediction_artifact": "/Users/winterflw/HateSpeachStudy/outputs/runs/roberta_vader/seed_42/predictions.pkl"
}