epoch,epoch_seconds,train_loss,train_loss_std,train_cls_loss,train_attention_loss,train_target_loss,train_accuracy,train_grad_norm_mean,train_grad_norm_max,val_loss,val_macro_f1,val_macro_precision,val_macro_recall,val_accuracy,val_f1_hatespeech,val_f1_offensive,val_f1_normal,val_precision_hatespeech,val_precision_offensive,val_precision_normal,val_recall_hatespeech,val_recall_offensive,val_recall_normal,learning_rate,amp_scale,early_stop_counter,val_cm_0_0,val_cm_0_1,val_cm_0_2,val_cm_1_0,val_cm_1_1,val_cm_1_2,val_cm_2_0,val_cm_2_1,val_cm_2_2
1,12.661,2.14849089043481,0.26949811501110876,0.9801131203061059,1.1683777698448725,0.0,0.5294424179260031,inf,inf,0.8484972417354584,0.6424402758552709,0.6445675274548132,0.6458917825844473,0.6479166666666667,0.7580645161290323,0.48027444253859347,0.6889818688981869,0.7264296754250387,0.45307443365695793,0.7541984732824427,0.7925801011804384,0.5109489051094891,0.6341463414634146,1.7777777777777777e-05,32768.0,0,470,93,30,137,280,131,40,245,494
2,12.246,1.9337603813125974,0.20914797402212598,0.8116326227074577,1.1221277560506548,0.0,0.6925482021886399,3.3359406709671022,5.46229887008667,0.8361987809340159,0.656376896833983,0.6737452186341564,0.6609011828949927,0.6526041666666667,0.764406779661017,0.541033434650456,0.6636904761904762,0.768313458262351,0.4635416666666667,0.7893805309734513,0.760539629005059,0.6496350364963503,0.5725288831835686,1.3333333333333333e-05,32768.0,0,451,120,22,95,356,97,41,292,446
3,12.053,1.8539411363147553,0.21004481464036576,0.7412773413317544,1.1126637976794016,0.0,0.7411598302687411,3.8878685440335956,7.988045692443848,0.839870407183965,0.6601235356095237,0.6617678906620853,0.6633556636564889,0.6640625,0.7598039215686274,0.5238907849829352,0.6966759002770083,0.7369255150554676,0.49198717948717946,0.7563909774436091,0.7841483979763912,0.5602189781021898,0.6456996148908858,8.888888888888888e-06,32768.0,0,465,101,27,106,307,135,60,216,503
4,11.783,1.7955256354241145,0.2302581132602308,0.6863772190752484,1.1091484152135396,0.0,0.7824759919600983,4.6837922277904696,7.821987152099609,0.8513521015644073,0.6637992996073113,0.6727585689470096,0.6667492985115465,0.6630208333333333,0.7647058823529411,0.5395051875498803,0.6871868289191124,0.7621440536013401,0.4794326241134752,0.7766990291262136,0.7672849915682968,0.6167883211678832,0.6161745827984596,4.444444444444444e-06,32768.0,1,455,107,31,103,338,107,39,260,480
