{
  "display_name": "B_R",
  "model_name": "roberta-base",
  "seed": 102,
  "best_epoch": 5,
  "best_val_macro_f1": 0.6489239742640471,
  "elapsed_seconds": 66.6800627708435,
  "class_weight": {
    "counts": {
      "hatespeech": 4151,
      "offensive": 3830,
      "normal": 5452
    },
    "ratios": {
      "hatespeech": 0.3090151120375195,
      "offensive": 0.28511873743765354,
      "normal": 0.40586615052482694
    },
    "minority_ratio": 0.28511873743765354,
    "use_class_weight": true,
    "threshold": 0.4,
    "weights": {
      "hatespeech": 1.0786958965711073,
      "offensive": 1.1691035683202784,
      "normal": 0.8212888236732697
    }
  },
  "hyperparams": {
    "split_train": 0.7,
    "split_val": 0.1,
    "split_test": 0.2,
    "max_len": 128,
    "batch_size": 64,
    "epochs": 5,
    "learning_rate": 2e-05,
    "warmup_ratio": 0.1,
    "weight_decay": 0.01,
    "dropout": 0.3,
    "mlp_hidden": 256,
    "early_stopping_patience": 2,
    "early_stopping_min_delta": 0.0001,
    "imbalance_threshold": 0.4,
    "seeds": [
      102
    ],
    "tune_learning_rates": [
      1e-05,
      2e-05,
      3e-05
    ],
    "tune_batch_sizes": [
      64
    ],
    "tune_dropouts": [
      0.1,
      0.2,
      0.3
    ],
    "tune_epochs": [
      5
    ],
    "tuning_seed": 42,
    "tuning_max_epochs": 5,
    "xai_sample_size": 500,
    "lime_num_features": 5,
    "lime_num_samples": 500,
    "shap_max_evals": 300,
    "shap_batch_size": 32,
    "v2_enabled": true,
    "alpha_grid": [
      0.0,
      0.1,
      0.3,
      0.5,
      0.7,
      1.0
    ],
    "beta_grid": [
      0.0,
      0.1,
      0.3
    ],
    "attention_loss_alpha": 1.0,
    "target_loss_beta": 0.0,
    "target_labels": [],
    "xai_context_sample_size": 500,
    "xai_ablation_sample_size": 50,
    "xai_interaction_pairs": 50,
    "xai_mss_threshold": 0.8
  },
  "metrics": {
    "accuracy": 0.6840323000781453,
    "macro_f1": 0.674507717677233,
    "macro_precision": 0.6728189354689603,
    "macro_recall": 0.6802642925765542,
    "auroc": 0.8487353370381214,
    "per_class_precision": {
      "hatespeech": 0.7188638018936635,
      "offensive": 0.5464015151515151,
      "normal": 0.7531914893617021
    },
    "per_class_recall": {
      "hatespeech": 0.8322091062394603,
      "offensive": 0.5269406392694064,
      "normal": 0.6816431322207959
    },
    "per_class_f1": {
      "hatespeech": 0.7713950762016413,
      "offensive": 0.5364946536494654,
      "normal": 0.715633423180593
    },
    "confusion_matrix": [
      [
        987,
        126,
        73
      ],
      [
        243,
        577,
        275
      ],
      [
        143,
        353,
        1062
      ]
    ],
    "loss": 0.8434484293063481
  },
  "prediction_artifact": "/workspace/HateSpeachStudy/v2/outputs/experiments/v2_15seed/benchmark/runs/b_r/seed_102/predictions.pkl"
}