epoch,train_loss,val_loss,val_macro_f1,val_macro_precision,val_macro_recall
1,1.009889155626297,0.8980330944061279,0.6016051948513651,0.6017767409933169,0.6080836105333219
2,0.8614657030219124,0.8503437360127767,0.6491673616231994,0.6472383772161714,0.6534518524225641
3,0.7983625176407042,0.8476437211036683,0.6563835789467327,0.6543565917768611,0.6606125560785596
4,0.7600989608537583,0.8521802107493083,0.6551986109571156,0.6536086847046211,0.658322384357119
5,0.7367039896193005,0.8535735666751861,0.661915988335168,0.6602857398118722,0.6644301857613488
