epoch,train_loss,val_loss,val_macro_f1,val_macro_precision,val_macro_recall
1,0.9361083149909973,0.7949138462543488,0.5995443398193612,0.6381627444942729,0.6160974615866999
2,0.7290442432676043,0.7518545150756836,0.6574144504731413,0.6558212651886675,0.662365780136025
3,0.6243544196798688,0.7474525252978007,0.6642672459539288,0.6632413323672134,0.667975073998783
4,0.5393070843957719,0.7892501056194305,0.6514785493351537,0.6520152362704575,0.6539809522075918
5,0.4805145590078263,0.8060273240009944,0.6601830148432577,0.6594339446954097,0.6612842160082436
