{
  "display_name": "BERT+VADER",
  "model_name": "bert-base-uncased",
  "seed": 52,
  "best_epoch": 3,
  "best_val_macro_f1": 0.6642672459539288,
  "elapsed_seconds": 368.23448610305786,
  "class_weight": {
    "counts": {
      "hatespeech": 4151,
      "offensive": 3830,
      "normal": 5452
    },
    "ratios": {
      "hatespeech": 0.3090151120375195,
      "offensive": 0.28511873743765354,
      "normal": 0.40586615052482694
    },
    "minority_ratio": 0.28511873743765354,
    "use_class_weight": false,
    "threshold": 0.1
  },
  "hyperparams": {
    "split_train": 0.7,
    "split_val": 0.1,
    "split_test": 0.2,
    "max_len": 128,
    "batch_size": 64,
    "epochs": 5,
    "learning_rate": 2e-05,
    "warmup_ratio": 0.1,
    "weight_decay": 0.01,
    "dropout": 0.1,
    "mlp_hidden": 256,
    "early_stopping_patience": 2,
    "early_stopping_min_delta": 0.0001,
    "imbalance_threshold": 0.1,
    "seeds": [
      42,
      52,
      62
    ],
    "tune_learning_rates": [
      1e-05,
      2e-05,
      3e-05
    ],
    "tune_batch_sizes": [
      64
    ],
    "tune_dropouts": [
      0.1,
      0.2,
      0.3
    ],
    "tune_epochs": [
      5
    ],
    "tuning_seed": 42,
    "tuning_max_epochs": 5,
    "xai_sample_size": 24,
    "lime_num_features": 5,
    "lime_num_samples": 500,
    "shap_max_evals": 300,
    "shap_batch_size": 32
  },
  "metrics": {
    "accuracy": 0.6902839281062777,
    "macro_f1": 0.6747509445894689,
    "macro_precision": 0.6757630780662881,
    "macro_recall": 0.6783810294920105,
    "auroc": 0.8490715659356893,
    "per_class_precision": {
      "hatespeech": 0.7402298850574712,
      "offensive": 0.5703211517165006,
      "normal": 0.7167381974248928
    },
    "per_class_recall": {
      "hatespeech": 0.8145025295109612,
      "offensive": 0.4703196347031963,
      "normal": 0.7503209242618742
    },
    "per_class_f1": {
      "hatespeech": 0.7755921316740265,
      "offensive": 0.5155155155155156,
      "normal": 0.7331451865788648
    },
    "confusion_matrix": [
      [
        966,
        114,
        106
      ],
      [
        224,
        515,
        356
      ],
      [
        115,
        274,
        1169
      ]
    ],
    "loss": 0.7352721144755682
  },
  "prediction_artifact": "/Users/winterflw/HateSpeachStudy/outputs/runs/bert_vader/seed_52/predictions.pkl"
}