epoch,train_loss,val_loss,val_macro_f1,val_macro_precision,val_macro_recall,train_attention_loss,train_target_loss
1,2.141094830490294,0.8589731375376384,0.6422878137564747,0.648718335951029,0.6401299778352197,1.166503368389039,0.0
2,1.928328453926813,0.860312416156133,0.6313711797275637,0.6425477560894227,0.6430296690327705,1.1239336930570147,0.0
3,1.8483011739594595,0.8378060619036357,0.6657460292054095,0.6653982519462596,0.6719970290037116,1.110465365364438,0.0
4,1.7841804947171893,0.8616813917954763,0.6655346966402018,0.6648836864117782,0.6684863685792585,1.1073927848112015,0.0
5,1.7387094196819124,0.8777599632740021,0.6650845655843808,0.6658505215198116,0.668196767361748,1.1067563387609662,0.0
