epoch,epoch_seconds,train_loss,train_loss_std,train_cls_loss,train_attention_loss,train_target_loss,train_accuracy,train_grad_norm_mean,train_grad_norm_max,val_loss,val_macro_f1,val_macro_precision,val_macro_recall,val_accuracy,val_f1_hatespeech,val_f1_offensive,val_f1_normal,val_precision_hatespeech,val_precision_offensive,val_precision_normal,val_recall_hatespeech,val_recall_offensive,val_recall_normal,learning_rate,amp_scale,early_stop_counter,val_cm_0_0,val_cm_0_1,val_cm_0_2,val_cm_1_0,val_cm_1_1,val_cm_1_2,val_cm_2_0,val_cm_2_1,val_cm_2_2
1,10.266,0.9879660839126223,0.09721291129197053,0.9879660839126223,0.0,0.0,0.518871436015782,2.117657126131512,6.490971088409424,0.871697195370992,0.6303704698700815,0.6390099636714118,0.6371364294290257,0.6338541666666667,0.7306791569086651,0.4937655860349127,0.6666666666666666,0.6802325581395349,0.4534351145038168,0.7833622183708839,0.7892074198988196,0.541970802919708,0.5802310654685494,1.7777777777777777e-05,65536.0,0,468,100,25,151,297,100,69,258,452
2,10.253,0.8124753503572373,0.06607664450175267,0.8124753503572373,0.0,0.0,0.695898161244696,3.3520335793495177,6.4098663330078125,0.838528710603714,0.6648880159081162,0.6642675245160637,0.6656386142758913,0.675,0.75,0.5113739763421292,0.7332900713822194,0.7413509060955519,0.5099818511796733,0.7414698162729659,0.7588532883642496,0.5127737226277372,0.7252888318356868,1.3333333333333333e-05,65536.0,0,450,103,40,110,281,157,47,167,565
3,10.456,0.730143350078946,0.07583132878447002,0.730143350078946,0.0,0.0,0.7524752475247525,inf,inf,0.8542945802211761,0.6712871537762709,0.674067556871278,0.6695151899568302,0.6786458333333333,0.7439024390243902,0.5329815303430079,0.7369774919614148,0.7693693693693694,0.5144312393887945,0.7384020618556701,0.7200674536256324,0.5529197080291971,0.7355584082156611,8.888888888888888e-06,32768.0,0,427,117,49,91,303,154,37,169,573
4,10.284,0.6636369972001939,0.07176011072877438,0.6636369972001939,0.0,0.0,0.8010868756048537,5.003886424927485,10.257168769836426,0.8844770908355712,0.6544503236169509,0.6613628128926817,0.6588793901989483,0.65625,0.75,0.5245901639344263,0.6887608069164265,0.7230046948356808,0.47619047619047616,0.7848932676518884,0.7790893760539629,0.583941605839416,0.613607188703466,4.444444444444444e-06,32768.0,1,462,103,28,125,320,103,52,249,478
