epoch,train_loss,val_loss,val_macro_f1,val_macro_precision,val_macro_recall,train_attention_loss,train_target_loss
1,1.0992036836487906,1.094659932454427,0.368352366276042,0.453784711266391,0.4088050420799845,0.0,0.0
2,1.0936854879061382,1.0904503067334492,0.34772780819153987,0.46233898349548336,0.39852699104415334,0.0,0.0
3,1.0912682658150084,1.088341971238454,0.38990890304357045,0.46311561770772974,0.4239786118542148,0.0,0.0
4,1.0897467652956645,1.086926551659902,0.39684575882467077,0.46637991901423054,0.4296335274387683,0.0,0.0
5,1.0887953656060354,1.086473015944163,0.4037704526306009,0.4655000340980752,0.4335770260391096,0.0,0.0
