epoch,train_loss,val_loss,val_macro_f1,val_macro_precision,val_macro_recall
1,1.0992036808104741,1.0946599165598552,0.368352366276042,0.453784711266391,0.4088050420799845
2,1.0936854958534241,1.0904503146807352,0.34772780819153987,0.46233898349548336,0.39852699104415334
3,1.0912682743299575,1.0883419831593832,0.38990890304357045,0.46311561770772974,0.4239786118542148
4,1.089747056506929,1.0869269371032715,0.39684575882467077,0.46637991901423054,0.4296335274387683
5,1.088797372295743,1.0864735047022502,0.4037704526306009,0.4655000340980752,0.4335770260391096
