epoch,train_loss,val_loss,val_macro_f1,val_macro_precision,val_macro_recall
1,1.087778525693076,1.0766210516293844,0.19241694454736322,0.13524305555555555,0.3333333333333333
2,1.0738566517829895,1.0679997086524964,0.26502175267997335,0.5156134515890614,0.3661956443460717
3,1.0682067354520162,1.0624096473058064,0.27733382196018413,0.3642285501581984,0.3748287141165545
4,1.064128236827396,1.05956019560496,0.3082803520747548,0.5334730062758566,0.390261153288369
5,1.0624117206959498,1.0581117073694866,0.3017348076878406,0.5468673937967101,0.388969518822366
