{
  "display_name": "BERT+VADER (Frozen Encoder)",
  "model_name": "bert-base-uncased",
  "seed": 42,
  "best_epoch": 4,
  "best_val_macro_f1": 0.3082803520747548,
  "elapsed_seconds": 151.78781414031982,
  "class_weight": {
    "counts": {
      "hatespeech": 4151,
      "offensive": 3830,
      "normal": 5452
    },
    "ratios": {
      "hatespeech": 0.3090151120375195,
      "offensive": 0.28511873743765354,
      "normal": 0.40586615052482694
    },
    "minority_ratio": 0.28511873743765354,
    "use_class_weight": false,
    "threshold": 0.1
  },
  "hyperparams": {
    "split_train": 0.7,
    "split_val": 0.1,
    "split_test": 0.2,
    "max_len": 128,
    "batch_size": 64,
    "epochs": 5,
    "learning_rate": 2e-05,
    "warmup_ratio": 0.1,
    "weight_decay": 0.01,
    "dropout": 0.1,
    "mlp_hidden": 256,
    "early_stopping_patience": 2,
    "early_stopping_min_delta": 0.0001,
    "imbalance_threshold": 0.1,
    "seeds": [
      42,
      52,
      62
    ],
    "tune_learning_rates": [
      1e-05,
      2e-05,
      3e-05
    ],
    "tune_batch_sizes": [
      64
    ],
    "tune_dropouts": [
      0.1,
      0.2,
      0.3
    ],
    "tune_epochs": [
      5
    ],
    "tuning_seed": 42,
    "tuning_max_epochs": 5,
    "xai_sample_size": 24,
    "lime_num_features": 5,
    "lime_num_samples": 500,
    "shap_max_evals": 300,
    "shap_batch_size": 32
  },
  "metrics": {
    "accuracy": 0.4618390205782756,
    "macro_f1": 0.3178598011655186,
    "macro_precision": 0.5911567759497305,
    "macro_recall": 0.3983531197624755,
    "auroc": 0.6550909109416417,
    "per_class_precision": {
      "hatespeech": 0.6342592592592593,
      "offensive": 0.7,
      "normal": 0.4392110685899323
    },
    "per_class_recall": {
      "hatespeech": 0.23102866779089376,
      "offensive": 0.006392694063926941,
      "normal": 0.9576379974326059
    },
    "per_class_f1": {
      "hatespeech": 0.33868974042027195,
      "offensive": 0.012669683257918552,
      "normal": 0.6022199798183653
    },
    "confusion_matrix": [
      [
        274,
        2,
        910
      ],
      [
        93,
        7,
        995
      ],
      [
        65,
        1,
        1492
      ]
    ],
    "loss": 1.0573884050051372
  },
  "prediction_artifact": "/Users/winterflw/HateSpeachStudy/outputs/runs/bert_vader_frozen_encoder/seed_42/predictions.pkl"
}