epoch,epoch_seconds,train_loss,train_loss_std,train_cls_loss,train_attention_loss,train_target_loss,train_accuracy,train_grad_norm_mean,train_grad_norm_max,val_loss,val_macro_f1,val_macro_precision,val_macro_recall,val_accuracy,val_f1_hatespeech,val_f1_offensive,val_f1_normal,val_precision_hatespeech,val_precision_offensive,val_precision_normal,val_recall_hatespeech,val_recall_offensive,val_recall_normal,learning_rate,amp_scale,early_stop_counter,val_cm_0_0,val_cm_0_1,val_cm_0_2,val_cm_1_0,val_cm_1_1,val_cm_1_2,val_cm_2_0,val_cm_2_1,val_cm_2_2
1,11.566,0.9838353409653618,0.10299176903016802,0.9838353409653618,0.0,0.0,0.5061415916027693,2.303489135560535,5.661800384521484,0.8745644470055898,0.6253113113301693,0.6363484576921702,0.6263286478809829,0.6510416666666666,0.7424511545293073,0.40537745604963804,0.7281053234115626,0.7842401500938087,0.4677804295942721,0.6570247933884298,0.7048903878583473,0.35766423357664234,0.8164313222079589,1.7777777777777777e-05,65536.0,0,418,116,59,79,196,273,36,107,636
2,11.14,0.8225099878651755,0.06750762408737494,0.8225099878651755,0.0,0.0,0.6864438323531601,inf,inf,0.8381673534711201,0.6633284782675588,0.6648548023018207,0.6641112958909132,0.66875,0.7531380753138075,0.5185185185185185,0.7183288409703504,0.7475083056478405,0.4910277324632953,0.7560283687943262,0.7588532883642496,0.5492700729927007,0.6842105263157895,1.3333333333333333e-05,32768.0,0,450,110,33,108,301,139,44,202,533
3,11.383,0.7503090339047568,0.07017098824137465,0.7503090339047568,0.0,0.0,0.7395220725080027,4.242330169677734,9.306180000305176,0.8658614218235016,0.6612826404942852,0.6623665483672312,0.6606047582364241,0.6697916666666667,0.7472340425531915,0.5053191489361702,0.7312947299934938,0.7542955326460481,0.49137931034482757,0.741424802110818,0.7403035413153457,0.5200729927007299,0.7214377406931964,8.888888888888888e-06,32768.0,0,439,117,37,104,285,159,39,178,562
4,12.022,0.6909405228637514,0.07122424903015603,0.6909405228637514,0.0,0.0,0.7827737660984143,4.902520599819365,9.891836166381836,0.8687209029992421,0.6673836860227848,0.6701123696971977,0.667270231762139,0.671875,0.756159728122345,0.524701873935264,0.7212894560107455,0.761986301369863,0.49201277955271566,0.7563380281690141,0.7504215851602024,0.5620437956204379,0.6893453145057766,4.444444444444444e-06,32768.0,1,445,114,34,101,308,139,38,204,537
