epoch,train_loss,val_loss,val_macro_f1,val_macro_precision,val_macro_recall,train_attention_loss,train_target_loss
1,1.0149561078775498,0.8861943046251933,0.6075034599098917,0.6230082340790434,0.6138949477762369,0.0,0.0
2,0.8400906877858298,0.8419648269812267,0.6499176814638931,0.6545819867517797,0.6507626331744897,0.0,0.0
3,0.7804053420112247,0.8389752805233002,0.669064002049942,0.6726204099811911,0.6671490728887136,0.0,0.0
4,0.7414756615956625,0.842878927787145,0.6692241665856744,0.6707839249996113,0.67177942944203,0.0,0.0
5,0.7150389870007833,0.8449609498182933,0.6674625362496521,0.6697754719557758,0.6693757676469948,0.0,0.0
