epoch,train_loss,val_loss,val_macro_f1,val_macro_precision,val_macro_recall
1,1.01382957583382,0.8990339457988739,0.5768196044058113,0.6203715275555036,0.598851996466432
2,0.850427001998538,0.8565797070662181,0.6418851171846089,0.642424014462689,0.6458961344703403
3,0.7868493942987351,0.8330225825309754,0.6672638254772764,0.6671467292835297,0.6684740792748594
4,0.747057767141433,0.8447542746861776,0.6549447853899673,0.6539782150119487,0.658863057130078
5,0.7241499920686086,0.8462717413902283,0.657092243918528,0.6576117373781676,0.6610527048960447
