epoch,train_loss,val_loss,val_macro_f1,val_macro_precision,val_macro_recall
1,0.89652959165119,0.7667810281117757,0.6171653016120974,0.6445308226897208,0.6409546648205927
2,0.6709404265596753,0.7508550584316254,0.6675845391014574,0.6672195979429393,0.6727823975888535
3,0.5286647182135354,0.7854071199893952,0.6515629200980103,0.6529098764767808,0.6518123475546223
4,0.39778857202756973,0.8683728754520417,0.6569106206326352,0.6550494844344302,0.6604113685912409
