{
  "display_name": "BERT-base",
  "model_name": "bert-base-uncased",
  "seed": 42,
  "best_epoch": 2,
  "best_val_macro_f1": 0.6675845391014574,
  "elapsed_seconds": 288.08073592185974,
  "class_weight": {
    "counts": {
      "hatespeech": 4151,
      "offensive": 3830,
      "normal": 5452
    },
    "ratios": {
      "hatespeech": 0.3090151120375195,
      "offensive": 0.28511873743765354,
      "normal": 0.40586615052482694
    },
    "minority_ratio": 0.28511873743765354,
    "use_class_weight": false,
    "threshold": 0.1
  },
  "hyperparams": {
    "split_train": 0.7,
    "split_val": 0.1,
    "split_test": 0.2,
    "max_len": 128,
    "batch_size": 64,
    "epochs": 5,
    "learning_rate": 3e-05,
    "warmup_ratio": 0.1,
    "weight_decay": 0.01,
    "dropout": 0.1,
    "mlp_hidden": 256,
    "early_stopping_patience": 2,
    "early_stopping_min_delta": 0.0001,
    "imbalance_threshold": 0.1,
    "seeds": [
      42,
      52,
      62
    ],
    "tune_learning_rates": [
      1e-05,
      2e-05,
      3e-05
    ],
    "tune_batch_sizes": [
      64
    ],
    "tune_dropouts": [
      0.1,
      0.2,
      0.3
    ],
    "tune_epochs": [
      5
    ],
    "tuning_seed": 42,
    "tuning_max_epochs": 5,
    "xai_sample_size": 24,
    "lime_num_features": 5,
    "lime_num_samples": 500,
    "shap_max_evals": 300,
    "shap_batch_size": 32
  },
  "metrics": {
    "accuracy": 0.6954936181297213,
    "macro_f1": 0.6770078314177924,
    "macro_precision": 0.6798547096285154,
    "macro_recall": 0.6817931958886781,
    "auroc": 0.8524304301116173,
    "per_class_precision": {
      "hatespeech": 0.7310861423220973,
      "offensive": 0.5845070422535211,
      "normal": 0.7239709443099274
    },
    "per_class_recall": {
      "hatespeech": 0.8229342327150084,
      "offensive": 0.4547945205479452,
      "normal": 0.7676508344030809
    },
    "per_class_f1": {
      "hatespeech": 0.7742959143197145,
      "offensive": 0.5115562403697997,
      "normal": 0.7451713395638629
    },
    "confusion_matrix": [
      [
        976,
        110,
        100
      ],
      [
        241,
        498,
        356
      ],
      [
        118,
        244,
        1196
      ]
    ],
    "loss": 0.7371828963359197
  },
  "prediction_artifact": "/Users/winterflw/HateSpeachStudy/outputs/runs/bert_base/seed_42/predictions.pkl"
}