epoch,epoch_seconds,train_loss,train_loss_std,train_cls_loss,train_attention_loss,train_target_loss,train_accuracy,train_grad_norm_mean,train_grad_norm_max,val_loss,val_macro_f1,val_macro_precision,val_macro_recall,val_accuracy,val_f1_hatespeech,val_f1_offensive,val_f1_normal,val_precision_hatespeech,val_precision_offensive,val_precision_normal,val_recall_hatespeech,val_recall_offensive,val_recall_normal,learning_rate,amp_scale,early_stop_counter,val_cm_0_0,val_cm_0_1,val_cm_0_2,val_cm_1_0,val_cm_1_1,val_cm_1_2,val_cm_2_0,val_cm_2_1,val_cm_2_2
1,9.639,0.9957084394636608,0.09786002648891191,0.9957084394636608,0.0,0.0,0.5021216407355021,inf,inf,0.8839642763137817,0.6242017443469349,0.6268198000332851,0.6265879254736131,0.64375,0.7268170426065163,0.4404040404040404,0.705384150030248,0.7201986754966887,0.49321266968325794,0.6670480549199085,0.7335581787521079,0.3978102189781022,0.748395378690629,1.7777777777777777e-05,32768.0,0,435,88,70,109,218,221,60,136,583
2,9.55,0.8177268252486274,0.06734899367875574,0.8177268252486274,0.0,0.0,0.6833916474354202,3.245620650336856,7.665498733520508,0.837088386217753,0.662510257562882,0.6657921557308044,0.6642704076863032,0.6651041666666667,0.7558528428093646,0.5309882747068677,0.7006896551724138,0.7495854063018242,0.4907120743034056,0.7570789865871833,0.7622259696458684,0.5784671532846716,0.6521181001283697,1.3333333333333333e-05,32768.0,0,452,106,35,103,317,128,48,223,508
3,9.602,0.7322738204683577,0.06530457931715176,0.7322738204683577,0.0,0.0,0.7484552966574853,3.864370326768784,7.1486430168151855,0.8409207781155904,0.6606635405005923,0.6613751841919433,0.6645890289380634,0.6666666666666666,0.7534136546184739,0.5209059233449478,0.7076710435383552,0.7193251533742331,0.49833333333333335,0.7664670658682635,0.790893760539629,0.5456204379562044,0.6572528883183568,8.888888888888888e-06,32768.0,0,469,94,30,123,299,126,60,207,512
4,9.537,0.6700393253848667,0.07179715729419461,0.6700393253848667,0.0,0.0,0.7939402962852676,4.739674662408374,9.748852729797363,0.8757484535376231,0.6604935459748703,0.6614612369983613,0.6635362162258563,0.6661458333333333,0.752233956133225,0.5194805194805194,0.7097661623108665,0.725705329153605,0.4942339373970346,0.7644444444444445,0.7807757166947723,0.5474452554744526,0.6623876765083441,4.444444444444444e-06,32768.0,1,463,97,33,122,300,126,53,210,516
