epoch,train_loss,val_loss,val_macro_f1,val_macro_precision,val_macro_recall
1,0.9075277048917044,0.7576347385843595,0.6133419925730749,0.6394971964625489,0.6350199763018284
2,0.6935142639492239,0.7424552855392297,0.656760085056301,0.6554719633315792,0.6590692232801988
3,0.5974841177286137,0.7551658153533936,0.6537441222842589,0.6541241223474262,0.6581590997549528
4,0.5227299653703258,0.7834635439018408,0.6635158303382004,0.6615139205378507,0.6674798438685025
