epoch,epoch_seconds,train_loss,train_loss_std,train_cls_loss,train_attention_loss,train_target_loss,train_accuracy,train_grad_norm_mean,train_grad_norm_max,val_loss,val_macro_f1,val_macro_precision,val_macro_recall,val_accuracy,val_f1_hatespeech,val_f1_offensive,val_f1_normal,val_precision_hatespeech,val_precision_offensive,val_precision_normal,val_recall_hatespeech,val_recall_offensive,val_recall_normal,learning_rate,amp_scale,early_stop_counter,val_cm_0_0,val_cm_0_1,val_cm_0_2,val_cm_1_0,val_cm_1_1,val_cm_1_2,val_cm_2_0,val_cm_2_1,val_cm_2_2
1,10.245,1.0056583149092537,0.08676612732016649,1.0056583149092537,0.0,0.0,0.5033127372887665,inf,inf,0.880830192565918,0.6198217340264686,0.6269699212396981,0.6170448717542549,0.6359375,0.726457399103139,0.4215500945179584,0.7114577084583084,0.7758620689655172,0.4372549019607843,0.6677927927927928,0.6829679595278246,0.40693430656934304,0.7612323491655969,1.7777777777777777e-05,32768.0,0,405,133,55,85,223,240,32,154,593
2,9.555,0.8280598336742038,0.06428559493841131,0.8280598336742038,0.0,0.0,0.675649519839202,inf,inf,0.8470871806144714,0.6522626904029267,0.6639201394661977,0.6583798081827748,0.6520833333333333,0.7595141700404858,0.5266507557677009,0.6706231454005934,0.7305295950155763,0.46685472496473907,0.7943760984182777,0.790893760539629,0.6040145985401459,0.5802310654685494,1.3333333333333333e-05,16384.0,0,469,100,24,124,331,93,49,278,452
3,9.492,0.7450298286619641,0.06888605604202235,0.7450298286619641,0.0,0.0,0.7418298220799524,4.2063088076455255,7.568079948425293,0.858602499961853,0.665446793743497,0.6667894406180016,0.665722855199307,0.6802083333333333,0.7624683009298394,0.49423076923076925,0.7396413110698825,0.764406779661017,0.5223577235772358,0.7136038186157518,0.760539629005059,0.46897810218978103,0.7676508344030809,8.888888888888888e-06,16384.0,0,451,89,53,104,257,187,35,146,598
4,9.548,0.6751255180154528,0.06557618800915122,0.6751255180154528,0.0,0.0,0.7872403781731556,5.062987254914783,10.051532745361328,0.8731191595395406,0.6662585309474021,0.6652711079201833,0.6676770876649741,0.6755208333333333,0.7636363636363637,0.5090579710144928,0.7260812581913499,0.7487844408427877,0.5053956834532374,0.7416331994645248,0.7790893760539629,0.5127737226277372,0.711168164313222,4.444444444444444e-06,16384.0,1,462,92,39,113,281,154,42,183,554
