epoch,train_loss,val_loss,val_macro_f1,val_macro_precision,val_macro_recall,train_attention_loss,train_target_loss
1,1.7874827135176885,0.8526746034622192,0.6332531289810356,0.6555977412614683,0.6449077731223704,1.1725639774685814,0.0
2,1.5885693016506377,0.8510368824005127,0.6568989327707176,0.6550432669712565,0.6627391745791589,1.12482305424554,0.0
3,1.515028711160024,0.8458370467027029,0.663986400593143,0.6637182659345111,0.6642668616564363,1.118789089293707,0.0
4,1.4491736678850082,0.8674815038839976,0.6645181843688047,0.6652045889228431,0.6686623006440575,1.1148107165382022,0.0
5,1.4054236820765904,0.8887544592221578,0.6589571587519982,0.6601759243805393,0.6637750379796521,1.1128835800148191,0.0
