epoch,train_loss,val_loss,val_macro_f1,val_macro_precision,val_macro_recall,train_attention_loss,train_target_loss
1,0.9767403244972229,0.8876380701859792,0.6096570925408081,0.6210136117166974,0.6202593800890894,0.0,0.0
2,0.830110575187774,0.8555522481600444,0.6461850543146106,0.6453047379533036,0.6489006685903029,0.0,0.0
3,0.764122074842453,0.8732176065444947,0.6273151626262358,0.6280383739513605,0.6367677344959529,0.0,0.0
4,0.7143545417558579,0.8883632282416026,0.6492117138964512,0.6537592243740847,0.6543068946350146,0.0,0.0
