epoch,epoch_seconds,train_loss,train_loss_std,train_cls_loss,train_attention_loss,train_target_loss,train_accuracy,train_grad_norm_mean,train_grad_norm_max,val_loss,val_macro_f1,val_macro_precision,val_macro_recall,val_accuracy,val_f1_hatespeech,val_f1_offensive,val_f1_normal,val_precision_hatespeech,val_precision_offensive,val_precision_normal,val_recall_hatespeech,val_recall_offensive,val_recall_normal,learning_rate,amp_scale,early_stop_counter,val_cm_0_0,val_cm_0_1,val_cm_0_2,val_cm_1_0,val_cm_1_1,val_cm_1_2,val_cm_2_0,val_cm_2_1,val_cm_2_2
1,13.046,0.9885785460472107,0.09693615840803363,0.9885785460472107,0.0,0.0,0.49609171443460137,2.9639888435602186,9.138321876525879,0.8939520796140035,0.5941612775284022,0.6273673264309334,0.601747367380287,0.5880208333333333,0.7051826677994902,0.496090973702914,0.5812101910828026,0.7106164383561644,0.4062863795110594,0.7651991614255765,0.6998313659359191,0.6368613138686131,0.4685494223363286,1.7777777777777777e-05,65536.0,0,415,161,17,104,349,95,65,349,365
2,12.992,0.8371184848603748,0.060884294597022263,0.8371184848603748,0.0,0.0,0.6669396262934564,inf,inf,0.8586180289586385,0.6381683396795873,0.6364693265243714,0.6407452423274119,0.6494791666666667,0.7371847030105777,0.4817244611059044,0.6955958549222798,0.7122641509433962,0.4951830443159923,0.7019607843137254,0.7639123102866779,0.46897810218978103,0.6893453145057766,1.3333333333333333e-05,32768.0,0,453,90,50,113,257,178,70,172,537
3,11.356,0.7784002570878892,0.06372653154182475,0.7784002570878892,0.0,0.0,0.7140623836819773,6.80024136248089,13.800676345825195,0.8647330363591512,0.6257099448505022,0.6256611165193594,0.6350560488930653,0.6416666666666667,0.7294469357249627,0.46123650637880276,0.6864463924477411,0.6550335570469799,0.4989384288747346,0.7230113636363636,0.8229342327150084,0.42883211678832117,0.6534017971758665,8.888888888888888e-06,32768.0,0,488,71,34,152,235,161,105,165,509
4,10.677,0.7389052995613643,0.06371437556359644,0.7389052995613643,0.0,0.0,0.7437653539790069,7.646343696685064,16.449359893798828,0.8813049137592316,0.6489660908837006,0.6522006589920365,0.6559133857410475,0.6546875,0.7352941176470589,0.5234782608695652,0.6881258941344778,0.6795422031473534,0.5,0.777059773828756,0.8010118043844857,0.5492700729927007,0.6174582798459564,4.444444444444444e-06,32768.0,1,475,90,28,137,301,110,87,211,481
