epoch,train_loss,val_loss,val_macro_f1,val_macro_precision,val_macro_recall,train_attention_loss,train_target_loss
1,2.1444316182817733,0.8625010331471761,0.6414062501806178,0.6418481258311645,0.6486015972477267,1.1678879031113216,0.0
2,1.9278886267117092,0.8246580759684244,0.661805386240839,0.6679565205814377,0.6614936200668095,1.1221327795868827,0.0
3,1.8498488062903995,0.8402631183465322,0.6582617340508873,0.6565184175447528,0.6624162014415058,1.1146600612572262,0.0
4,1.7870397352036975,0.8566969712575276,0.6583541703426102,0.6627050982566357,0.6633721257676641,1.1073111278670176,0.0
