epoch,epoch_seconds,train_loss,train_loss_std,train_cls_loss,train_attention_loss,train_target_loss,train_accuracy,train_grad_norm_mean,train_grad_norm_max,val_loss,val_macro_f1,val_macro_precision,val_macro_recall,val_accuracy,val_f1_hatespeech,val_f1_offensive,val_f1_normal,val_precision_hatespeech,val_precision_offensive,val_precision_normal,val_recall_hatespeech,val_recall_offensive,val_recall_normal,learning_rate,amp_scale,early_stop_counter,val_cm_0_0,val_cm_0_1,val_cm_0_2,val_cm_1_0,val_cm_1_1,val_cm_1_2,val_cm_2_0,val_cm_2_1,val_cm_2_2
1,11.994,0.9756254426070622,0.09797504880094414,0.9756254426070622,0.0,0.0,0.522370282140996,inf,inf,0.8550905227661133,0.6512277001985978,0.6537895668867045,0.6508685834905582,0.6666666666666666,0.7506426735218509,0.47398843930635837,0.7290519877675841,0.7630662020905923,0.5020408163265306,0.6962616822429907,0.7386172006745363,0.4489051094890511,0.7650834403080873,1.7777777777777777e-05,16384.0,0,438,101,54,96,246,206,40,143,596
2,11.817,0.8130836353415535,0.0678260249968856,0.8130836353415535,0.0,0.0,0.6932926375344302,3.4507805165790377,8.264581680297852,0.8578718701998392,0.6322742843160357,0.6331508249770591,0.640890890270077,0.6421875,0.7465857359635811,0.4746376811594203,0.6755994358251057,0.6786206896551724,0.4712230215827338,0.7496087636932708,0.8296795952782462,0.4781021897810219,0.6148908857509627,1.3333333333333333e-05,16384.0,0,492,72,29,155,262,131,78,222,479
3,11.425,0.740396044084004,0.07152447389351502,0.740396044084004,0.0,0.0,0.7460731035509566,4.118103641555423,7.330925941467285,0.8616108934084574,0.6439801838479222,0.6433063957735156,0.6525281360022884,0.6583333333333333,0.7492447129909365,0.4798464491362764,0.7028493894165536,0.6785225718194254,0.5060728744939271,0.7453237410071942,0.836424957841484,0.4562043795620438,0.6649550706033376,8.888888888888888e-06,16384.0,1,496,58,39,160,250,138,75,186,518
