epoch,train_loss,val_loss,val_macro_f1,val_macro_precision,val_macro_recall,train_attention_loss,train_target_loss
1,0.9820927784556435,0.897030915816625,0.5921585518398368,0.6158010972692121,0.6132882303616034,0.0,0.0
2,0.8332132206076668,0.8728194157282512,0.6307261813786401,0.6340835313322589,0.6412026485780326,0.0,0.0
3,0.772809583516348,0.8552275061607361,0.6433612808897017,0.6420593720635052,0.6488541014361108,0.0,0.0
4,0.7206616466953641,0.8846891661485036,0.6407969168787503,0.6388652847087303,0.6449905419101043,0.0,0.0
5,0.6767780108111245,0.8993380665779114,0.6401051674489403,0.6388148721813427,0.6460849826164478,0.0,0.0
