epoch,epoch_seconds,train_loss,train_loss_std,train_cls_loss,train_attention_loss,train_target_loss,train_accuracy,train_grad_norm_mean,train_grad_norm_max,val_loss,val_macro_f1,val_macro_precision,val_macro_recall,val_accuracy,val_f1_hatespeech,val_f1_offensive,val_f1_normal,val_precision_hatespeech,val_precision_offensive,val_precision_normal,val_recall_hatespeech,val_recall_offensive,val_recall_normal,learning_rate,amp_scale,early_stop_counter,val_cm_0_0,val_cm_0_1,val_cm_0_2,val_cm_1_0,val_cm_1_1,val_cm_1_2,val_cm_2_0,val_cm_2_1,val_cm_2_2
1,10.457,2.1387654599689303,0.24698601724311775,0.9713122461523328,1.1674532197770617,0.0,0.5238591528325764,inf,inf,0.8656670530637105,0.6353090424125328,0.6420435381522674,0.6376968377740767,0.6598958333333333,0.7299145299145299,0.4389233954451346,0.7370892018779343,0.7400346620450606,0.507177033492823,0.6789189189189189,0.7200674536256324,0.38686131386861317,0.8061617458279846,1.7777777777777777e-05,32768.0,0,427,103,63,102,212,234,48,103,628
2,10.081,1.9336445235070727,0.23288874231147938,0.8085128000804356,1.1251317274002801,0.0,0.696493709521328,inf,inf,0.8402019460995992,0.6501634250964387,0.6526661446986955,0.6538916430818152,0.6546875,0.7560581583198708,0.5025553662691652,0.6918767507002801,0.7255813953488373,0.4712460063897764,0.7611710323574731,0.7892074198988196,0.5383211678832117,0.6341463414634146,1.3333333333333333e-05,16384.0,0,468,93,32,130,295,123,47,238,494
3,10.112,1.8514175698870705,0.2310652392544353,0.7388516462984539,1.1125659221694584,0.0,0.7462219906201146,4.361900275094168,8.36701774597168,0.8476753334204356,0.6556204503399653,0.653986655894118,0.6601172364087207,0.665625,0.7571428571428571,0.4990859232175503,0.7106325706594886,0.7151424287856072,0.5,0.7468175388967468,0.8043844856661045,0.4981751824817518,0.6777920410783055,8.888888888888888e-06,16384.0,0,477,80,36,132,273,143,58,193,528
4,10.435,1.787995007492247,0.2387673635789024,0.67899495107787,1.1090000575497037,0.0,0.791558103178739,4.839198439461844,9.5090913772583,0.8751572847366333,0.6555184482327981,0.6545622774791612,0.656715714171969,0.665625,0.7506213753106876,0.49635036496350365,0.719583604424203,0.737785016286645,0.49635036496350365,0.7295514511873351,0.7639123102866779,0.49635036496350365,0.7098844672657253,4.444444444444444e-06,16384.0,1,453,95,45,116,272,160,45,181,553
