epoch,train_loss,val_loss,val_macro_f1,val_macro_precision,val_macro_recall,train_attention_loss,train_target_loss
1,2.1434219519297284,0.8481795469919841,0.6522411414906454,0.6527568800205455,0.6580203542588388,1.16702854235967,0.0
2,1.9214181167738777,0.8530068020025889,0.6469861859738019,0.6454640262432507,0.6506241062602388,1.1177647942588442,0.0
3,1.8416934461820693,0.8358093082904816,0.6615467247342287,0.6621714935882711,0.660982325486334,1.110626041605359,0.0
4,1.7750809221040635,0.8638463973999023,0.6696779882616825,0.6706530063320694,0.672249225070674,1.1051963323638552,0.0
5,1.7291453951881046,0.8754816234111786,0.6719360087520839,0.671711570895488,0.6742545951582896,1.1027444938818614,0.0
