epoch,train_loss,val_loss,val_macro_f1,val_macro_precision,val_macro_recall,train_attention_loss,train_target_loss
1,2.206864146391551,0.846359129746755,0.6458302772708661,0.6454273796789821,0.6513335294987049,1.1670258116154444,0.6492247351578304
2,1.9729208594276793,0.8540110468864441,0.6427282854493336,0.6410235933704757,0.6478426480993646,1.1177047896952856,0.5409899478866941
3,1.8834460116568066,0.8408587833245595,0.6669344107067032,0.6675366748981396,0.6664315226185589,1.1104695226464953,0.4498603817962465
4,1.8134544696126664,0.8660013655821482,0.6634354898034273,0.6648423669578271,0.6658769883318948,1.1051556751841591,0.4028156666528611
5,1.7645393093427022,0.8856619457403819,0.66260123743637,0.6646738652930603,0.6656293732667544,1.1024727892308008,0.3821984326555615
