epoch,epoch_seconds,train_loss,train_loss_std,train_cls_loss,train_attention_loss,train_target_loss,train_accuracy,train_grad_norm_mean,train_grad_norm_max,val_loss,val_macro_f1,val_macro_precision,val_macro_recall,val_accuracy,val_f1_hatespeech,val_f1_offensive,val_f1_normal,val_precision_hatespeech,val_precision_offensive,val_precision_normal,val_recall_hatespeech,val_recall_offensive,val_recall_normal,learning_rate,amp_scale,early_stop_counter,val_cm_0_0,val_cm_0_1,val_cm_0_2,val_cm_1_0,val_cm_1_1,val_cm_1_2,val_cm_2_0,val_cm_2_1,val_cm_2_2
1,10.569,2.1352309891155787,0.24895548318913577,0.9694416960080464,1.1657892911207108,0.0,0.5330157075857962,inf,inf,0.8654407640298207,0.6333458173860713,0.646373260452989,0.6330072666039352,0.6572916666666667,0.7305282005371531,0.43621399176954734,0.7332952598515134,0.7786259541984732,0.5,0.6604938271604939,0.688026981450253,0.38686131386861317,0.8241335044929397,1.7777777777777777e-05,32768.0,0,408,111,74,80,212,256,36,101,642
2,10.475,1.9237811735698156,0.2338362827261576,0.8010295635177975,1.1227515984149206,0.0,0.7025236358222289,3.4570079020091464,6.911752700805664,0.8394439816474915,0.656158861473603,0.664428854093238,0.660968284893512,0.6567708333333333,0.7644661776691116,0.5242718446601942,0.6797385620915033,0.7397476340694006,0.47093023255813954,0.782608695652174,0.790893760539629,0.5912408759124088,0.6007702182284981,1.3333333333333333e-05,32768.0,0,469,98,26,120,324,104,45,266,468
3,10.685,1.846112120719183,0.22859643677758565,0.7354392613683428,1.1106728573640188,0.0,0.7483064095883273,4.0942296130316596,8.00147533416748,0.8430924932161967,0.6578451685237741,0.6563833885754675,0.663217136742238,0.6677083333333333,0.7647521636506688,0.4995442114858706,0.7092391304347826,0.7168141592920354,0.4990892531876138,0.7532467532467533,0.8195615514333895,0.5,0.6700898587933247,8.888888888888888e-06,32768.0,0,486,76,31,134,274,140,58,199,522
4,11.245,1.7812664855094182,0.23774459215622104,0.6744403648944128,1.1068261191958473,0.0,0.7896970148142634,4.497427470343453,7.692862510681152,0.8686383048693339,0.6662262013622137,0.66832949369615,0.6673748389848306,0.6703125,0.7598326359832636,0.5264054514480409,0.7124405166553365,0.7541528239202658,0.4936102236421725,0.7572254335260116,0.7655986509274874,0.5638686131386861,0.6726572528883183,4.444444444444444e-06,32768.0,1,454,105,34,105,309,134,43,212,524
