epoch,epoch_seconds,train_loss,train_loss_std,train_cls_loss,train_attention_loss,train_target_loss,train_accuracy,train_grad_norm_mean,train_grad_norm_max,val_loss,val_macro_f1,val_macro_precision,val_macro_recall,val_accuracy,val_f1_hatespeech,val_f1_offensive,val_f1_normal,val_precision_hatespeech,val_precision_offensive,val_precision_normal,val_recall_hatespeech,val_recall_offensive,val_recall_normal,learning_rate,amp_scale,early_stop_counter,val_cm_0_0,val_cm_0_1,val_cm_0_2,val_cm_1_0,val_cm_1_1,val_cm_1_2,val_cm_2_0,val_cm_2_1,val_cm_2_2
1,10.444,2.244134609472184,0.29589109921885226,0.9941170493761698,1.2500175518648966,0.0,0.49058289287575374,inf,inf,0.8675010104974111,0.634150056290656,0.632266188860269,0.6373892022360851,0.6458333333333334,0.7294685990338164,0.47619047619047616,0.6967910936476752,0.6979969183359014,0.4875717017208413,0.7112299465240641,0.7639123102866779,0.4653284671532847,0.6829268292682927,1.7777777777777777e-05,32768.0,0,453,95,45,122,255,171,74,173,532
2,10.853,2.0378010159447077,0.20069877819377574,0.8366201383726938,1.2011808781396776,0.0,0.668875158192511,5.799169946852184,10.593902587890625,0.8724064509073893,0.6425564016940033,0.658409135483862,0.6440588591026418,0.6385416666666667,0.7385964912280701,0.5320121951219512,0.6570605187319885,0.7696526508226691,0.4568062827225131,0.7487684729064039,0.7099494097807757,0.6368613138686131,0.5853658536585366,1.3333333333333333e-05,32768.0,0,421,142,30,76,349,123,50,273,456
3,10.913,1.9753533709616888,0.2337671450692723,0.7858938532216209,1.1894595228490374,0.0,0.7029702970297029,6.974508796419416,13.211976051330566,0.8799435436725617,0.6217828829165296,0.627889557860799,0.6323160001444642,0.6291666666666667,0.7287630402384501,0.48463564530289727,0.6519499632082414,0.6528704939919893,0.467005076142132,0.7637931034482759,0.8246205733558178,0.5036496350364964,0.5686777920410783,8.888888888888888e-06,32768.0,1,489,81,23,158,276,114,102,234,443
