epoch,train_loss,val_loss,val_macro_f1,val_macro_precision,val_macro_recall
1,0.9269165209361485,0.7913693328698476,0.615604991269187,0.6440900721143491,0.6268742492799321
2,0.7024240300768898,0.7571571032206218,0.6500762865255271,0.6483226202436819,0.6546642246279535
3,0.5982647531089329,0.7538104772567749,0.6496615293429239,0.6482558595786614,0.6528521941487089
4,0.5124372265168599,0.8057578305403391,0.6566286002329179,0.6549189919765354,0.6614011125353344
5,0.4510134476990927,0.8270074059565862,0.6498702358336806,0.6483249308830704,0.6553853604307215
