epoch,train_loss,val_loss,val_macro_f1,val_macro_precision,val_macro_recall
1,0.968927074046362,0.8538406491279602,0.6284530828925147,0.6328563857975623,0.6392018094554269
2,0.7980630238850911,0.8446027735869089,0.6648685456346733,0.6644820369752943,0.6657264907687322
3,0.7219339668750763,0.8419709225495656,0.6668682344781803,0.6655726383091046,0.6687132591868891
4,0.6600036623932066,0.8766136964162191,0.6621700152536446,0.662148407182845,0.6693374065299841
5,0.6120234682446435,0.8991197526454926,0.658130081300813,0.6598404541974512,0.6638839970882368
