{
  "display_name": "BERT+MLP",
  "model_name": "bert-base-uncased",
  "seed": 42,
  "best_epoch": 4,
  "best_val_macro_f1": 0.6566286002329179,
  "elapsed_seconds": 356.63103890419006,
  "class_weight": {
    "counts": {
      "hatespeech": 4151,
      "offensive": 3830,
      "normal": 5452
    },
    "ratios": {
      "hatespeech": 0.3090151120375195,
      "offensive": 0.28511873743765354,
      "normal": 0.40586615052482694
    },
    "minority_ratio": 0.28511873743765354,
    "use_class_weight": false,
    "threshold": 0.1
  },
  "hyperparams": {
    "split_train": 0.7,
    "split_val": 0.1,
    "split_test": 0.2,
    "max_len": 128,
    "batch_size": 64,
    "epochs": 5,
    "learning_rate": 2e-05,
    "warmup_ratio": 0.1,
    "weight_decay": 0.01,
    "dropout": 0.1,
    "mlp_hidden": 256,
    "early_stopping_patience": 2,
    "early_stopping_min_delta": 0.0001,
    "imbalance_threshold": 0.1,
    "seeds": [
      42,
      52,
      62
    ],
    "tune_learning_rates": [
      1e-05,
      2e-05,
      3e-05
    ],
    "tune_batch_sizes": [
      64
    ],
    "tune_dropouts": [
      0.1,
      0.2,
      0.3
    ],
    "tune_epochs": [
      5
    ],
    "tuning_seed": 42,
    "tuning_max_epochs": 5,
    "xai_sample_size": 24,
    "lime_num_features": 5,
    "lime_num_samples": 500,
    "shap_max_evals": 300,
    "shap_batch_size": 32
  },
  "metrics": {
    "accuracy": 0.6910653816097942,
    "macro_f1": 0.6785185687044181,
    "macro_precision": 0.6774006128805744,
    "macro_recall": 0.6832424587876726,
    "auroc": 0.8528473768425266,
    "per_class_precision": {
      "hatespeech": 0.7225092250922509,
      "offensive": 0.5661538461538461,
      "normal": 0.7435387673956262
    },
    "per_class_recall": {
      "hatespeech": 0.8254637436762225,
      "offensive": 0.5041095890410959,
      "normal": 0.7201540436456996
    },
    "per_class_f1": {
      "hatespeech": 0.7705627705627706,
      "offensive": 0.5333333333333333,
      "normal": 0.7316596022171503
    },
    "confusion_matrix": [
      [
        979,
        120,
        87
      ],
      [
        243,
        552,
        300
      ],
      [
        133,
        303,
        1122
      ]
    ],
    "loss": 0.762886255979538
  },
  "prediction_artifact": "/Users/winterflw/HateSpeachStudy/outputs/runs/bert_mlp/seed_42/predictions.pkl"
}