{
  "display_name": "BERT+MLP",
  "model_name": "bert-base-uncased",
  "seed": 42,
  "best_epoch": 3,
  "best_val_macro_f1": 0.6668682344781803,
  "elapsed_seconds": 355.1792080402374,
  "class_weight": {
    "counts": {
      "hatespeech": 4151,
      "offensive": 3830,
      "normal": 5452
    },
    "ratios": {
      "hatespeech": 0.3090151120375195,
      "offensive": 0.28511873743765354,
      "normal": 0.40586615052482694
    },
    "minority_ratio": 0.28511873743765354,
    "use_class_weight": true,
    "threshold": 0.4,
    "weights": {
      "hatespeech": 1.0786958965711073,
      "offensive": 1.1691035683202784,
      "normal": 0.8212888236732697
    }
  },
  "hyperparams": {
    "split_train": 0.7,
    "split_val": 0.1,
    "split_test": 0.2,
    "max_len": 128,
    "batch_size": 64,
    "epochs": 5,
    "learning_rate": 2e-05,
    "warmup_ratio": 0.1,
    "weight_decay": 0.01,
    "dropout": 0.1,
    "mlp_hidden": 256,
    "early_stopping_patience": 2,
    "early_stopping_min_delta": 0.0001,
    "imbalance_threshold": 0.4,
    "seeds": [
      42,
      52,
      62
    ],
    "tune_learning_rates": [
      1e-05,
      2e-05,
      3e-05
    ],
    "tune_batch_sizes": [
      64
    ],
    "tune_dropouts": [
      0.1,
      0.2,
      0.3
    ],
    "tune_epochs": [
      5
    ],
    "tuning_seed": 42,
    "tuning_max_epochs": 5,
    "xai_sample_size": 50,
    "lime_num_features": 5,
    "lime_num_samples": 500,
    "shap_max_evals": 300,
    "shap_batch_size": 32
  },
  "metrics": {
    "accuracy": 0.6999218546496484,
    "macro_f1": 0.6905981789572749,
    "macro_precision": 0.6894506638645819,
    "macro_recall": 0.6923089617319854,
    "auroc": 0.8544264243138295,
    "per_class_precision": {
      "hatespeech": 0.7509976057462091,
      "offensive": 0.5698005698005698,
      "normal": 0.7475538160469667
    },
    "per_class_recall": {
      "hatespeech": 0.7934232715008431,
      "offensive": 0.547945205479452,
      "normal": 0.7355584082156611
    },
    "per_class_f1": {
      "hatespeech": 0.7716277162771628,
      "offensive": 0.5586592178770949,
      "normal": 0.7415076027175671
    },
    "confusion_matrix": [
      [
        941,
        158,
        87
      ],
      [
        195,
        600,
        300
      ],
      [
        117,
        295,
        1146
      ]
    ],
    "loss": 0.8126980612675349
  },
  "prediction_artifact": "/Users/winterflw/HateSpeachStudy/outputs/runs/bert_mlp/seed_42/predictions.pkl"
}