epoch,epoch_seconds,train_loss,train_loss_std,train_cls_loss,train_attention_loss,train_target_loss,train_accuracy,train_grad_norm_mean,train_grad_norm_max,val_loss,val_macro_f1,val_macro_precision,val_macro_recall,val_accuracy,val_f1_hatespeech,val_f1_offensive,val_f1_normal,val_precision_hatespeech,val_precision_offensive,val_precision_normal,val_recall_hatespeech,val_recall_offensive,val_recall_normal,learning_rate,amp_scale,early_stop_counter,val_cm_0_0,val_cm_0_1,val_cm_0_2,val_cm_1_0,val_cm_1_1,val_cm_1_2,val_cm_2_0,val_cm_2_1,val_cm_2_2
1,10.572,1.00181443577721,0.08653164019597381,1.00181443577721,0.0,0.0,0.48656294200848654,inf,inf,0.8775178670883179,0.6153117071120109,0.618903471142518,0.6193264687462144,0.6395833333333333,0.7401177460050462,0.3995859213250518,0.7062314540059347,0.738255033557047,0.46172248803827753,0.6567328918322296,0.7419898819561551,0.3521897810218978,0.7637997432605905,1.7777777777777777e-05,32768.0,0,440,94,59,103,193,252,53,131,595
2,10.708,0.8355456255731128,0.06608051328795607,0.8355456255731128,0.0,0.0,0.66894960172709,3.7298756196385336,8.928284645080566,0.8377434114615122,0.6481586868405982,0.6482938452594321,0.6550869659018667,0.6567708333333333,0.7527047913446677,0.5,0.691771269177127,0.6947218259629101,0.4929078014184397,0.7572519083969466,0.821247892074199,0.5072992700729927,0.6367137355584083,1.3333333333333333e-05,32768.0,0,487,76,30,141,278,129,73,210,496
3,10.421,0.7538071430864788,0.0694472285823587,0.7538071430864788,0.0,0.0,0.733864363879997,4.074144694918678,8.225449562072754,0.8424079795678456,0.6613678243081278,0.6595979049221262,0.6671771869933131,0.671875,0.7668231611893583,0.5064695009242144,0.7108108108108108,0.7153284671532847,0.5131086142322098,0.7503566333808844,0.8263069139966274,0.5,0.675224646983312,8.888888888888888e-06,32768.0,0,490,72,31,130,274,144,65,188,526
4,10.417,0.6934322280543191,0.06955039815521367,0.6934322280543191,0.0,0.0,0.7789027023003052,4.498695731163025,7.911983966827393,0.8573648194471996,0.6602961451530978,0.6583746562376721,0.6633644964705797,0.671875,0.7621359223300971,0.49906542056074765,0.7196870925684485,0.7325038880248833,0.5114942528735632,0.7311258278145696,0.7942664418212478,0.48722627737226276,0.7086007702182285,4.444444444444444e-06,32768.0,1,471,82,40,118,267,163,54,173,552
